File Name,File Path,Detected Type
Microsoft.CodeAnalysis.CodeStyle.Fixes.resources.dll,C:\Program Files\dotnet\sdk\8.0.417\Sdks\Microsoft.NET.Sdk\codestyle\cs\ru\Microsoft.CodeAnalysis.CodeStyle.Fixes.resources.dll,File025
Microsoft.NET.Sdk.StaticWebAssets.Tool.dll,C:\Program Files\dotnet\sdk\8.0.417\Sdks\Microsoft.NET.Sdk.StaticWebAssets\tools\net8.0\Microsoft.NET.Sdk.StaticWebAssets.Tool.dll,File173
Microsoft.DotNet.Cli.Utils.resources.dll,C:\Program Files\dotnet\sdk\8.0.417\Containers\containerize\ru\Microsoft.DotNet.Cli.Utils.resources.dll,File173
System.ObjectModel.dll,C:\Program Files\dotnet\packs\Microsoft.NETCore.App.Ref\8.0.23\ref\net8.0\System.ObjectModel.dll,File025
System.Core.dll,C:\Program Files\dotnet\packs\Microsoft.NETCore.App.Ref\8.0.23\ref\net8.0\System.Core.dll,File025
Microsoft.DotNet.Cli.Utils.resources.dll,C:\Program Files\dotnet\sdk\8.0.417\Containers\tasks\net472\ru\Microsoft.DotNet.Cli.Utils.resources.dll,File173
Microsoft.DotNet.Cli.Utils.resources.dll,C:\Program Files\dotnet\sdk\8.0.417\Containers\tasks\net8.0\ru\Microsoft.DotNet.Cli.Utils.resources.dll,File173
System.IO.Pipes.AccessControl.dll,C:\Program Files\dotnet\packs\Microsoft.NETCore.App.Ref\8.0.23\ref\net8.0\System.IO.Pipes.AccessControl.dll,File173
Microsoft.NET.Sdk.WorkloadManifestReader.resources.dll,C:\Program Files\dotnet\sdk\8.0.417\cs\Microsoft.NET.Sdk.WorkloadManifestReader.resources.dll,File173
Microsoft.DotNet.TemplateLocator.resources.dll,C:\Program Files\dotnet\sdk\8.0.417\cs\Microsoft.DotNet.TemplateLocator.resources.dll,File173
tipresx.dll.mui,C:\Program Files\Common Files\microsoft shared\ink\it-IT\tipresx.dll.mui,File001
tipresx.dll.mui,C:\Program Files\Common Files\microsoft shared\ink\pt-PT\tipresx.dll.mui,File001
tipresx.dll.mui,C:\Program Files\Common Files\microsoft shared\ink\km-KH\tipresx.dll.mui,File001
Microsoft.DotNet.TemplateLocator.resources.dll,C:\Program Files\dotnet\sdk\8.0.417\zh-Hant\Microsoft.DotNet.TemplateLocator.resources.dll,File173
Microsoft.NET.Sdk.WorkloadManifestReader.resources.dll,C:\Program Files\dotnet\sdk\8.0.417\zh-Hant\Microsoft.NET.Sdk.WorkloadManifestReader.resources.dll,File173
Microsoft.CodeAnalysis.CodeStyle.Fixes.resources.dll,C:\Program Files\dotnet\sdk\8.0.417\Sdks\Microsoft.NET.Sdk\codestyle\vb\ru\Microsoft.CodeAnalysis.CodeStyle.Fixes.resources.dll,File025
Microsoft.AspNetCore.Hosting.Abstractions.dll,C:\Program Files\dotnet\packs\Microsoft.AspNetCore.App.Ref\8.0.23\ref\net8.0\Microsoft.AspNetCore.Hosting.Abstractions.dll,File025
Microsoft.Extensions.Configuration.KeyPerFile.dll,C:\Program Files\dotnet\packs\Microsoft.AspNetCore.App.Ref\8.0.23\ref\net8.0\Microsoft.Extensions.Configuration.KeyPerFile.dll,File173
tipresx.dll.mui,C:\Program Files\Common Files\microsoft shared\ink\fr-FR\tipresx.dll.mui,File042
Microsoft.Extensions.Configuration.Abstractions.dll,C:\Program Files\dotnet\packs\Microsoft.AspNetCore.App.Ref\8.0.23\ref\net8.0\Microsoft.Extensions.Configuration.Abstractions.dll,File173
tipresx.dll.mui,C:\Program Files\Common Files\microsoft shared\ink\et-EE\tipresx.dll.mui,File001
Microsoft.Extensions.FileProviders.Physical.dll,C:\Program Files\dotnet\packs\Microsoft.AspNetCore.App.Ref\8.0.23\ref\net8.0\Microsoft.Extensions.FileProviders.Physical.dll,File173
tipresx.dll.mui,C:\Program Files\Common Files\microsoft shared\ink\el-GR\tipresx.dll.mui,File001
tipresx.dll.mui,C:\Program Files\Common Files\microsoft shared\ink\bg-BG\tipresx.dll.mui,File001
Microsoft.AspNetCore.Mvc.Localization.dll,C:\Program Files\dotnet\packs\Microsoft.AspNetCore.App.Ref\8.0.23\ref\net8.0\Microsoft.AspNetCore.Mvc.Localization.dll,File025
TipTsf.dll.mui,C:\Program Files\Common Files\microsoft shared\ink\en-US\TipTsf.dll.mui,File027
tipresx.dll.mui,C:\Program Files\Common Files\microsoft shared\ink\de-DE\tipresx.dll.mui,File001
tipresx.dll.mui,C:\Program Files\Common Files\microsoft shared\ink\pt-BR\tipresx.dll.mui,File001
tipresx.dll.mui,C:\Program Files\Common Files\microsoft shared\ink\es-ES\tipresx.dll.mui,File001
Microsoft.Extensions.FileProviders.Embedded.dll,C:\Program Files\dotnet\packs\Microsoft.AspNetCore.App.Ref\8.0.23\ref\net8.0\Microsoft.Extensions.FileProviders.Embedded.dll,File025
tipresx.dll.mui,C:\Program Files\Common Files\microsoft shared\ink\ro-RO\tipresx.dll.mui,File001
rtscom.dll.mui,C:\Program Files\Common Files\microsoft shared\ink\en-US\rtscom.dll.mui,File024
tipresx.dll.mui,C:\Program Files\Common Files\microsoft shared\ink\sk-SK\tipresx.dll.mui,File001
tipresx.dll.mui,C:\Program Files\Common Files\microsoft shared\ink\es-MX\tipresx.dll.mui,File001
TabTip.exe.mui,C:\Program Files\Common Files\microsoft shared\ink\en-US\TabTip.exe.mui,File005
tipresx.dll.mui,C:\Program Files\Common Files\microsoft shared\ink\ar-SA\tipresx.dll.mui,File001
tipresx.dll.mui,C:\Program Files\Common Files\microsoft shared\ink\fr-CA\tipresx.dll.mui,File042
Microsoft.DotNet.Cli.Utils.resources.dll,C:\Program Files\dotnet\sdk\8.0.417\ru\Microsoft.DotNet.Cli.Utils.resources.dll,File173
System.Runtime.Serialization.Formatters.dll,C:\Program Files\dotnet\packs\Microsoft.NETCore.App.Ref\8.0.23\ref\net8.0\System.Runtime.Serialization.Formatters.dll,File025
Microsoft.VisualBasic.dll,C:\Program Files\dotnet\packs\Microsoft.WindowsDesktop.App.Ref\8.0.23\ref\net8.0\Microsoft.VisualBasic.dll,File173
System.Net.Http.Json.dll,C:\Program Files\dotnet\packs\Microsoft.NETCore.App.Ref\8.0.23\ref\net8.0\System.Net.Http.Json.dll,File025
Microsoft.Extensions.Http.dll,C:\Program Files\dotnet\packs\Microsoft.AspNetCore.App.Ref\8.0.23\ref\net8.0\Microsoft.Extensions.Http.dll,File025
tipresx.dll.mui,C:\Program Files\Common Files\microsoft shared\ink\ta-IN\tipresx.dll.mui,File001
System.Threading.Channels.dll,C:\Program Files\dotnet\packs\Microsoft.NETCore.App.Ref\8.0.23\ref\net8.0\System.Threading.Channels.dll,File173
System.Threading.Overlapped.dll,C:\Program Files\dotnet\packs\Microsoft.NETCore.App.Ref\8.0.23\ref\net8.0\System.Threading.Overlapped.dll,File173
System.Xml.dll,C:\Program Files\dotnet\packs\Microsoft.NETCore.App.Ref\8.0.23\ref\net8.0\System.Xml.dll,File025
Microsoft.DotNet.TemplateLocator.resources.dll,C:\Program Files\dotnet\sdk\8.0.417\tr\Microsoft.DotNet.TemplateLocator.resources.dll,File173
Microsoft.NET.Sdk.WorkloadManifestReader.resources.dll,C:\Program Files\dotnet\sdk\8.0.417\tr\Microsoft.NET.Sdk.WorkloadManifestReader.resources.dll,File173
Microsoft.NET.Sdk.WorkloadManifestReader.resources.dll,C:\Program Files\dotnet\sdk\8.0.417\zh-Hans\Microsoft.NET.Sdk.WorkloadManifestReader.resources.dll,File173
Microsoft.DotNet.TemplateLocator.resources.dll,C:\Program Files\dotnet\sdk\8.0.417\zh-Hans\Microsoft.DotNet.TemplateLocator.resources.dll,File173
System.Core.dll,C:\Program Files\dotnet\shared\Microsoft.NETCore.App\8.0.23\System.Core.dll,File025
System.Xml.dll,C:\Program Files\dotnet\shared\Microsoft.NETCore.App\8.0.23\System.Xml.dll,File025
UIAutomationTypes.resources.dll,C:\Program Files\dotnet\shared\Microsoft.WindowsDesktop.App\8.0.23\ru\UIAutomationTypes.resources.dll,File173
Microsoft.VisualBasic.dll,C:\Program Files\dotnet\shared\Microsoft.WindowsDesktop.App\9.0.12\Microsoft.VisualBasic.dll,File173
System.Core.dll,C:\Program Files\dotnet\shared\Microsoft.NETCore.App\9.0.12\System.Core.dll,File025
System.Windows.Controls.Ribbon.resources.dll,C:\Program Files\dotnet\shared\Microsoft.WindowsDesktop.App\8.0.23\ja\System.Windows.Controls.Ribbon.resources.dll,File173
System.Xml.dll,C:\Program Files\dotnet\shared\Microsoft.NETCore.App\9.0.12\System.Xml.dll,File025
Microsoft.VisualBasic.dll,C:\Program Files\dotnet\shared\Microsoft.WindowsDesktop.App\8.0.23\Microsoft.VisualBasic.dll,File173
System.Windows.Controls.Ribbon.resources.dll,C:\Program Files\dotnet\shared\Microsoft.WindowsDesktop.App\9.0.12\ja\System.Windows.Controls.Ribbon.resources.dll,File173
System.Windows.Forms.Design.resources.dll,C:\Program Files\dotnet\shared\Microsoft.WindowsDesktop.App\9.0.12\ja\System.Windows.Forms.Design.resources.dll,File095
UIAutomationTypes.resources.dll,C:\Program Files\dotnet\shared\Microsoft.WindowsDesktop.App\9.0.12\ru\UIAutomationTypes.resources.dll,File173
clear.exe,C:\Program Files\Git\usr\bin\clear.exe,File001
fnmatch.dll,C:\Program Files\Git\usr\lib\gawk\fnmatch.dll,File001
ieinstal.exe.mui,C:\Program Files\Internet Explorer\en-US\ieinstal.exe.mui,File005
readfile.dll,C:\Program Files\Git\usr\lib\gawk\readfile.dll,File001
msys-pcre2-posix-3.dll,C:\Program Files\Git\usr\bin\msys-pcre2-posix-3.dll,File042
api-ms-win-core-file-l2-1-0.dll,C:\Program Files\Mozilla Thunderbird\updated\api-ms-win-core-file-l2-1-0.dll,File071
dbg64.dll,C:\Program Files\IDA Freeware 8.4\plugins\dbg64.dll,File213
hmmapi.dll.mui,C:\Program Files\Internet Explorer\en-US\hmmapi.dll.mui,File005
api-ms-win-core-file-l2-1-0.dll,C:\Program Files\Mozilla Thunderbird\api-ms-win-core-file-l2-1-0.dll,File071
System.Core.dll,C:\Program Files\WindowsApps\Microsoft.Copilot_1.25121.84.0_x64__8wekyb3d8bbwe\System.Core.dll,File025
ImagingDevices.exe.mui,C:\Program Files\Windows Photo Viewer\en-US\ImagingDevices.exe.mui,File024
shellext.dll.mui,C:\Program Files\Windows Defender\en-US\shellext.dll.mui,File024
wmpnssui.dll.mui,C:\Program Files\Windows Media Player\en-US\wmpnssui.dll.mui,File024
wmpnscfg.exe.mui,C:\Program Files\Windows Media Player\en-US\wmpnscfg.exe.mui,File024
wmlaunch.exe.mui,C:\Program Files\Windows Media Player\en-US\wmlaunch.exe.mui,File005
mpvis.dll.mui,C:\Program Files\Windows Media Player\en-US\mpvis.dll.mui,File024
WMPMediaSharing.dll.mui,C:\Program Files\Windows Media Player\en-US\WMPMediaSharing.dll.mui,File024
EppManifest.dll.mui,C:\Program Files\Windows Defender\en-US\EppManifest.dll.mui,File005
wmplayer.exe.mui,C:\Program Files\Windows Media Player\en-US\wmplayer.exe.mui,File024
AddHostObjectBridgeComponent.winmd,C:\Program Files\WindowsApps\Microsoft.BingWeather_4.54.63029.0_x64__8wekyb3d8bbwe\AddHostObjectBridgeComponent.winmd,File027
System.Xml.dll,C:\Program Files\WindowsApps\Microsoft.Copilot_1.25121.84.0_x64__8wekyb3d8bbwe\System.Xml.dll,File025
News.BackgroundTasks.winmd,C:\Program Files\WindowsApps\Microsoft.BingNews_4.55.62231.0_x64__8wekyb3d8bbwe\News.BackgroundTasks.winmd,File024
Solitaire.winmd,C:\Program Files\WindowsApps\Microsoft.MicrosoftSolitaireCollection_4.25.1130.0_x64__8wekyb3d8bbwe\Solitaire.winmd,File027
Microsoft.Applications.Telemetry.Windows.native.winmd,C:\Program Files\WindowsApps\Microsoft.MicrosoftSolitaireCollection_4.25.1130.0_x64__8wekyb3d8bbwe\Microsoft.Applications.Telemetry.Windows.native.winmd,File027
McgBridge.Uwp.winmd,C:\Program Files\WindowsApps\Microsoft.MicrosoftSolitaireCollection_4.25.1130.0_x64__8wekyb3d8bbwe\McgBridge.Uwp.winmd,File001
Microsoft.UI.Xaml.Phone.dll.mui,C:\Program Files\WindowsApps\Microsoft.WindowsAppRuntime.1.6_6000.519.329.0_x64__8wekyb3d8bbwe\tt-RU\Microsoft.UI.Xaml.Phone.dll.mui,File160
Microsoft.UI.Xaml.Phone.dll.mui,C:\Program Files\WindowsApps\Microsoft.WindowsAppRuntime.1.6_6000.519.329.0_x64__8wekyb3d8bbwe\mr-IN\Microsoft.UI.Xaml.Phone.dll.mui,File160
Microsoft.UI.Xaml.Phone.dll.mui,C:\Program Files\WindowsApps\Microsoft.WindowsAppRuntime.1.6_6000.519.329.0_x64__8wekyb3d8bbwe\tr-TR\Microsoft.UI.Xaml.Phone.dll.mui,File160
Microsoft.UI.Xaml.Phone.dll.mui,C:\Program Files\WindowsApps\Microsoft.WindowsAppRuntime.1.6_6000.519.329.0_x64__8wekyb3d8bbwe\te-IN\Microsoft.UI.Xaml.Phone.dll.mui,File160
Microsoft.UI.Xaml.Phone.dll.mui,C:\Program Files\WindowsApps\Microsoft.WindowsAppRuntime.1.6_6000.519.329.0_x64__8wekyb3d8bbwe\uk-UA\Microsoft.UI.Xaml.Phone.dll.mui,File160
Microsoft.UI.Xaml.Phone.dll.mui,C:\Program Files\WindowsApps\Microsoft.WindowsAppRuntime.1.6_6000.519.329.0_x64__8wekyb3d8bbwe\uz-Latn-UZ\Microsoft.UI.Xaml.Phone.dll.mui,File160
Microsoft.UI.Xaml.Phone.dll.mui,C:\Program Files\WindowsApps\Microsoft.WindowsAppRuntime.1.6_6000.519.329.0_x64__8wekyb3d8bbwe\mt-MT\Microsoft.UI.Xaml.Phone.dll.mui,File160
Microsoft.ui.xaml.dll.mui,C:\Program Files\WindowsApps\Microsoft.WindowsAppRuntime.1.6_6000.519.329.0_x64__8wekyb3d8bbwe\zh-CN\Microsoft.ui.xaml.dll.mui,File042
Microsoft.UI.Xaml.Phone.dll.mui,C:\Program Files\WindowsApps\Microsoft.WindowsAppRuntime.1.6_6000.519.329.0_x64__8wekyb3d8bbwe\sv-SE\Microsoft.UI.Xaml.Phone.dll.mui,File160
Microsoft.UI.Xaml.Phone.dll.mui,C:\Program Files\WindowsApps\Microsoft.WindowsAppRuntime.1.6_6000.519.329.0_x86__8wekyb3d8bbwe\bn-IN\Microsoft.UI.Xaml.Phone.dll.mui,File160
Microsoft.UI.Xaml.Phone.dll.mui,C:\Program Files\WindowsApps\Microsoft.WindowsAppRuntime.1.6_6000.519.329.0_x64__8wekyb3d8bbwe\sr-Latn-RS\Microsoft.UI.Xaml.Phone.dll.mui,File160
Microsoft.UI.Xaml.Phone.dll.mui,C:\Program Files\WindowsApps\Microsoft.WindowsAppRuntime.1.6_6000.519.329.0_x64__8wekyb3d8bbwe\ta-IN\Microsoft.UI.Xaml.Phone.dll.mui,File160
Microsoft.UI.Xaml.Phone.dll.mui,C:\Program Files\WindowsApps\Microsoft.WindowsAppRuntime.1.6_6000.519.329.0_x64__8wekyb3d8bbwe\sr-Cyrl-RS\Microsoft.UI.Xaml.Phone.dll.mui,File160
Microsoft.UI.Xaml.Phone.dll.mui,C:\Program Files\WindowsApps\Microsoft.WindowsAppRuntime.1.6_6000.519.329.0_x64__8wekyb3d8bbwe\sr-Cyrl-BA\Microsoft.UI.Xaml.Phone.dll.mui,File160
Microsoft.UI.Xaml.Phone.dll.mui,C:\Program Files\WindowsApps\Microsoft.WindowsAppRuntime.1.6_6000.519.329.0_x86__8wekyb3d8bbwe\bg-BG\Microsoft.UI.Xaml.Phone.dll.mui,File160
Microsoft.UI.Xaml.Phone.dll.mui,C:\Program Files\WindowsApps\Microsoft.WindowsAppRuntime.1.6_6000.519.329.0_x86__8wekyb3d8bbwe\da-DK\Microsoft.UI.Xaml.Phone.dll.mui,File160
Microsoft.UI.Xaml.Phone.dll.mui,C:\Program Files\WindowsApps\Microsoft.WindowsAppRuntime.1.6_6000.519.329.0_x86__8wekyb3d8bbwe\az-Latn-AZ\Microsoft.UI.Xaml.Phone.dll.mui,File160
Microsoft.UI.Xaml.Phone.dll.mui,C:\Program Files\WindowsApps\Microsoft.WindowsAppRuntime.1.6_6000.519.329.0_x64__8wekyb3d8bbwe\sq-AL\Microsoft.UI.Xaml.Phone.dll.mui,File160
Microsoft.UI.Xaml.Phone.dll.mui,C:\Program Files\WindowsApps\Microsoft.WindowsAppRuntime.1.6_6000.519.329.0_x64__8wekyb3d8bbwe\sl-SI\Microsoft.UI.Xaml.Phone.dll.mui,File160
Microsoft.UI.Xaml.Phone.dll.mui,C:\Program Files\WindowsApps\Microsoft.WindowsAppRuntime.1.6_6000.519.329.0_x86__8wekyb3d8bbwe\as-IN\Microsoft.UI.Xaml.Phone.dll.mui,File160
Microsoft.UI.Xaml.Phone.dll.mui,C:\Program Files\WindowsApps\Microsoft.WindowsAppRuntime.1.6_6000.519.329.0_x64__8wekyb3d8bbwe\sk-SK\Microsoft.UI.Xaml.Phone.dll.mui,File160
Microsoft.UI.Xaml.Phone.dll.mui,C:\Program Files\WindowsApps\Microsoft.WindowsAppRuntime.1.6_6000.519.329.0_x64__8wekyb3d8bbwe\zh-TW\Microsoft.UI.Xaml.Phone.dll.mui,File027
Microsoft.UI.Xaml.Phone.dll.mui,C:\Program Files\WindowsApps\Microsoft.WindowsAppRuntime.1.6_6000.519.329.0_x64__8wekyb3d8bbwe\ru-RU\Microsoft.UI.Xaml.Phone.dll.mui,File160
Microsoft.UI.Xaml.Phone.dll.mui,C:\Program Files\WindowsApps\Microsoft.WindowsAppRuntime.1.6_6000.519.329.0_x64__8wekyb3d8bbwe\ro-RO\Microsoft.UI.Xaml.Phone.dll.mui,File160
Microsoft.UI.Xaml.Phone.dll.mui,C:\Program Files\WindowsApps\Microsoft.WindowsAppRuntime.1.6_6000.519.329.0_x86__8wekyb3d8bbwe\ar-SA\Microsoft.UI.Xaml.Phone.dll.mui,File160
Microsoft.UI.Xaml.Phone.dll.mui,C:\Program Files\WindowsApps\Microsoft.WindowsAppRuntime.1.6_6000.519.329.0_x64__8wekyb3d8bbwe\quz-PE\Microsoft.UI.Xaml.Phone.dll.mui,File160
Microsoft.UI.Xaml.Phone.dll.mui,C:\Program Files\WindowsApps\Microsoft.WindowsAppRuntime.1.6_6000.519.329.0_x64__8wekyb3d8bbwe\pt-BR\Microsoft.UI.Xaml.Phone.dll.mui,File160
Microsoft.UI.Xaml.Phone.dll.mui,C:\Program Files\WindowsApps\Microsoft.WindowsAppRuntime.1.6_6000.519.329.0_x64__8wekyb3d8bbwe\pl-PL\Microsoft.UI.Xaml.Phone.dll.mui,File160
Microsoft.UI.Xaml.Phone.dll.mui,C:\Program Files\WindowsApps\Microsoft.WindowsAppRuntime.1.6_6000.519.329.0_x64__8wekyb3d8bbwe\pa-IN\Microsoft.UI.Xaml.Phone.dll.mui,File027
Microsoft.UI.Xaml.Phone.dll.mui,C:\Program Files\WindowsApps\Microsoft.WindowsAppRuntime.1.6_6000.519.329.0_x64__8wekyb3d8bbwe\pt-PT\Microsoft.UI.Xaml.Phone.dll.mui,File160
Microsoft.UI.Xaml.Phone.dll.mui,C:\Program Files\WindowsApps\Microsoft.WindowsAppRuntime.1.6_6000.519.329.0_x64__8wekyb3d8bbwe\nn-NO\Microsoft.UI.Xaml.Phone.dll.mui,File160
Microsoft.UI.Xaml.Phone.dll.mui,C:\Program Files\WindowsApps\Microsoft.WindowsAppRuntime.1.6_6000.519.329.0_x86__8wekyb3d8bbwe\am-ET\Microsoft.UI.Xaml.Phone.dll.mui,File027
Microsoft.UI.Xaml.Phone.dll.mui,C:\Program Files\WindowsApps\Microsoft.WindowsAppRuntime.1.6_6000.519.329.0_x86__8wekyb3d8bbwe\cy-GB\Microsoft.UI.Xaml.Phone.dll.mui,File160
Microsoft.UI.Xaml.Phone.dll.mui,C:\Program Files\WindowsApps\Microsoft.WindowsAppRuntime.1.6_6000.519.329.0_x86__8wekyb3d8bbwe\ca-Es-VALENCIA\Microsoft.UI.Xaml.Phone.dll.mui,File160
Microsoft.UI.Xaml.Phone.dll.mui,C:\Program Files\WindowsApps\Microsoft.WindowsAppRuntime.1.6_6000.519.329.0_x86__8wekyb3d8bbwe\cs-CZ\Microsoft.UI.Xaml.Phone.dll.mui,File160
Microsoft.UI.Xaml.Phone.dll.mui,C:\Program Files\WindowsApps\Microsoft.WindowsAppRuntime.1.6_6000.519.329.0_x64__8wekyb3d8bbwe\nl-NL\Microsoft.UI.Xaml.Phone.dll.mui,File160
Microsoft.UI.Xaml.Phone.dll.mui,C:\Program Files\WindowsApps\Microsoft.WindowsAppRuntime.1.6_6000.519.329.0_x64__8wekyb3d8bbwe\ur-PK\Microsoft.UI.Xaml.Phone.dll.mui,File160
Microsoft.UI.Xaml.Phone.dll.mui,C:\Program Files\WindowsApps\Microsoft.WindowsAppRuntime.1.6_6000.519.329.0_x64__8wekyb3d8bbwe\zh-CN\Microsoft.UI.Xaml.Phone.dll.mui,File027
Microsoft.UI.Xaml.Phone.dll.mui,C:\Program Files\WindowsApps\Microsoft.WindowsAppRuntime.1.6_6000.519.329.0_x64__8wekyb3d8bbwe\ne-NP\Microsoft.UI.Xaml.Phone.dll.mui,File160
Microsoft.UI.Xaml.Phone.dll.mui,C:\Program Files\WindowsApps\Microsoft.WindowsAppRuntime.1.6_6000.519.329.0_x64__8wekyb3d8bbwe\nb-NO\Microsoft.UI.Xaml.Phone.dll.mui,File160
Microsoft.UI.Xaml.Phone.dll.mui,C:\Program Files\WindowsApps\Microsoft.WindowsAppRuntime.1.6_6000.519.329.0_x64__8wekyb3d8bbwe\or-IN\Microsoft.UI.Xaml.Phone.dll.mui,File160
Microsoft.UI.Xaml.Phone.dll.mui,C:\Program Files\WindowsApps\Microsoft.WindowsAppRuntime.1.6_6000.519.329.0_x86__8wekyb3d8bbwe\af-ZA\Microsoft.UI.Xaml.Phone.dll.mui,File160
Microsoft.UI.Xaml.Phone.dll.mui,C:\Program Files\WindowsApps\Microsoft.WindowsAppRuntime.1.6_6000.519.329.0_x64__8wekyb3d8bbwe\ml-IN\Microsoft.UI.Xaml.Phone.dll.mui,File160
Microsoft.UI.Xaml.Phone.dll.mui,C:\Program Files\WindowsApps\Microsoft.WindowsAppRuntime.1.6_6000.519.329.0_x64__8wekyb3d8bbwe\vi-VN\Microsoft.UI.Xaml.Phone.dll.mui,File160
Microsoft.UI.Xaml.Phone.dll.mui,C:\Program Files\WindowsApps\Microsoft.WindowsAppRuntime.1.6_6000.519.329.0_x64__8wekyb3d8bbwe\mk-MK\Microsoft.UI.Xaml.Phone.dll.mui,File160
Microsoft.UI.Xaml.Phone.dll.mui,C:\Program Files\WindowsApps\Microsoft.WindowsAppRuntime.1.6_6000.519.329.0_x64__8wekyb3d8bbwe\mi-NZ\Microsoft.UI.Xaml.Phone.dll.mui,File160
Microsoft.UI.Xaml.Phone.dll.mui,C:\Program Files\WindowsApps\Microsoft.WindowsAppRuntime.1.6_6000.519.329.0_x86__8wekyb3d8bbwe\ca-ES\Microsoft.UI.Xaml.Phone.dll.mui,File160
Microsoft.UI.Xaml.Phone.dll.mui,C:\Program Files\WindowsApps\Microsoft.WindowsAppRuntime.1.6_6000.519.329.0_x86__8wekyb3d8bbwe\bs-Latn-BA\Microsoft.UI.Xaml.Phone.dll.mui,File160
Microsoft.UI.Xaml.Phone.dll.mui,C:\Program Files\WindowsApps\Microsoft.WindowsAppRuntime.1.6_6000.519.329.0_x64__8wekyb3d8bbwe\lv-LV\Microsoft.UI.Xaml.Phone.dll.mui,File160
Microsoft.UI.Xaml.Phone.dll.mui,C:\Program Files\WindowsApps\Microsoft.WindowsAppRuntime.1.6_6000.519.329.0_x64__8wekyb3d8bbwe\ms-MY\Microsoft.UI.Xaml.Phone.dll.mui,File160
Microsoft.ui.xaml.dll.mui,C:\Program Files\WindowsApps\Microsoft.WindowsAppRuntime.1.6_6000.519.329.0_x64__8wekyb3d8bbwe\zh-TW\Microsoft.ui.xaml.dll.mui,File042
Microsoft.UI.Xaml.Phone.dll.mui,C:\Program Files\WindowsApps\Microsoft.WindowsAppRuntime.1.6_6000.519.329.0_x64__8wekyb3d8bbwe\lt-LT\Microsoft.UI.Xaml.Phone.dll.mui,File160
Microsoft.UI.Xaml.Phone.dll.mui,C:\Program Files\WindowsApps\Microsoft.WindowsAppRuntime.1.6_6000.519.329.0_x64__8wekyb3d8bbwe\lo-LA\Microsoft.UI.Xaml.Phone.dll.mui,File160
Microsoft.UI.Xaml.Phone.dll.mui,C:\Program Files\WindowsApps\Microsoft.WindowsAppRuntime.1.6_6000.519.329.0_x64__8wekyb3d8bbwe\lb-LU\Microsoft.UI.Xaml.Phone.dll.mui,File160
Microsoft.UI.Xaml.Phone.dll.mui,C:\Program Files\WindowsApps\Microsoft.WindowsAppRuntime.1.6_6000.519.329.0_x64__8wekyb3d8bbwe\kok-IN\Microsoft.UI.Xaml.Phone.dll.mui,File160
Microsoft.UI.Xaml.Phone.dll.mui,C:\Program Files\WindowsApps\Microsoft.WindowsAppRuntime.1.6_6000.519.329.0_x64__8wekyb3d8bbwe\ko-KR\Microsoft.UI.Xaml.Phone.dll.mui,File027
Microsoft.UI.Xaml.Phone.dll.mui,C:\Program Files\WindowsApps\Microsoft.WindowsAppRuntime.1.6_6000.519.329.0_x64__8wekyb3d8bbwe\kn-IN\Microsoft.UI.Xaml.Phone.dll.mui,File160
Microsoft.UI.Xaml.Phone.dll.mui,C:\Program Files\WindowsApps\Microsoft.WindowsAppRuntime.1.6_6000.519.329.0_x64__8wekyb3d8bbwe\kk-KZ\Microsoft.UI.Xaml.Phone.dll.mui,File160
Microsoft.UI.Xaml.Phone.dll.mui,C:\Program Files\WindowsApps\Microsoft.WindowsAppRuntime.1.6_6000.519.329.0_x64__8wekyb3d8bbwe\th-TH\Microsoft.UI.Xaml.Phone.dll.mui,File160
Microsoft.UI.Xaml.Phone.dll.mui,C:\Program Files\WindowsApps\Microsoft.WindowsAppRuntime.1.6_6000.519.329.0_x64__8wekyb3d8bbwe\km-KH\Microsoft.UI.Xaml.Phone.dll.mui,File160
Microsoft.UI.Xaml.Phone.dll.mui,C:\Program Files\WindowsApps\Microsoft.WindowsAppRuntime.1.6_6000.519.329.0_x64__8wekyb3d8bbwe\ja-JP\Microsoft.UI.Xaml.Phone.dll.mui,File027
Microsoft.ui.xaml.dll.mui,C:\Program Files\WindowsApps\Microsoft.WindowsAppRuntime.1.6_6000.519.329.0_x64__8wekyb3d8bbwe\ja-JP\Microsoft.ui.xaml.dll.mui,File101
Microsoft.UI.Xaml.Phone.dll.mui,C:\Program Files\WindowsApps\Microsoft.WindowsAppRuntime.1.6_6000.519.329.0_x64__8wekyb3d8bbwe\ug-CN\Microsoft.UI.Xaml.Phone.dll.mui,File160
Microsoft.UI.Xaml.Phone.dll.mui,C:\Program Files\WindowsApps\Microsoft.WindowsAppRuntime.1.6_6000.519.329.0_x64__8wekyb3d8bbwe\bn-IN\Microsoft.UI.Xaml.Phone.dll.mui,File160
Microsoft.UI.Xaml.Phone.dll.mui,C:\Program Files\WindowsApps\Microsoft.WindowsAppRuntime.1.6_6000.401.2352.0_x64__8wekyb3d8bbwe\ga-IE\Microsoft.UI.Xaml.Phone.dll.mui,File160
Microsoft.UI.Xaml.Phone.dll.mui,C:\Program Files\WindowsApps\Microsoft.WindowsAppRuntime.1.6_6000.401.2352.0_x64__8wekyb3d8bbwe\lt-LT\Microsoft.UI.Xaml.Phone.dll.mui,File160
Microsoft.UI.Xaml.Phone.dll.mui,C:\Program Files\WindowsApps\Microsoft.WindowsAppRuntime.1.6_6000.401.2352.0_x64__8wekyb3d8bbwe\lo-LA\Microsoft.UI.Xaml.Phone.dll.mui,File160
Microsoft.UI.Xaml.Phone.dll.mui,C:\Program Files\WindowsApps\Microsoft.WindowsAppRuntime.1.6_6000.401.2352.0_x64__8wekyb3d8bbwe\lb-LU\Microsoft.UI.Xaml.Phone.dll.mui,File160
Microsoft.UI.Xaml.Phone.dll.mui,C:\Program Files\WindowsApps\Microsoft.WindowsAppRuntime.1.6_6000.401.2352.0_x64__8wekyb3d8bbwe\fr-FR\Microsoft.UI.Xaml.Phone.dll.mui,File160
Microsoft.UI.Xaml.Phone.dll.mui,C:\Program Files\WindowsApps\Microsoft.WindowsAppRuntime.1.6_6000.401.2352.0_x64__8wekyb3d8bbwe\kn-IN\Microsoft.UI.Xaml.Phone.dll.mui,File160
Microsoft.UI.Xaml.Phone.dll.mui,C:\Program Files\WindowsApps\Microsoft.WindowsAppRuntime.1.6_6000.519.329.0_x64__8wekyb3d8bbwe\ca-ES\Microsoft.UI.Xaml.Phone.dll.mui,File160
Microsoft.UI.Xaml.Phone.dll.mui,C:\Program Files\WindowsApps\Microsoft.WindowsAppRuntime.1.6_6000.401.2352.0_x64__8wekyb3d8bbwe\it-IT\Microsoft.UI.Xaml.Phone.dll.mui,File160
Microsoft.UI.Xaml.Phone.dll.mui,C:\Program Files\WindowsApps\Microsoft.WindowsAppRuntime.1.6_6000.401.2352.0_x64__8wekyb3d8bbwe\ko-KR\Microsoft.UI.Xaml.Phone.dll.mui,File027
Microsoft.UI.Xaml.Phone.dll.mui,C:\Program Files\WindowsApps\Microsoft.WindowsAppRuntime.1.6_6000.401.2352.0_x64__8wekyb3d8bbwe\kok-IN\Microsoft.UI.Xaml.Phone.dll.mui,File160
Microsoft.ui.xaml.dll.mui,C:\Program Files\WindowsApps\Microsoft.WindowsAppRuntime.1.6_6000.401.2352.0_x64__8wekyb3d8bbwe\zh-TW\Microsoft.ui.xaml.dll.mui,File042
Microsoft.UI.Xaml.Phone.dll.mui,C:\Program Files\WindowsApps\Microsoft.WindowsAppRuntime.1.6_6000.401.2352.0_x64__8wekyb3d8bbwe\gd-gb\Microsoft.UI.Xaml.Phone.dll.mui,File160
Microsoft.UI.Xaml.Phone.dll.mui,C:\Program Files\WindowsApps\Microsoft.WindowsAppRuntime.1.6_6000.519.329.0_x64__8wekyb3d8bbwe\es-ES\Microsoft.UI.Xaml.Phone.dll.mui,File160
Microsoft.UI.Xaml.Phone.dll.mui,C:\Program Files\WindowsApps\Microsoft.WindowsAppRuntime.1.6_6000.401.2352.0_x64__8wekyb3d8bbwe\lv-LV\Microsoft.UI.Xaml.Phone.dll.mui,File160
Microsoft.ui.xaml.dll.mui,C:\Program Files\WindowsApps\Microsoft.WindowsAppRuntime.1.6_6000.401.2352.0_x64__8wekyb3d8bbwe\zh-CN\Microsoft.ui.xaml.dll.mui,File042
Microsoft.UI.Xaml.Phone.dll.mui,C:\Program Files\WindowsApps\Microsoft.WindowsAppRuntime.1.6_6000.401.2352.0_x64__8wekyb3d8bbwe\uz-Latn-UZ\Microsoft.UI.Xaml.Phone.dll.mui,File160
Microsoft.UI.Xaml.Phone.dll.mui,C:\Program Files\WindowsApps\Microsoft.WindowsAppRuntime.1.6_6000.401.2352.0_x64__8wekyb3d8bbwe\fr-CA\Microsoft.UI.Xaml.Phone.dll.mui,File160
Microsoft.UI.Xaml.Phone.dll.mui,C:\Program Files\WindowsApps\Microsoft.WindowsAppRuntime.1.6_6000.401.2352.0_x64__8wekyb3d8bbwe\fil-PH\Microsoft.UI.Xaml.Phone.dll.mui,File160
Microsoft.UI.Xaml.Phone.dll.mui,C:\Program Files\WindowsApps\Microsoft.WindowsAppRuntime.1.6_6000.401.2352.0_x64__8wekyb3d8bbwe\ka-GE\Microsoft.UI.Xaml.Phone.dll.mui,File160
Microsoft.UI.Xaml.Phone.dll.mui,C:\Program Files\WindowsApps\Microsoft.WindowsAppRuntime.1.6_6000.401.2352.0_x64__8wekyb3d8bbwe\zh-CN\Microsoft.UI.Xaml.Phone.dll.mui,File027
Microsoft.UI.Xaml.Phone.dll.mui,C:\Program Files\WindowsApps\Microsoft.WindowsAppRuntime.1.6_6000.401.2352.0_x64__8wekyb3d8bbwe\kk-KZ\Microsoft.UI.Xaml.Phone.dll.mui,File160
Microsoft.ui.xaml.dll.mui,C:\Program Files\WindowsApps\Microsoft.WindowsAppRuntime.1.6_6000.401.2352.0_x64__8wekyb3d8bbwe\ja-JP\Microsoft.ui.xaml.dll.mui,File101
Microsoft.UI.Xaml.Phone.dll.mui,C:\Program Files\WindowsApps\Microsoft.WindowsAppRuntime.1.6_6000.401.2352.0_x64__8wekyb3d8bbwe\ja-JP\Microsoft.UI.Xaml.Phone.dll.mui,File027
Microsoft.UI.Xaml.Phone.dll.mui,C:\Program Files\WindowsApps\Microsoft.WindowsAppRuntime.1.6_6000.401.2352.0_x64__8wekyb3d8bbwe\zh-TW\Microsoft.UI.Xaml.Phone.dll.mui,File027
Microsoft.UI.Xaml.Phone.dll.mui,C:\Program Files\WindowsApps\Microsoft.WindowsAppRuntime.1.6_6000.519.329.0_x64__8wekyb3d8bbwe\el-GR\Microsoft.UI.Xaml.Phone.dll.mui,File160
Microsoft.UI.Xaml.Phone.dll.mui,C:\Program Files\WindowsApps\Microsoft.WindowsAppRuntime.1.6_6000.519.329.0_x64__8wekyb3d8bbwe\en-GB\Microsoft.UI.Xaml.Phone.dll.mui,File160
Microsoft.UI.Xaml.Phone.dll.mui,C:\Program Files\WindowsApps\Microsoft.WindowsAppRuntime.1.6_6000.401.2352.0_x64__8wekyb3d8bbwe\fi-FI\Microsoft.UI.Xaml.Phone.dll.mui,File160
Microsoft.UI.Xaml.Phone.dll.mui,C:\Program Files\WindowsApps\Microsoft.WindowsAppRuntime.1.6_6000.519.329.0_x64__8wekyb3d8bbwe\ca-Es-VALENCIA\Microsoft.UI.Xaml.Phone.dll.mui,File160
Microsoft.UI.Xaml.Phone.dll.mui,C:\Program Files\WindowsApps\Microsoft.WindowsAppRuntime.1.6_6000.401.2352.0_x64__8wekyb3d8bbwe\ug-CN\Microsoft.UI.Xaml.Phone.dll.mui,File160
Microsoft.UI.Xaml.Phone.dll.mui,C:\Program Files\WindowsApps\Microsoft.WindowsAppRuntime.1.6_6000.401.2352.0_x64__8wekyb3d8bbwe\is-IS\Microsoft.UI.Xaml.Phone.dll.mui,File160
Microsoft.UI.Xaml.Phone.dll.mui,C:\Program Files\WindowsApps\Microsoft.WindowsAppRuntime.1.6_6000.519.329.0_x64__8wekyb3d8bbwe\da-DK\Microsoft.UI.Xaml.Phone.dll.mui,File160
Microsoft.UI.Xaml.Phone.dll.mui,C:\Program Files\WindowsApps\Microsoft.WindowsAppRuntime.1.6_6000.401.2352.0_x64__8wekyb3d8bbwe\ne-NP\Microsoft.UI.Xaml.Phone.dll.mui,File160
Microsoft.UI.Xaml.Phone.dll.mui,C:\Program Files\WindowsApps\Microsoft.WindowsAppRuntime.1.6_6000.401.2352.0_x64__8wekyb3d8bbwe\km-KH\Microsoft.UI.Xaml.Phone.dll.mui,File160
Microsoft.UI.Xaml.Phone.dll.mui,C:\Program Files\WindowsApps\Microsoft.WindowsAppRuntime.1.6_6000.401.2352.0_x64__8wekyb3d8bbwe\bn-IN\Microsoft.UI.Xaml.Phone.dll.mui,File160
Microsoft.UI.Xaml.Phone.dll.mui,C:\Program Files\WindowsApps\Microsoft.WindowsAppRuntime.1.6_6000.519.329.0_x64__8wekyb3d8bbwe\de-DE\Microsoft.UI.Xaml.Phone.dll.mui,File160
Microsoft.UI.Xaml.Phone.dll.mui,C:\Program Files\WindowsApps\Microsoft.WindowsAppRuntime.1.6_6000.401.2352.0_x64__8wekyb3d8bbwe\ml-IN\Microsoft.UI.Xaml.Phone.dll.mui,File160
Microsoft.UI.Xaml.Phone.dll.mui,C:\Program Files\WindowsApps\Microsoft.WindowsAppRuntime.1.6_6000.401.2352.0_x64__8wekyb3d8bbwe\ca-Es-VALENCIA\Microsoft.UI.Xaml.Phone.dll.mui,File160
Microsoft.UI.Xaml.Phone.dll.mui,C:\Program Files\WindowsApps\Microsoft.WindowsAppRuntime.1.6_6000.519.329.0_x64__8wekyb3d8bbwe\es-MX\Microsoft.UI.Xaml.Phone.dll.mui,File160
Microsoft.UI.Xaml.Phone.dll.mui,C:\Program Files\WindowsApps\Microsoft.WindowsAppRuntime.1.6_6000.401.2352.0_x64__8wekyb3d8bbwe\mk-MK\Microsoft.UI.Xaml.Phone.dll.mui,File160
Microsoft.UI.Xaml.Phone.dll.mui,C:\Program Files\WindowsApps\Microsoft.WindowsAppRuntime.1.6_6000.401.2352.0_x64__8wekyb3d8bbwe\az-Latn-AZ\Microsoft.UI.Xaml.Phone.dll.mui,File160
Microsoft.UI.Xaml.Phone.dll.mui,C:\Program Files\WindowsApps\Microsoft.WindowsAppRuntime.1.6_6000.401.2352.0_x64__8wekyb3d8bbwe\as-IN\Microsoft.UI.Xaml.Phone.dll.mui,File160
Microsoft.UI.Xaml.Phone.dll.mui,C:\Program Files\WindowsApps\Microsoft.WindowsAppRuntime.1.6_6000.401.2352.0_x64__8wekyb3d8bbwe\bg-BG\Microsoft.UI.Xaml.Phone.dll.mui,File160
Microsoft.UI.Xaml.Phone.dll.mui,C:\Program Files\WindowsApps\Microsoft.WindowsAppRuntime.1.5_5001.373.1736.0_x86__8wekyb3d8bbwe\ne-NP\Microsoft.UI.Xaml.Phone.dll.mui,File160
Microsoft.UI.Xaml.Phone.dll.mui,C:\Program Files\WindowsApps\Microsoft.WindowsAppRuntime.1.6_6000.401.2352.0_x64__8wekyb3d8bbwe\ar-SA\Microsoft.UI.Xaml.Phone.dll.mui,File160
Microsoft.UI.Xaml.Phone.dll.mui,C:\Program Files\WindowsApps\Microsoft.WindowsAppRuntime.1.6_6000.401.2352.0_x64__8wekyb3d8bbwe\ms-MY\Microsoft.UI.Xaml.Phone.dll.mui,File160
Microsoft.UI.Xaml.Phone.dll.mui,C:\Program Files\WindowsApps\Microsoft.WindowsAppRuntime.1.5_5001.373.1736.0_x86__8wekyb3d8bbwe\ml-IN\Microsoft.UI.Xaml.Phone.dll.mui,File160
Microsoft.UI.Xaml.Phone.dll.mui,C:\Program Files\WindowsApps\Microsoft.WindowsAppRuntime.1.6_6000.401.2352.0_x64__8wekyb3d8bbwe\am-ET\Microsoft.UI.Xaml.Phone.dll.mui,File027
Microsoft.UI.Xaml.Phone.dll.mui,C:\Program Files\WindowsApps\Microsoft.WindowsAppRuntime.1.6_6000.401.2352.0_x64__8wekyb3d8bbwe\af-ZA\Microsoft.UI.Xaml.Phone.dll.mui,File160
Microsoft.ui.xaml.dll.mui,C:\Program Files\WindowsApps\Microsoft.WindowsAppRuntime.1.5_5001.373.1736.0_x86__8wekyb3d8bbwe\zh-TW\Microsoft.ui.xaml.dll.mui,File042
Microsoft.UI.Xaml.Phone.dll.mui,C:\Program Files\WindowsApps\Microsoft.WindowsAppRuntime.1.5_5001.373.1736.0_x86__8wekyb3d8bbwe\zh-TW\Microsoft.UI.Xaml.Phone.dll.mui,File027
Microsoft.UI.Xaml.Phone.dll.mui,C:\Program Files\WindowsApps\Microsoft.WindowsAppRuntime.1.5_5001.373.1736.0_x86__8wekyb3d8bbwe\zh-CN\Microsoft.UI.Xaml.Phone.dll.mui,File027
Microsoft.UI.Xaml.Phone.dll.mui,C:\Program Files\WindowsApps\Microsoft.WindowsAppRuntime.1.5_5001.373.1736.0_x86__8wekyb3d8bbwe\vi-VN\Microsoft.UI.Xaml.Phone.dll.mui,File160
Microsoft.UI.Xaml.Phone.dll.mui,C:\Program Files\WindowsApps\Microsoft.WindowsAppRuntime.1.6_6000.401.2352.0_x64__8wekyb3d8bbwe\cs-CZ\Microsoft.UI.Xaml.Phone.dll.mui,File160
Microsoft.UI.Xaml.Phone.dll.mui,C:\Program Files\WindowsApps\Microsoft.WindowsAppRuntime.1.5_5001.373.1736.0_x86__8wekyb3d8bbwe\uz-Latn-UZ\Microsoft.UI.Xaml.Phone.dll.mui,File160
Microsoft.UI.Xaml.Phone.dll.mui,C:\Program Files\WindowsApps\Microsoft.WindowsAppRuntime.1.5_5001.373.1736.0_x86__8wekyb3d8bbwe\ur-PK\Microsoft.UI.Xaml.Phone.dll.mui,File160
Microsoft.ui.xaml.dll.mui,C:\Program Files\WindowsApps\Microsoft.WindowsAppRuntime.1.5_5001.373.1736.0_x86__8wekyb3d8bbwe\zh-CN\Microsoft.ui.xaml.dll.mui,File042
Microsoft.UI.Xaml.Phone.dll.mui,C:\Program Files\WindowsApps\Microsoft.WindowsAppRuntime.1.6_6000.519.329.0_x64__8wekyb3d8bbwe\en-us\Microsoft.UI.Xaml.Phone.dll.mui,File160
Microsoft.UI.Xaml.Phone.dll.mui,C:\Program Files\WindowsApps\Microsoft.WindowsAppRuntime.1.5_5001.373.1736.0_x86__8wekyb3d8bbwe\uk-UA\Microsoft.UI.Xaml.Phone.dll.mui,File160
Microsoft.UI.Xaml.Phone.dll.mui,C:\Program Files\WindowsApps\Microsoft.WindowsAppRuntime.1.5_5001.373.1736.0_x86__8wekyb3d8bbwe\ug-CN\Microsoft.UI.Xaml.Phone.dll.mui,File160
Microsoft.UI.Xaml.Phone.dll.mui,C:\Program Files\WindowsApps\Microsoft.WindowsAppRuntime.1.6_6000.401.2352.0_x64__8wekyb3d8bbwe\mi-NZ\Microsoft.UI.Xaml.Phone.dll.mui,File160
Microsoft.UI.Xaml.Phone.dll.mui,C:\Program Files\WindowsApps\Microsoft.WindowsAppRuntime.1.5_5001.373.1736.0_x86__8wekyb3d8bbwe\tt-RU\Microsoft.UI.Xaml.Phone.dll.mui,File160
Microsoft.UI.Xaml.Phone.dll.mui,C:\Program Files\WindowsApps\Microsoft.WindowsAppRuntime.1.5_5001.373.1736.0_x86__8wekyb3d8bbwe\tr-TR\Microsoft.UI.Xaml.Phone.dll.mui,File160
Microsoft.UI.Xaml.Phone.dll.mui,C:\Program Files\WindowsApps\Microsoft.WindowsAppRuntime.1.5_5001.373.1736.0_x86__8wekyb3d8bbwe\th-TH\Microsoft.UI.Xaml.Phone.dll.mui,File160
Microsoft.UI.Xaml.Phone.dll.mui,C:\Program Files\WindowsApps\Microsoft.WindowsAppRuntime.1.5_5001.373.1736.0_x86__8wekyb3d8bbwe\te-IN\Microsoft.UI.Xaml.Phone.dll.mui,File160
Microsoft.UI.Xaml.Phone.dll.mui,C:\Program Files\WindowsApps\Microsoft.WindowsAppRuntime.1.5_5001.373.1736.0_x86__8wekyb3d8bbwe\ta-IN\Microsoft.UI.Xaml.Phone.dll.mui,File160
Microsoft.UI.Xaml.Phone.dll.mui,C:\Program Files\WindowsApps\Microsoft.WindowsAppRuntime.1.5_5001.373.1736.0_x86__8wekyb3d8bbwe\sv-SE\Microsoft.UI.Xaml.Phone.dll.mui,File160
Microsoft.UI.Xaml.Phone.dll.mui,C:\Program Files\WindowsApps\Microsoft.WindowsAppRuntime.1.6_6000.401.2352.0_x64__8wekyb3d8bbwe\ca-ES\Microsoft.UI.Xaml.Phone.dll.mui,File160
Microsoft.UI.Xaml.Phone.dll.mui,C:\Program Files\WindowsApps\Microsoft.WindowsAppRuntime.1.5_5001.373.1736.0_x86__8wekyb3d8bbwe\sr-Latn-RS\Microsoft.UI.Xaml.Phone.dll.mui,File160
Microsoft.UI.Xaml.Phone.dll.mui,C:\Program Files\WindowsApps\Microsoft.WindowsAppRuntime.1.5_5001.373.1736.0_x86__8wekyb3d8bbwe\sr-Cyrl-RS\Microsoft.UI.Xaml.Phone.dll.mui,File160
Microsoft.UI.Xaml.Phone.dll.mui,C:\Program Files\WindowsApps\Microsoft.WindowsAppRuntime.1.5_5001.373.1736.0_x86__8wekyb3d8bbwe\sr-Cyrl-BA\Microsoft.UI.Xaml.Phone.dll.mui,File160
Microsoft.UI.Xaml.Phone.dll.mui,C:\Program Files\WindowsApps\Microsoft.WindowsAppRuntime.1.6_6000.401.2352.0_x64__8wekyb3d8bbwe\pt-PT\Microsoft.UI.Xaml.Phone.dll.mui,File160
Microsoft.UI.Xaml.Phone.dll.mui,C:\Program Files\WindowsApps\Microsoft.WindowsAppRuntime.1.5_5001.373.1736.0_x86__8wekyb3d8bbwe\sq-AL\Microsoft.UI.Xaml.Phone.dll.mui,File160
Microsoft.UI.Xaml.Phone.dll.mui,C:\Program Files\WindowsApps\Microsoft.WindowsAppRuntime.1.5_5001.373.1736.0_x86__8wekyb3d8bbwe\sl-SI\Microsoft.UI.Xaml.Phone.dll.mui,File160
Microsoft.UI.Xaml.Phone.dll.mui,C:\Program Files\WindowsApps\Microsoft.WindowsAppRuntime.1.5_5001.373.1736.0_x86__8wekyb3d8bbwe\sk-SK\Microsoft.UI.Xaml.Phone.dll.mui,File160
Microsoft.UI.Xaml.Phone.dll.mui,C:\Program Files\WindowsApps\Microsoft.WindowsAppRuntime.1.5_5001.373.1736.0_x86__8wekyb3d8bbwe\ru-RU\Microsoft.UI.Xaml.Phone.dll.mui,File160
Microsoft.UI.Xaml.Phone.dll.mui,C:\Program Files\WindowsApps\Microsoft.WindowsAppRuntime.1.5_5001.373.1736.0_x86__8wekyb3d8bbwe\ro-RO\Microsoft.UI.Xaml.Phone.dll.mui,File160
Microsoft.UI.Xaml.Phone.dll.mui,C:\Program Files\WindowsApps\Microsoft.WindowsAppRuntime.1.5_5001.373.1736.0_x86__8wekyb3d8bbwe\quz-PE\Microsoft.UI.Xaml.Phone.dll.mui,File160
Microsoft.UI.Xaml.Phone.dll.mui,C:\Program Files\WindowsApps\Microsoft.WindowsAppRuntime.1.5_5001.373.1736.0_x86__8wekyb3d8bbwe\pt-PT\Microsoft.UI.Xaml.Phone.dll.mui,File160
Microsoft.UI.Xaml.Phone.dll.mui,C:\Program Files\WindowsApps\Microsoft.WindowsAppRuntime.1.5_5001.373.1736.0_x86__8wekyb3d8bbwe\pt-BR\Microsoft.UI.Xaml.Phone.dll.mui,File160
Microsoft.UI.Xaml.Phone.dll.mui,C:\Program Files\WindowsApps\Microsoft.WindowsAppRuntime.1.6_6000.401.2352.0_x64__8wekyb3d8bbwe\bs-Latn-BA\Microsoft.UI.Xaml.Phone.dll.mui,File160
Microsoft.UI.Xaml.Phone.dll.mui,C:\Program Files\WindowsApps\Microsoft.WindowsAppRuntime.1.5_5001.373.1736.0_x86__8wekyb3d8bbwe\pl-PL\Microsoft.UI.Xaml.Phone.dll.mui,File160
Microsoft.UI.Xaml.Phone.dll.mui,C:\Program Files\WindowsApps\Microsoft.WindowsAppRuntime.1.5_5001.373.1736.0_x86__8wekyb3d8bbwe\pa-IN\Microsoft.UI.Xaml.Phone.dll.mui,File027
Microsoft.UI.Xaml.Phone.dll.mui,C:\Program Files\WindowsApps\Microsoft.WindowsAppRuntime.1.5_5001.373.1736.0_x86__8wekyb3d8bbwe\or-IN\Microsoft.UI.Xaml.Phone.dll.mui,File160
Microsoft.UI.Xaml.Phone.dll.mui,C:\Program Files\WindowsApps\Microsoft.WindowsAppRuntime.1.5_5001.373.1736.0_x86__8wekyb3d8bbwe\nn-NO\Microsoft.UI.Xaml.Phone.dll.mui,File160
Microsoft.UI.Xaml.Phone.dll.mui,C:\Program Files\WindowsApps\Microsoft.WindowsAppRuntime.1.5_5001.373.1736.0_x86__8wekyb3d8bbwe\nl-NL\Microsoft.UI.Xaml.Phone.dll.mui,File160
Microsoft.UI.Xaml.Phone.dll.mui,C:\Program Files\WindowsApps\Microsoft.WindowsAppRuntime.1.5_5001.373.1736.0_x86__8wekyb3d8bbwe\mt-MT\Microsoft.UI.Xaml.Phone.dll.mui,File160
Microsoft.UI.Xaml.Phone.dll.mui,C:\Program Files\WindowsApps\Microsoft.WindowsAppRuntime.1.5_5001.373.1736.0_x86__8wekyb3d8bbwe\ms-MY\Microsoft.UI.Xaml.Phone.dll.mui,File160
Microsoft.UI.Xaml.Phone.dll.mui,C:\Program Files\WindowsApps\Microsoft.WindowsAppRuntime.1.5_5001.373.1736.0_x86__8wekyb3d8bbwe\mr-IN\Microsoft.UI.Xaml.Phone.dll.mui,File160
Microsoft.UI.Xaml.Phone.dll.mui,C:\Program Files\WindowsApps\Microsoft.WindowsAppRuntime.1.5_5001.373.1736.0_x86__8wekyb3d8bbwe\mk-MK\Microsoft.UI.Xaml.Phone.dll.mui,File160
Microsoft.UI.Xaml.Phone.dll.mui,C:\Program Files\WindowsApps\Microsoft.WindowsAppRuntime.1.5_5001.373.1736.0_x64__8wekyb3d8bbwe\ru-RU\Microsoft.UI.Xaml.Phone.dll.mui,File160
Microsoft.UI.Xaml.Phone.dll.mui,C:\Program Files\WindowsApps\Microsoft.WindowsAppRuntime.1.5_5001.373.1736.0_x64__8wekyb3d8bbwe\es-ES\Microsoft.UI.Xaml.Phone.dll.mui,File160
Microsoft.UI.Xaml.Phone.dll.mui,C:\Program Files\WindowsApps\Microsoft.WindowsAppRuntime.1.5_5001.373.1736.0_x64__8wekyb3d8bbwe\en-us\Microsoft.UI.Xaml.Phone.dll.mui,File160
Microsoft.UI.Xaml.Phone.dll.mui,C:\Program Files\WindowsApps\Microsoft.WindowsAppRuntime.1.5_5001.373.1736.0_x64__8wekyb3d8bbwe\ro-RO\Microsoft.UI.Xaml.Phone.dll.mui,File160
Microsoft.UI.Xaml.Phone.dll.mui,C:\Program Files\WindowsApps\Microsoft.WindowsAppRuntime.1.5_5001.373.1736.0_x64__8wekyb3d8bbwe\quz-PE\Microsoft.UI.Xaml.Phone.dll.mui,File160
Microsoft.UI.Xaml.Phone.dll.mui,C:\Program Files\WindowsApps\Microsoft.WindowsAppRuntime.1.5_5001.373.1736.0_x64__8wekyb3d8bbwe\en-GB\Microsoft.UI.Xaml.Phone.dll.mui,File160
Microsoft.UI.Xaml.Phone.dll.mui,C:\Program Files\WindowsApps\Microsoft.WindowsAppRuntime.1.5_5001.373.1736.0_x64__8wekyb3d8bbwe\pa-IN\Microsoft.UI.Xaml.Phone.dll.mui,File027
Microsoft.UI.Xaml.Phone.dll.mui,C:\Program Files\WindowsApps\Microsoft.WindowsAppRuntime.1.5_5001.373.1736.0_x64__8wekyb3d8bbwe\mr-IN\Microsoft.UI.Xaml.Phone.dll.mui,File160
Microsoft.UI.Xaml.Phone.dll.mui,C:\Program Files\WindowsApps\Microsoft.WindowsAppRuntime.1.5_5001.373.1736.0_x64__8wekyb3d8bbwe\or-IN\Microsoft.UI.Xaml.Phone.dll.mui,File160
Microsoft.UI.Xaml.Phone.dll.mui,C:\Program Files\WindowsApps\Microsoft.WindowsAppRuntime.1.5_5001.373.1736.0_x64__8wekyb3d8bbwe\nn-NO\Microsoft.UI.Xaml.Phone.dll.mui,File160
Microsoft.UI.Xaml.Phone.dll.mui,C:\Program Files\WindowsApps\Microsoft.WindowsAppRuntime.1.5_5001.373.1736.0_x64__8wekyb3d8bbwe\nb-NO\Microsoft.UI.Xaml.Phone.dll.mui,File160
Microsoft.UI.Xaml.Phone.dll.mui,C:\Program Files\WindowsApps\Microsoft.WindowsAppRuntime.1.5_5001.373.1736.0_x64__8wekyb3d8bbwe\sq-AL\Microsoft.UI.Xaml.Phone.dll.mui,File160
Microsoft.UI.Xaml.Phone.dll.mui,C:\Program Files\WindowsApps\Microsoft.WindowsAppRuntime.1.5_5001.373.1736.0_x64__8wekyb3d8bbwe\da-DK\Microsoft.UI.Xaml.Phone.dll.mui,File160
Microsoft.UI.Xaml.Phone.dll.mui,C:\Program Files\WindowsApps\Microsoft.WindowsAppRuntime.1.5_5001.373.1736.0_x64__8wekyb3d8bbwe\pl-PL\Microsoft.UI.Xaml.Phone.dll.mui,File160
Microsoft.UI.Xaml.Phone.dll.mui,C:\Program Files\WindowsApps\Microsoft.WindowsAppRuntime.1.5_5001.373.1736.0_x64__8wekyb3d8bbwe\az-Latn-AZ\Microsoft.UI.Xaml.Phone.dll.mui,File160
Microsoft.UI.Xaml.Phone.dll.mui,C:\Program Files\WindowsApps\Microsoft.WindowsAppRuntime.1.5_5001.373.1736.0_x64__8wekyb3d8bbwe\nl-NL\Microsoft.UI.Xaml.Phone.dll.mui,File160
Microsoft.UI.Xaml.Phone.dll.mui,C:\Program Files\WindowsApps\Microsoft.WindowsAppRuntime.1.5_5001.373.1736.0_x64__8wekyb3d8bbwe\ne-NP\Microsoft.UI.Xaml.Phone.dll.mui,File160
Microsoft.UI.Xaml.Phone.dll.mui,C:\Program Files\WindowsApps\Microsoft.WindowsAppRuntime.1.5_5001.373.1736.0_x64__8wekyb3d8bbwe\sl-SI\Microsoft.UI.Xaml.Phone.dll.mui,File160
Microsoft.UI.Xaml.Phone.dll.mui,C:\Program Files\WindowsApps\Microsoft.WindowsAppRuntime.1.5_5001.373.1736.0_x64__8wekyb3d8bbwe\he-IL\Microsoft.UI.Xaml.Phone.dll.mui,File027
Microsoft.UI.Xaml.Phone.dll.mui,C:\Program Files\WindowsApps\Microsoft.WindowsAppRuntime.1.5_5001.373.1736.0_x64__8wekyb3d8bbwe\bn-IN\Microsoft.UI.Xaml.Phone.dll.mui,File160
Microsoft.UI.Xaml.Phone.dll.mui,C:\Program Files\WindowsApps\Microsoft.WindowsAppRuntime.1.5_5001.373.1736.0_x64__8wekyb3d8bbwe\de-DE\Microsoft.UI.Xaml.Phone.dll.mui,File160
Microsoft.UI.Xaml.Phone.dll.mui,C:\Program Files\WindowsApps\Microsoft.WindowsAppRuntime.1.5_5001.373.1736.0_x64__8wekyb3d8bbwe\mt-MT\Microsoft.UI.Xaml.Phone.dll.mui,File160
Microsoft.UI.Xaml.Phone.dll.mui,C:\Program Files\WindowsApps\Microsoft.WindowsAppRuntime.1.5_5001.373.1736.0_x64__8wekyb3d8bbwe\pt-PT\Microsoft.UI.Xaml.Phone.dll.mui,File160
Microsoft.UI.Xaml.Phone.dll.mui,C:\Program Files\WindowsApps\Microsoft.WindowsAppRuntime.1.5_5001.373.1736.0_x64__8wekyb3d8bbwe\ms-MY\Microsoft.UI.Xaml.Phone.dll.mui,File160
Microsoft.UI.Xaml.Phone.dll.mui,C:\Program Files\WindowsApps\Microsoft.WindowsAppRuntime.1.5_5001.373.1736.0_x64__8wekyb3d8bbwe\cy-GB\Microsoft.UI.Xaml.Phone.dll.mui,File160
Microsoft.UI.Xaml.Phone.dll.mui,C:\Program Files\WindowsApps\Microsoft.WindowsAppRuntime.1.5_5001.373.1736.0_x64__8wekyb3d8bbwe\sr-Cyrl-BA\Microsoft.UI.Xaml.Phone.dll.mui,File160
Microsoft.UI.Xaml.Phone.dll.mui,C:\Program Files\WindowsApps\Microsoft.WindowsAppRuntime.1.5_5001.373.1736.0_x64__8wekyb3d8bbwe\cs-CZ\Microsoft.UI.Xaml.Phone.dll.mui,File160
Microsoft.UI.Xaml.Phone.dll.mui,C:\Program Files\WindowsApps\Microsoft.WindowsAppRuntime.1.5_5001.373.1736.0_x64__8wekyb3d8bbwe\et-EE\Microsoft.UI.Xaml.Phone.dll.mui,File160
Microsoft.UI.Xaml.Phone.dll.mui,C:\Program Files\WindowsApps\Microsoft.WindowsAppRuntime.1.5_5001.373.1736.0_x64__8wekyb3d8bbwe\mk-MK\Microsoft.UI.Xaml.Phone.dll.mui,File160
Microsoft.UI.Xaml.Phone.dll.mui,C:\Program Files\WindowsApps\Microsoft.WindowsAppRuntime.1.5_5001.373.1736.0_x64__8wekyb3d8bbwe\pt-BR\Microsoft.UI.Xaml.Phone.dll.mui,File160
Microsoft.UI.Xaml.Phone.dll.mui,C:\Program Files\WindowsApps\Microsoft.WindowsAppRuntime.1.5_5001.373.1736.0_x64__8wekyb3d8bbwe\ca-ES\Microsoft.UI.Xaml.Phone.dll.mui,File160
Microsoft.UI.Xaml.Phone.dll.mui,C:\Program Files\WindowsApps\Microsoft.WindowsAppRuntime.1.5_5001.373.1736.0_x64__8wekyb3d8bbwe\lv-LV\Microsoft.UI.Xaml.Phone.dll.mui,File160
Microsoft.UI.Xaml.Phone.dll.mui,C:\Program Files\WindowsApps\Microsoft.WindowsAppRuntime.1.5_5001.373.1736.0_x64__8wekyb3d8bbwe\ml-IN\Microsoft.UI.Xaml.Phone.dll.mui,File160
Microsoft.UI.Xaml.Phone.dll.mui,C:\Program Files\WindowsApps\Microsoft.WindowsAppRuntime.1.5_5001.373.1736.0_x64__8wekyb3d8bbwe\ga-IE\Microsoft.UI.Xaml.Phone.dll.mui,File160
Microsoft.UI.Xaml.Phone.dll.mui,C:\Program Files\WindowsApps\Microsoft.WindowsAppRuntime.1.5_5001.373.1736.0_x64__8wekyb3d8bbwe\sk-SK\Microsoft.UI.Xaml.Phone.dll.mui,File160
Microsoft.UI.Xaml.Phone.dll.mui,C:\Program Files\WindowsApps\Microsoft.WindowsAppRuntime.1.5_5001.373.1736.0_x64__8wekyb3d8bbwe\as-IN\Microsoft.UI.Xaml.Phone.dll.mui,File160
Microsoft.UI.Xaml.Phone.dll.mui,C:\Program Files\WindowsApps\Microsoft.WindowsAppRuntime.1.5_5001.373.1736.0_x64__8wekyb3d8bbwe\lt-LT\Microsoft.UI.Xaml.Phone.dll.mui,File160
Microsoft.UI.Xaml.Phone.dll.mui,C:\Program Files\WindowsApps\Microsoft.WindowsAppRuntime.1.5_5001.373.1736.0_x64__8wekyb3d8bbwe\lb-LU\Microsoft.UI.Xaml.Phone.dll.mui,File160
Microsoft.UI.Xaml.Phone.dll.mui,C:\Program Files\WindowsApps\Microsoft.WindowsAppRuntime.1.5_5001.373.1736.0_x64__8wekyb3d8bbwe\kok-IN\Microsoft.UI.Xaml.Phone.dll.mui,File160
Microsoft.UI.Xaml.Phone.dll.mui,C:\Program Files\WindowsApps\Microsoft.WindowsAppRuntime.1.5_5001.373.1736.0_x64__8wekyb3d8bbwe\is-IS\Microsoft.UI.Xaml.Phone.dll.mui,File160
Microsoft.UI.Xaml.Phone.dll.mui,C:\Program Files\WindowsApps\Microsoft.WindowsAppRuntime.1.5_5001.373.1736.0_x64__8wekyb3d8bbwe\gl-ES\Microsoft.UI.Xaml.Phone.dll.mui,File160
Microsoft.UI.Xaml.Phone.dll.mui,C:\Program Files\WindowsApps\Microsoft.WindowsAppRuntime.1.5_5001.373.1736.0_x64__8wekyb3d8bbwe\ko-KR\Microsoft.UI.Xaml.Phone.dll.mui,File027
Microsoft.UI.Xaml.Phone.dll.mui,C:\Program Files\WindowsApps\Microsoft.WindowsAppRuntime.1.5_5001.373.1736.0_x64__8wekyb3d8bbwe\kk-KZ\Microsoft.UI.Xaml.Phone.dll.mui,File160
Microsoft.UI.Xaml.Phone.dll.mui,C:\Program Files\WindowsApps\Microsoft.WindowsAppRuntime.1.5_5001.373.1736.0_x64__8wekyb3d8bbwe\ar-SA\Microsoft.UI.Xaml.Phone.dll.mui,File160
Microsoft.UI.Xaml.Phone.dll.mui,C:\Program Files\WindowsApps\Microsoft.WindowsAppRuntime.1.5_5001.373.1736.0_x64__8wekyb3d8bbwe\km-KH\Microsoft.UI.Xaml.Phone.dll.mui,File160
Microsoft.UI.Xaml.Phone.dll.mui,C:\Program Files\WindowsApps\Microsoft.WindowsAppRuntime.1.5_5001.373.1736.0_x64__8wekyb3d8bbwe\bs-Latn-BA\Microsoft.UI.Xaml.Phone.dll.mui,File160
Microsoft.UI.Xaml.Phone.dll.mui,C:\Program Files\WindowsApps\Microsoft.WindowsAppRuntime.1.5_5001.373.1736.0_x64__8wekyb3d8bbwe\hi-IN\Microsoft.UI.Xaml.Phone.dll.mui,File160
Microsoft.UI.Xaml.Phone.dll.mui,C:\Program Files\WindowsApps\Microsoft.WindowsAppRuntime.1.5_5001.373.1736.0_x64__8wekyb3d8bbwe\af-ZA\Microsoft.UI.Xaml.Phone.dll.mui,File160
Microsoft.UI.Xaml.Phone.dll.mui,C:\Program Files\WindowsApps\Microsoft.WindowsAppRuntime.1.5_5001.373.1736.0_x64__8wekyb3d8bbwe\id-ID\Microsoft.UI.Xaml.Phone.dll.mui,File160
Microsoft.UI.Xaml.Phone.dll.mui,C:\Program Files\WindowsApps\Microsoft.WindowsAppRuntime.1.5_5001.373.1736.0_x64__8wekyb3d8bbwe\hy-AM\Microsoft.UI.Xaml.Phone.dll.mui,File160
Microsoft.UI.Xaml.Phone.dll.mui,C:\Program Files\WindowsApps\Microsoft.WindowsAppRuntime.1.5_5001.373.1736.0_x64__8wekyb3d8bbwe\sr-Latn-RS\Microsoft.UI.Xaml.Phone.dll.mui,File160
Microsoft.UI.Xaml.Phone.dll.mui,C:\Program Files\WindowsApps\Microsoft.WindowsAppRuntime.1.5_5001.373.1736.0_x64__8wekyb3d8bbwe\hr-HR\Microsoft.UI.Xaml.Phone.dll.mui,File160
Microsoft.ui.xaml.dll.mui,C:\Program Files\WindowsApps\Microsoft.WindowsAppRuntime.1.5_5001.373.1736.0_x64__8wekyb3d8bbwe\ja-JP\Microsoft.ui.xaml.dll.mui,File101
Microsoft.UI.Xaml.Phone.dll.mui,C:\Program Files\WindowsApps\Microsoft.WindowsAppRuntime.1.5_5001.373.1736.0_x64__8wekyb3d8bbwe\gd-gb\Microsoft.UI.Xaml.Phone.dll.mui,File160
Microsoft.UI.Xaml.Phone.dll.mui,C:\Program Files\WindowsApps\Microsoft.WindowsAppRuntime.1.5_5001.373.1736.0_x64__8wekyb3d8bbwe\gu-IN\Microsoft.UI.Xaml.Phone.dll.mui,File160
Microsoft.UI.Xaml.Phone.dll.mui,C:\Program Files\WindowsApps\Microsoft.WindowsAppRuntime.1.5_5001.373.1736.0_x64__8wekyb3d8bbwe\fr-FR\Microsoft.UI.Xaml.Phone.dll.mui,File160
Microsoft.UI.Xaml.Phone.dll.mui,C:\Program Files\WindowsApps\Microsoft.WindowsAppRuntime.1.5_5001.373.1736.0_x64__8wekyb3d8bbwe\eu-ES\Microsoft.UI.Xaml.Phone.dll.mui,File160
Microsoft.UI.Xaml.Phone.dll.mui,C:\Program Files\WindowsApps\Microsoft.WindowsAppRuntime.1.5_5001.373.1736.0_x64__8wekyb3d8bbwe\am-ET\Microsoft.UI.Xaml.Phone.dll.mui,File027
Microsoft.UI.Xaml.Phone.dll.mui,C:\Program Files\WindowsApps\Microsoft.WindowsAppRuntime.1.5_5001.373.1736.0_x64__8wekyb3d8bbwe\fil-PH\Microsoft.UI.Xaml.Phone.dll.mui,File160
Microsoft.UI.Xaml.Phone.dll.mui,C:\Program Files\WindowsApps\Microsoft.WindowsAppRuntime.1.5_5001.373.1736.0_x64__8wekyb3d8bbwe\es-MX\Microsoft.UI.Xaml.Phone.dll.mui,File160
Microsoft.UI.Xaml.Phone.dll.mui,C:\Program Files\WindowsApps\Microsoft.WindowsAppRuntime.1.5_5001.373.1736.0_x64__8wekyb3d8bbwe\fr-CA\Microsoft.UI.Xaml.Phone.dll.mui,File160
Microsoft.UI.Xaml.Phone.dll.mui,C:\Program Files\WindowsApps\Microsoft.WindowsAppRuntime.1.5_5001.373.1736.0_x64__8wekyb3d8bbwe\fi-FI\Microsoft.UI.Xaml.Phone.dll.mui,File160
Microsoft.UI.Xaml.Phone.dll.mui,C:\Program Files\WindowsApps\Microsoft.WindowsAppRuntime.1.5_5001.373.1736.0_x64__8wekyb3d8bbwe\hu-HU\Microsoft.UI.Xaml.Phone.dll.mui,File160
Microsoft.UI.Xaml.Phone.dll.mui,C:\Program Files\WindowsApps\Microsoft.WindowsAppRuntime.1.5_5001.373.1736.0_x64__8wekyb3d8bbwe\it-IT\Microsoft.UI.Xaml.Phone.dll.mui,File160
Microsoft.UI.Xaml.Phone.dll.mui,C:\Program Files\WindowsApps\Microsoft.WindowsAppRuntime.1.5_5001.373.1736.0_x64__8wekyb3d8bbwe\bg-BG\Microsoft.UI.Xaml.Phone.dll.mui,File160
Microsoft.UI.Xaml.Phone.dll.mui,C:\Program Files\WindowsApps\Microsoft.WindowsAppRuntime.1.5_5001.373.1736.0_x64__8wekyb3d8bbwe\sr-Cyrl-RS\Microsoft.UI.Xaml.Phone.dll.mui,File160
Microsoft.UI.Xaml.Phone.dll.mui,C:\Program Files\WindowsApps\Microsoft.WindowsAppRuntime.1.5_5001.373.1736.0_x64__8wekyb3d8bbwe\fa-IR\Microsoft.UI.Xaml.Phone.dll.mui,File160
Microsoft.UI.Xaml.Phone.dll.mui,C:\Program Files\WindowsApps\Microsoft.WindowsAppRuntime.1.5_5001.373.1736.0_x64__8wekyb3d8bbwe\mi-NZ\Microsoft.UI.Xaml.Phone.dll.mui,File160
Microsoft.UI.Xaml.Phone.dll.mui,C:\Program Files\WindowsApps\Microsoft.WindowsAppRuntime.1.5_5001.373.1736.0_x64__8wekyb3d8bbwe\lo-LA\Microsoft.UI.Xaml.Phone.dll.mui,File160
Microsoft.UI.Xaml.Phone.dll.mui,C:\Program Files\WindowsApps\Microsoft.WindowsAppRuntime.1.5_5001.373.1736.0_x64__8wekyb3d8bbwe\el-GR\Microsoft.UI.Xaml.Phone.dll.mui,File160
Microsoft.UI.Xaml.Phone.dll.mui,C:\Program Files\WindowsApps\Microsoft.WindowsAppRuntime.1.5_5001.373.1736.0_x64__8wekyb3d8bbwe\ca-Es-VALENCIA\Microsoft.UI.Xaml.Phone.dll.mui,File160
Microsoft.UI.Xaml.Phone.dll.mui,C:\Program Files\WindowsApps\Microsoft.WindowsAppRuntime.1.5_5001.373.1736.0_x64__8wekyb3d8bbwe\kn-IN\Microsoft.UI.Xaml.Phone.dll.mui,File160
Microsoft.UI.Xaml.Phone.dll.mui,C:\Program Files\WindowsApps\Microsoft.WindowsAppRuntime.1.5_5001.373.1736.0_x64__8wekyb3d8bbwe\ka-GE\Microsoft.UI.Xaml.Phone.dll.mui,File160
Microsoft.UI.Xaml.Phone.dll.mui,C:\Program Files\WindowsApps\Microsoft.WindowsAppRuntime.1.5_5001.373.1736.0_x64__8wekyb3d8bbwe\ja-JP\Microsoft.UI.Xaml.Phone.dll.mui,File027
Microsoft.UI.Xaml.Phone.dll.mui,C:\Program Files\WindowsApps\Microsoft.WindowsAppRuntime.1.6_6000.401.2352.0_x64__8wekyb3d8bbwe\et-EE\Microsoft.UI.Xaml.Phone.dll.mui,File160
Microsoft.UI.Xaml.Phone.dll.mui,C:\Program Files\WindowsApps\Microsoft.WindowsAppRuntime.1.6_6000.401.2352.0_x64__8wekyb3d8bbwe\es-MX\Microsoft.UI.Xaml.Phone.dll.mui,File160
Microsoft.UI.Xaml.Phone.dll.mui,C:\Program Files\WindowsApps\Microsoft.WindowsAppRuntime.1.6_6000.401.2352.0_x64__8wekyb3d8bbwe\eu-ES\Microsoft.UI.Xaml.Phone.dll.mui,File160
Microsoft.UI.Xaml.Phone.dll.mui,C:\Program Files\WindowsApps\Microsoft.WindowsAppRuntime.1.6_6000.401.2352.0_x64__8wekyb3d8bbwe\fa-IR\Microsoft.UI.Xaml.Phone.dll.mui,File160
Microsoft.UI.Xaml.Phone.dll.mui,C:\Program Files\WindowsApps\Microsoft.WindowsAppRuntime.1.6_6000.401.2352.0_x64__8wekyb3d8bbwe\de-DE\Microsoft.UI.Xaml.Phone.dll.mui,File160
Microsoft.UI.Xaml.Phone.dll.mui,C:\Program Files\WindowsApps\Microsoft.WindowsAppRuntime.1.6_6000.401.2352.0_x64__8wekyb3d8bbwe\el-GR\Microsoft.UI.Xaml.Phone.dll.mui,File160
Microsoft.UI.Xaml.Phone.dll.mui,C:\Program Files\WindowsApps\Microsoft.WindowsAppRuntime.1.6_6000.401.2352.0_x64__8wekyb3d8bbwe\nn-NO\Microsoft.UI.Xaml.Phone.dll.mui,File160
Microsoft.UI.Xaml.Phone.dll.mui,C:\Program Files\WindowsApps\Microsoft.WindowsAppRuntime.1.6_6000.401.2352.0_x64__8wekyb3d8bbwe\en-us\Microsoft.UI.Xaml.Phone.dll.mui,File160
Microsoft.UI.Xaml.Phone.dll.mui,C:\Program Files\WindowsApps\Microsoft.WindowsAppRuntime.1.6_6000.401.2352.0_x64__8wekyb3d8bbwe\en-GB\Microsoft.UI.Xaml.Phone.dll.mui,File160
Microsoft.UI.Xaml.Phone.dll.mui,C:\Program Files\WindowsApps\Microsoft.WindowsAppRuntime.1.6_6000.401.2352.0_x64__8wekyb3d8bbwe\cy-GB\Microsoft.UI.Xaml.Phone.dll.mui,File160
Microsoft.UI.Xaml.Phone.dll.mui,C:\Program Files\WindowsApps\Microsoft.WindowsAppRuntime.1.6_6000.401.2352.0_x64__8wekyb3d8bbwe\es-ES\Microsoft.UI.Xaml.Phone.dll.mui,File160
Microsoft.UI.Xaml.Phone.dll.mui,C:\Program Files\WindowsApps\Microsoft.WindowsAppRuntime.1.6_6000.401.2352.0_x64__8wekyb3d8bbwe\id-ID\Microsoft.UI.Xaml.Phone.dll.mui,File160
Microsoft.UI.Xaml.Phone.dll.mui,C:\Program Files\WindowsApps\Microsoft.WindowsAppRuntime.1.6_6000.401.2352.0_x64__8wekyb3d8bbwe\da-DK\Microsoft.UI.Xaml.Phone.dll.mui,File160
Microsoft.UI.Xaml.Phone.dll.mui,C:\Program Files\WindowsApps\Microsoft.WindowsAppRuntime.1.6_6000.519.329.0_x86__8wekyb3d8bbwe\el-GR\Microsoft.UI.Xaml.Phone.dll.mui,File160
Microsoft.UI.Xaml.Phone.dll.mui,C:\Program Files\WindowsApps\Microsoft.WindowsAppRuntime.1.6_6000.401.2352.0_x64__8wekyb3d8bbwe\hu-HU\Microsoft.UI.Xaml.Phone.dll.mui,File160
Microsoft.UI.Xaml.Phone.dll.mui,C:\Program Files\WindowsApps\Microsoft.WindowsAppRuntime.1.6_6000.401.2352.0_x64__8wekyb3d8bbwe\hr-HR\Microsoft.UI.Xaml.Phone.dll.mui,File160
Microsoft.UI.Xaml.Phone.dll.mui,C:\Program Files\WindowsApps\Microsoft.WindowsAppRuntime.1.6_6000.401.2352.0_x64__8wekyb3d8bbwe\sv-SE\Microsoft.UI.Xaml.Phone.dll.mui,File160
Microsoft.UI.Xaml.Phone.dll.mui,C:\Program Files\WindowsApps\Microsoft.WindowsAppRuntime.1.6_6000.401.2352.0_x64__8wekyb3d8bbwe\hi-IN\Microsoft.UI.Xaml.Phone.dll.mui,File160
Microsoft.UI.Xaml.Phone.dll.mui,C:\Program Files\WindowsApps\Microsoft.WindowsAppRuntime.1.6_6000.401.2352.0_x64__8wekyb3d8bbwe\he-IL\Microsoft.UI.Xaml.Phone.dll.mui,File027
Microsoft.UI.Xaml.Phone.dll.mui,C:\Program Files\WindowsApps\Microsoft.WindowsAppRuntime.1.6_6000.401.2352.0_x64__8wekyb3d8bbwe\gu-IN\Microsoft.UI.Xaml.Phone.dll.mui,File160
Microsoft.UI.Xaml.Phone.dll.mui,C:\Program Files\WindowsApps\Microsoft.WindowsAppRuntime.1.6_6000.401.2352.0_x64__8wekyb3d8bbwe\gl-ES\Microsoft.UI.Xaml.Phone.dll.mui,File160
Microsoft.UI.Xaml.Phone.dll.mui,C:\Program Files\WindowsApps\Microsoft.WindowsAppRuntime.1.6_6000.401.2352.0_x64__8wekyb3d8bbwe\pt-BR\Microsoft.UI.Xaml.Phone.dll.mui,File160
Microsoft.UI.Xaml.Phone.dll.mui,C:\Program Files\WindowsApps\Microsoft.WindowsAppRuntime.1.6_6000.401.2352.0_x64__8wekyb3d8bbwe\hy-AM\Microsoft.UI.Xaml.Phone.dll.mui,File160
Microsoft.UI.Xaml.Phone.dll.mui,C:\Program Files\WindowsApps\Microsoft.WindowsAppRuntime.1.6_6000.401.2352.0_x64__8wekyb3d8bbwe\ta-IN\Microsoft.UI.Xaml.Phone.dll.mui,File160
System.Xml.dll,C:\Program Files\WindowsApps\Microsoft.Windows.Photos_2025.11120.5001.0_x64__8wekyb3d8bbwe\System.Xml.dll,File025
Microsoft.UI.Xaml.Phone.dll.mui,C:\Program Files\WindowsApps\Microsoft.WindowsAppRuntime.1.6_6000.519.329.0_x86__8wekyb3d8bbwe\de-DE\Microsoft.UI.Xaml.Phone.dll.mui,File160
System.Core.dll,C:\Program Files\WindowsApps\Microsoft.Windows.Photos_2025.11120.5001.0_x64__8wekyb3d8bbwe\System.Core.dll,File025
Microsoft.UI.Xaml.Phone.dll.mui,C:\Program Files\WindowsApps\Microsoft.WindowsAppRuntime.1.6_6000.519.329.0_x64__8wekyb3d8bbwe\he-IL\Microsoft.UI.Xaml.Phone.dll.mui,File027
Microsoft.UI.Xaml.Phone.dll.mui,C:\Program Files\WindowsApps\Microsoft.WindowsAppRuntime.1.6_6000.519.329.0_x64__8wekyb3d8bbwe\hr-HR\Microsoft.UI.Xaml.Phone.dll.mui,File160
Microsoft.UI.Xaml.Phone.dll.mui,C:\Program Files\WindowsApps\Microsoft.WindowsAppRuntime.1.6_6000.519.329.0_x64__8wekyb3d8bbwe\hi-IN\Microsoft.UI.Xaml.Phone.dll.mui,File160
Microsoft.UI.Xaml.Phone.dll.mui,C:\Program Files\WindowsApps\Microsoft.WindowsAppRuntime.1.6_6000.519.329.0_x64__8wekyb3d8bbwe\hy-AM\Microsoft.UI.Xaml.Phone.dll.mui,File160
Microsoft.UI.Xaml.Phone.dll.mui,C:\Program Files\WindowsApps\Microsoft.WindowsAppRuntime.1.6_6000.519.329.0_x64__8wekyb3d8bbwe\gu-IN\Microsoft.UI.Xaml.Phone.dll.mui,File160
Microsoft.UI.Xaml.Phone.dll.mui,C:\Program Files\WindowsApps\Microsoft.WindowsAppRuntime.1.6_6000.519.329.0_x64__8wekyb3d8bbwe\is-IS\Microsoft.UI.Xaml.Phone.dll.mui,File160
Microsoft.UI.Xaml.Phone.dll.mui,C:\Program Files\WindowsApps\Microsoft.WindowsAppRuntime.1.6_6000.519.329.0_x64__8wekyb3d8bbwe\gl-ES\Microsoft.UI.Xaml.Phone.dll.mui,File160
Microsoft.UI.Xaml.Phone.dll.mui,C:\Program Files\WindowsApps\Microsoft.WindowsAppRuntime.1.6_6000.519.329.0_x64__8wekyb3d8bbwe\gd-gb\Microsoft.UI.Xaml.Phone.dll.mui,File160
Microsoft.UI.Xaml.Phone.dll.mui,C:\Program Files\WindowsApps\Microsoft.WindowsAppRuntime.1.6_6000.401.2352.0_x64__8wekyb3d8bbwe\th-TH\Microsoft.UI.Xaml.Phone.dll.mui,File160
Microsoft.UI.Xaml.Phone.dll.mui,C:\Program Files\WindowsApps\Microsoft.WindowsAppRuntime.1.6_6000.401.2352.0_x64__8wekyb3d8bbwe\tr-TR\Microsoft.UI.Xaml.Phone.dll.mui,File160
Microsoft.UI.Xaml.Phone.dll.mui,C:\Program Files\WindowsApps\Microsoft.WindowsAppRuntime.1.6_6000.519.329.0_x64__8wekyb3d8bbwe\ga-IE\Microsoft.UI.Xaml.Phone.dll.mui,File160
Microsoft.UI.Xaml.Phone.dll.mui,C:\Program Files\WindowsApps\Microsoft.WindowsAppRuntime.1.6_6000.519.329.0_x64__8wekyb3d8bbwe\fr-CA\Microsoft.UI.Xaml.Phone.dll.mui,File160
Microsoft.UI.Xaml.Phone.dll.mui,C:\Program Files\WindowsApps\Microsoft.WindowsAppRuntime.1.6_6000.519.329.0_x64__8wekyb3d8bbwe\fa-IR\Microsoft.UI.Xaml.Phone.dll.mui,File160
Microsoft.UI.Xaml.Phone.dll.mui,C:\Program Files\WindowsApps\Microsoft.WindowsAppRuntime.1.6_6000.519.329.0_x64__8wekyb3d8bbwe\it-IT\Microsoft.UI.Xaml.Phone.dll.mui,File160
Microsoft.UI.Xaml.Phone.dll.mui,C:\Program Files\WindowsApps\Microsoft.WindowsAppRuntime.1.6_6000.519.329.0_x64__8wekyb3d8bbwe\fil-PH\Microsoft.UI.Xaml.Phone.dll.mui,File160
Microsoft.UI.Xaml.Phone.dll.mui,C:\Program Files\WindowsApps\Microsoft.WindowsAppRuntime.1.6_6000.401.2352.0_x64__8wekyb3d8bbwe\vi-VN\Microsoft.UI.Xaml.Phone.dll.mui,File160
Microsoft.UI.Xaml.Phone.dll.mui,C:\Program Files\WindowsApps\Microsoft.WindowsAppRuntime.1.6_6000.401.2352.0_x64__8wekyb3d8bbwe\ur-PK\Microsoft.UI.Xaml.Phone.dll.mui,File160
Microsoft.UI.Xaml.Phone.dll.mui,C:\Program Files\WindowsApps\Microsoft.WindowsAppRuntime.1.6_6000.401.2352.0_x64__8wekyb3d8bbwe\uk-UA\Microsoft.UI.Xaml.Phone.dll.mui,File160
Microsoft.UI.Xaml.Phone.dll.mui,C:\Program Files\WindowsApps\Microsoft.WindowsAppRuntime.1.6_6000.519.329.0_x64__8wekyb3d8bbwe\ka-GE\Microsoft.UI.Xaml.Phone.dll.mui,File160
Microsoft.UI.Xaml.Phone.dll.mui,C:\Program Files\WindowsApps\Microsoft.WindowsAppRuntime.1.6_6000.401.2352.0_x64__8wekyb3d8bbwe\tt-RU\Microsoft.UI.Xaml.Phone.dll.mui,File160
Microsoft.UI.Xaml.Phone.dll.mui,C:\Program Files\WindowsApps\Microsoft.WindowsAppRuntime.1.6_6000.401.2352.0_x64__8wekyb3d8bbwe\te-IN\Microsoft.UI.Xaml.Phone.dll.mui,File160
Microsoft.UI.Xaml.Phone.dll.mui,C:\Program Files\WindowsApps\Microsoft.WindowsAppRuntime.1.6_6000.519.329.0_x64__8wekyb3d8bbwe\id-ID\Microsoft.UI.Xaml.Phone.dll.mui,File160
Microsoft.UI.Xaml.Phone.dll.mui,C:\Program Files\WindowsApps\Microsoft.WindowsAppRuntime.1.6_6000.401.2352.0_x64__8wekyb3d8bbwe\sr-Latn-RS\Microsoft.UI.Xaml.Phone.dll.mui,File160
Microsoft.UI.Xaml.Phone.dll.mui,C:\Program Files\WindowsApps\Microsoft.WindowsAppRuntime.1.6_6000.401.2352.0_x64__8wekyb3d8bbwe\sr-Cyrl-RS\Microsoft.UI.Xaml.Phone.dll.mui,File160
Microsoft.UI.Xaml.Phone.dll.mui,C:\Program Files\WindowsApps\Microsoft.WindowsAppRuntime.1.6_6000.401.2352.0_x64__8wekyb3d8bbwe\sr-Cyrl-BA\Microsoft.UI.Xaml.Phone.dll.mui,File160
Microsoft.UI.Xaml.Phone.dll.mui,C:\Program Files\WindowsApps\Microsoft.WindowsAppRuntime.1.6_6000.519.329.0_x64__8wekyb3d8bbwe\eu-ES\Microsoft.UI.Xaml.Phone.dll.mui,File160
Microsoft.UI.Xaml.Phone.dll.mui,C:\Program Files\WindowsApps\Microsoft.WindowsAppRuntime.1.6_6000.401.2352.0_x64__8wekyb3d8bbwe\sq-AL\Microsoft.UI.Xaml.Phone.dll.mui,File160
Microsoft.UI.Xaml.Phone.dll.mui,C:\Program Files\WindowsApps\Microsoft.WindowsAppRuntime.1.6_6000.519.329.0_x64__8wekyb3d8bbwe\fr-FR\Microsoft.UI.Xaml.Phone.dll.mui,File160
Microsoft.UI.Xaml.Phone.dll.mui,C:\Program Files\WindowsApps\Microsoft.WindowsAppRuntime.1.6_6000.401.2352.0_x64__8wekyb3d8bbwe\sl-SI\Microsoft.UI.Xaml.Phone.dll.mui,File160
Microsoft.UI.Xaml.Phone.dll.mui,C:\Program Files\WindowsApps\Microsoft.WindowsAppRuntime.1.6_6000.401.2352.0_x64__8wekyb3d8bbwe\sk-SK\Microsoft.UI.Xaml.Phone.dll.mui,File160
Microsoft.UI.Xaml.Phone.dll.mui,C:\Program Files\WindowsApps\Microsoft.WindowsAppRuntime.1.6_6000.401.2352.0_x64__8wekyb3d8bbwe\ru-RU\Microsoft.UI.Xaml.Phone.dll.mui,File160
Microsoft.UI.Xaml.Phone.dll.mui,C:\Program Files\WindowsApps\Microsoft.WindowsAppRuntime.1.6_6000.401.2352.0_x64__8wekyb3d8bbwe\ro-RO\Microsoft.UI.Xaml.Phone.dll.mui,File160
Microsoft.UI.Xaml.Phone.dll.mui,C:\Program Files\WindowsApps\Microsoft.WindowsAppRuntime.1.6_6000.519.329.0_x64__8wekyb3d8bbwe\et-EE\Microsoft.UI.Xaml.Phone.dll.mui,File160
Microsoft.UI.Xaml.Phone.dll.mui,C:\Program Files\WindowsApps\Microsoft.WindowsAppRuntime.1.6_6000.401.2352.0_x64__8wekyb3d8bbwe\quz-PE\Microsoft.UI.Xaml.Phone.dll.mui,File160
Microsoft.UI.Xaml.Phone.dll.mui,C:\Program Files\WindowsApps\Microsoft.WindowsAppRuntime.1.6_6000.401.2352.0_x64__8wekyb3d8bbwe\pl-PL\Microsoft.UI.Xaml.Phone.dll.mui,File160
Microsoft.UI.Xaml.Phone.dll.mui,C:\Program Files\WindowsApps\Microsoft.WindowsAppRuntime.1.6_6000.519.329.0_x64__8wekyb3d8bbwe\hu-HU\Microsoft.UI.Xaml.Phone.dll.mui,File160
Microsoft.UI.Xaml.Phone.dll.mui,C:\Program Files\WindowsApps\Microsoft.WindowsAppRuntime.1.6_6000.519.329.0_x64__8wekyb3d8bbwe\fi-FI\Microsoft.UI.Xaml.Phone.dll.mui,File160
Microsoft.UI.Xaml.Phone.dll.mui,C:\Program Files\WindowsApps\Microsoft.WindowsAppRuntime.1.5_5001.373.1736.0_x64__8wekyb3d8bbwe\ug-CN\Microsoft.UI.Xaml.Phone.dll.mui,File160
Microsoft.UI.Xaml.Phone.dll.mui,C:\Program Files\WindowsApps\Microsoft.WindowsAppRuntime.1.5_5001.373.1736.0_x64__8wekyb3d8bbwe\zh-CN\Microsoft.UI.Xaml.Phone.dll.mui,File027
Microsoft.UI.Xaml.Phone.dll.mui,C:\Program Files\WindowsApps\Microsoft.WindowsAppRuntime.1.5_5001.373.1736.0_x64__8wekyb3d8bbwe\tt-RU\Microsoft.UI.Xaml.Phone.dll.mui,File160
Microsoft.UI.Xaml.Phone.dll.mui,C:\Program Files\WindowsApps\Microsoft.WindowsAppRuntime.1.5_5001.373.1736.0_x64__8wekyb3d8bbwe\te-IN\Microsoft.UI.Xaml.Phone.dll.mui,File160
Microsoft.UI.Xaml.Phone.dll.mui,C:\Program Files\WindowsApps\Microsoft.WindowsAppRuntime.1.5_5001.373.1736.0_x64__8wekyb3d8bbwe\th-TH\Microsoft.UI.Xaml.Phone.dll.mui,File160
Microsoft.ui.xaml.dll.mui,C:\Program Files\WindowsApps\Microsoft.WindowsAppRuntime.1.5_5001.373.1736.0_x64__8wekyb3d8bbwe\zh-CN\Microsoft.ui.xaml.dll.mui,File042
Microsoft.UI.Xaml.Phone.dll.mui,C:\Program Files\WindowsApps\Microsoft.WindowsAppRuntime.1.5_5001.373.1736.0_x64__8wekyb3d8bbwe\sv-SE\Microsoft.UI.Xaml.Phone.dll.mui,File160
Microsoft.UI.Xaml.Phone.dll.mui,C:\Program Files\WindowsApps\Microsoft.WindowsAppRuntime.1.5_5001.373.1736.0_x64__8wekyb3d8bbwe\ta-IN\Microsoft.UI.Xaml.Phone.dll.mui,File160
Microsoft.UI.Xaml.Phone.dll.mui,C:\Program Files\WindowsApps\Microsoft.WindowsAppRuntime.1.5_5001.373.1736.0_x64__8wekyb3d8bbwe\tr-TR\Microsoft.UI.Xaml.Phone.dll.mui,File160
Microsoft.UI.Xaml.Phone.dll.mui,C:\Program Files\WindowsApps\Microsoft.WindowsAppRuntime.1.5_5001.373.1736.0_x64__8wekyb3d8bbwe\uz-Latn-UZ\Microsoft.UI.Xaml.Phone.dll.mui,File160
Microsoft.UI.Xaml.Phone.dll.mui,C:\Program Files\WindowsApps\Microsoft.WindowsAppRuntime.1.5_5001.373.1736.0_x64__8wekyb3d8bbwe\uk-UA\Microsoft.UI.Xaml.Phone.dll.mui,File160
Microsoft.UI.Xaml.Phone.dll.mui,C:\Program Files\WindowsApps\Microsoft.WindowsAppRuntime.1.5_5001.373.1736.0_x64__8wekyb3d8bbwe\ur-PK\Microsoft.UI.Xaml.Phone.dll.mui,File160
Microsoft.UI.Xaml.Phone.dll.mui,C:\Program Files\WindowsApps\Microsoft.WindowsAppRuntime.1.6_6000.519.329.0_x64__8wekyb3d8bbwe\am-ET\Microsoft.UI.Xaml.Phone.dll.mui,File027
Microsoft.UI.Xaml.Phone.dll.mui,C:\Program Files\WindowsApps\Microsoft.WindowsAppRuntime.1.6_6000.401.2352.0_x64__8wekyb3d8bbwe\nl-NL\Microsoft.UI.Xaml.Phone.dll.mui,File160
Microsoft.UI.Xaml.Phone.dll.mui,C:\Program Files\WindowsApps\Microsoft.WindowsAppRuntime.1.6_6000.401.2352.0_x64__8wekyb3d8bbwe\pa-IN\Microsoft.UI.Xaml.Phone.dll.mui,File027
Microsoft.UI.Xaml.Phone.dll.mui,C:\Program Files\WindowsApps\Microsoft.WindowsAppRuntime.1.6_6000.519.329.0_x64__8wekyb3d8bbwe\cy-GB\Microsoft.UI.Xaml.Phone.dll.mui,File160
Microsoft.UI.Xaml.Phone.dll.mui,C:\Program Files\WindowsApps\Microsoft.WindowsAppRuntime.1.6_6000.519.329.0_x64__8wekyb3d8bbwe\ar-SA\Microsoft.UI.Xaml.Phone.dll.mui,File160
Microsoft.UI.Xaml.Phone.dll.mui,C:\Program Files\WindowsApps\Microsoft.WindowsAppRuntime.1.6_6000.519.329.0_x64__8wekyb3d8bbwe\cs-CZ\Microsoft.UI.Xaml.Phone.dll.mui,File160
Microsoft.UI.Xaml.Phone.dll.mui,C:\Program Files\WindowsApps\Microsoft.WindowsAppRuntime.1.6_6000.519.329.0_x64__8wekyb3d8bbwe\bg-BG\Microsoft.UI.Xaml.Phone.dll.mui,File160
Microsoft.UI.Xaml.Phone.dll.mui,C:\Program Files\WindowsApps\Microsoft.WindowsAppRuntime.1.6_6000.401.2352.0_x64__8wekyb3d8bbwe\nb-NO\Microsoft.UI.Xaml.Phone.dll.mui,File160
Microsoft.UI.Xaml.Phone.dll.mui,C:\Program Files\WindowsApps\Microsoft.WindowsAppRuntime.1.6_6000.519.329.0_x64__8wekyb3d8bbwe\af-ZA\Microsoft.UI.Xaml.Phone.dll.mui,File160
Microsoft.UI.Xaml.Phone.dll.mui,C:\Program Files\WindowsApps\Microsoft.WindowsAppRuntime.1.6_6000.519.329.0_x64__8wekyb3d8bbwe\az-Latn-AZ\Microsoft.UI.Xaml.Phone.dll.mui,File160
Microsoft.UI.Xaml.Phone.dll.mui,C:\Program Files\WindowsApps\Microsoft.WindowsAppRuntime.1.6_6000.401.2352.0_x64__8wekyb3d8bbwe\mr-IN\Microsoft.UI.Xaml.Phone.dll.mui,File160
Microsoft.UI.Xaml.Phone.dll.mui,C:\Program Files\WindowsApps\Microsoft.WindowsAppRuntime.1.6_6000.401.2352.0_x64__8wekyb3d8bbwe\or-IN\Microsoft.UI.Xaml.Phone.dll.mui,File160
Microsoft.UI.Xaml.Phone.dll.mui,C:\Program Files\WindowsApps\Microsoft.WindowsAppRuntime.1.6_6000.401.2352.0_x64__8wekyb3d8bbwe\mt-MT\Microsoft.UI.Xaml.Phone.dll.mui,File160
Microsoft.UI.Xaml.Phone.dll.mui,C:\Program Files\WindowsApps\Microsoft.WindowsAppRuntime.1.6_6000.519.329.0_x64__8wekyb3d8bbwe\bs-Latn-BA\Microsoft.UI.Xaml.Phone.dll.mui,File160
Microsoft.UI.Xaml.Phone.dll.mui,C:\Program Files\WindowsApps\Microsoft.WindowsAppRuntime.1.6_6000.519.329.0_x64__8wekyb3d8bbwe\as-IN\Microsoft.UI.Xaml.Phone.dll.mui,File160
Microsoft.UI.Xaml.Phone.dll.mui,C:\Program Files\WindowsApps\Microsoft.WindowsAppRuntime.1.5_5001.373.1736.0_x86__8wekyb3d8bbwe\kn-IN\Microsoft.UI.Xaml.Phone.dll.mui,File160
Microsoft.UI.Xaml.Phone.dll.mui,C:\Program Files\WindowsApps\Microsoft.WindowsAppRuntime.1.5_5001.373.1736.0_x86__8wekyb3d8bbwe\fi-FI\Microsoft.UI.Xaml.Phone.dll.mui,File160
Microsoft.UI.Xaml.Phone.dll.mui,C:\Program Files\WindowsApps\Microsoft.WindowsAppRuntime.1.5_5001.373.1736.0_x86__8wekyb3d8bbwe\lt-LT\Microsoft.UI.Xaml.Phone.dll.mui,File160
Microsoft.UI.Xaml.Phone.dll.mui,C:\Program Files\WindowsApps\Microsoft.WindowsAppRuntime.1.5_5001.373.1736.0_x86__8wekyb3d8bbwe\lo-LA\Microsoft.UI.Xaml.Phone.dll.mui,File160
Microsoft.UI.Xaml.Phone.dll.mui,C:\Program Files\WindowsApps\Microsoft.WindowsAppRuntime.1.5_5001.373.1736.0_x86__8wekyb3d8bbwe\lb-LU\Microsoft.UI.Xaml.Phone.dll.mui,File160
Microsoft.UI.Xaml.Phone.dll.mui,C:\Program Files\WindowsApps\Microsoft.WindowsAppRuntime.1.5_5001.373.1736.0_x86__8wekyb3d8bbwe\ko-KR\Microsoft.UI.Xaml.Phone.dll.mui,File027
Microsoft.UI.Xaml.Phone.dll.mui,C:\Program Files\WindowsApps\Microsoft.WindowsAppRuntime.1.5_5001.373.1736.0_x86__8wekyb3d8bbwe\km-KH\Microsoft.UI.Xaml.Phone.dll.mui,File160
Microsoft.UI.Xaml.Phone.dll.mui,C:\Program Files\WindowsApps\Microsoft.WindowsAppRuntime.1.5_5001.373.1736.0_x86__8wekyb3d8bbwe\kk-KZ\Microsoft.UI.Xaml.Phone.dll.mui,File160
Microsoft.UI.Xaml.Phone.dll.mui,C:\Program Files\WindowsApps\Microsoft.WindowsAppRuntime.1.5_5001.373.1736.0_x86__8wekyb3d8bbwe\ka-GE\Microsoft.UI.Xaml.Phone.dll.mui,File160
Microsoft.UI.Xaml.Phone.dll.mui,C:\Program Files\WindowsApps\Microsoft.WindowsAppRuntime.1.5_5001.373.1736.0_x86__8wekyb3d8bbwe\ja-JP\Microsoft.UI.Xaml.Phone.dll.mui,File027
Microsoft.UI.Xaml.Phone.dll.mui,C:\Program Files\WindowsApps\Microsoft.WindowsAppRuntime.1.5_5001.373.1736.0_x86__8wekyb3d8bbwe\it-IT\Microsoft.UI.Xaml.Phone.dll.mui,File160
Microsoft.UI.Xaml.Phone.dll.mui,C:\Program Files\WindowsApps\Microsoft.WindowsAppRuntime.1.5_5001.373.1736.0_x86__8wekyb3d8bbwe\is-IS\Microsoft.UI.Xaml.Phone.dll.mui,File160
Microsoft.ui.xaml.dll.mui,C:\Program Files\WindowsApps\Microsoft.WindowsAppRuntime.1.5_5001.373.1736.0_x86__8wekyb3d8bbwe\ja-JP\Microsoft.ui.xaml.dll.mui,File101
Microsoft.UI.Xaml.Phone.dll.mui,C:\Program Files\WindowsApps\Microsoft.WindowsAppRuntime.1.5_5001.373.1736.0_x86__8wekyb3d8bbwe\id-ID\Microsoft.UI.Xaml.Phone.dll.mui,File160
Microsoft.UI.Xaml.Phone.dll.mui,C:\Program Files\WindowsApps\Microsoft.WindowsAppRuntime.1.5_5001.373.1736.0_x86__8wekyb3d8bbwe\hy-AM\Microsoft.UI.Xaml.Phone.dll.mui,File160
Microsoft.UI.Xaml.Phone.dll.mui,C:\Program Files\WindowsApps\Microsoft.WindowsAppRuntime.1.5_5001.373.1736.0_x86__8wekyb3d8bbwe\lv-LV\Microsoft.UI.Xaml.Phone.dll.mui,File160
Microsoft.UI.Xaml.Phone.dll.mui,C:\Program Files\WindowsApps\Microsoft.WindowsAppRuntime.1.5_5001.373.1736.0_x86__8wekyb3d8bbwe\hr-HR\Microsoft.UI.Xaml.Phone.dll.mui,File160
Microsoft.UI.Xaml.Phone.dll.mui,C:\Program Files\WindowsApps\Microsoft.WindowsAppRuntime.1.5_5001.373.1736.0_x86__8wekyb3d8bbwe\gl-ES\Microsoft.UI.Xaml.Phone.dll.mui,File160
Microsoft.UI.Xaml.Phone.dll.mui,C:\Program Files\WindowsApps\Microsoft.WindowsAppRuntime.1.5_5001.373.1736.0_x86__8wekyb3d8bbwe\gu-IN\Microsoft.UI.Xaml.Phone.dll.mui,File160
Microsoft.UI.Xaml.Phone.dll.mui,C:\Program Files\WindowsApps\Microsoft.WindowsAppRuntime.1.5_5001.373.1736.0_x86__8wekyb3d8bbwe\he-IL\Microsoft.UI.Xaml.Phone.dll.mui,File027
Microsoft.UI.Xaml.Phone.dll.mui,C:\Program Files\WindowsApps\Microsoft.WindowsAppRuntime.1.5_5001.373.1736.0_x86__8wekyb3d8bbwe\fa-IR\Microsoft.UI.Xaml.Phone.dll.mui,File160
Microsoft.UI.Xaml.Phone.dll.mui,C:\Program Files\WindowsApps\Microsoft.WindowsAppRuntime.1.5_5001.373.1736.0_x86__8wekyb3d8bbwe\gd-gb\Microsoft.UI.Xaml.Phone.dll.mui,File160
Microsoft.UI.Xaml.Phone.dll.mui,C:\Program Files\WindowsApps\Microsoft.WindowsAppRuntime.1.5_5001.373.1736.0_x86__8wekyb3d8bbwe\fil-PH\Microsoft.UI.Xaml.Phone.dll.mui,File160
Microsoft.UI.Xaml.Phone.dll.mui,C:\Program Files\WindowsApps\Microsoft.WindowsAppRuntime.1.5_5001.373.1736.0_x86__8wekyb3d8bbwe\fr-FR\Microsoft.UI.Xaml.Phone.dll.mui,File160
Photos.App.Collection.winmd,C:\Program Files\WindowsApps\Microsoft.Windows.Photos_2025.11120.5001.0_x64__8wekyb3d8bbwe\Photos.App.Collection.winmd,File027
Microsoft.UI.Xaml.Phone.dll.mui,C:\Program Files\WindowsApps\Microsoft.WindowsAppRuntime.1.5_5001.373.1736.0_x86__8wekyb3d8bbwe\eu-ES\Microsoft.UI.Xaml.Phone.dll.mui,File160
Microsoft.UI.Xaml.Phone.dll.mui,C:\Program Files\WindowsApps\Microsoft.WindowsAppRuntime.1.5_5001.373.1736.0_x86__8wekyb3d8bbwe\es-MX\Microsoft.UI.Xaml.Phone.dll.mui,File160
Microsoft.UI.Xaml.Phone.dll.mui,C:\Program Files\WindowsApps\Microsoft.WindowsAppRuntime.1.5_5001.373.1736.0_x86__8wekyb3d8bbwe\es-ES\Microsoft.UI.Xaml.Phone.dll.mui,File160
Microsoft.UI.Xaml.Phone.dll.mui,C:\Program Files\WindowsApps\Microsoft.WindowsAppRuntime.1.5_5001.373.1736.0_x86__8wekyb3d8bbwe\en-us\Microsoft.UI.Xaml.Phone.dll.mui,File160
Microsoft.UI.Xaml.Phone.dll.mui,C:\Program Files\WindowsApps\Microsoft.WindowsAppRuntime.1.5_5001.373.1736.0_x86__8wekyb3d8bbwe\fr-CA\Microsoft.UI.Xaml.Phone.dll.mui,File160
Microsoft.UI.Xaml.Phone.dll.mui,C:\Program Files\WindowsApps\Microsoft.WindowsAppRuntime.1.5_5001.373.1736.0_x86__8wekyb3d8bbwe\ga-IE\Microsoft.UI.Xaml.Phone.dll.mui,File160
Microsoft.UI.Xaml.Phone.dll.mui,C:\Program Files\WindowsApps\Microsoft.WindowsAppRuntime.1.5_5001.373.1736.0_x86__8wekyb3d8bbwe\hi-IN\Microsoft.UI.Xaml.Phone.dll.mui,File160
Microsoft.UI.Xaml.Phone.dll.mui,C:\Program Files\WindowsApps\Microsoft.WindowsAppRuntime.1.5_5001.373.1736.0_x86__8wekyb3d8bbwe\en-GB\Microsoft.UI.Xaml.Phone.dll.mui,File160
Microsoft.UI.Xaml.Phone.dll.mui,C:\Program Files\WindowsApps\Microsoft.WindowsAppRuntime.1.5_5001.373.1736.0_x86__8wekyb3d8bbwe\hu-HU\Microsoft.UI.Xaml.Phone.dll.mui,File160
Microsoft.UI.Xaml.Phone.dll.mui,C:\Program Files\WindowsApps\Microsoft.WindowsAppRuntime.1.5_5001.373.1736.0_x86__8wekyb3d8bbwe\et-EE\Microsoft.UI.Xaml.Phone.dll.mui,File160
Microsoft.UI.Xaml.Phone.dll.mui,C:\Program Files\WindowsApps\Microsoft.WindowsAppRuntime.1.5_5001.373.1736.0_x86__8wekyb3d8bbwe\nb-NO\Microsoft.UI.Xaml.Phone.dll.mui,File160
Microsoft.UI.Xaml.Phone.dll.mui,C:\Program Files\WindowsApps\Microsoft.WindowsAppRuntime.1.5_5001.373.1736.0_x86__8wekyb3d8bbwe\de-DE\Microsoft.UI.Xaml.Phone.dll.mui,File160
Microsoft.UI.Xaml.Phone.dll.mui,C:\Program Files\WindowsApps\Microsoft.WindowsAppRuntime.1.5_5001.373.1736.0_x64__8wekyb3d8bbwe\vi-VN\Microsoft.UI.Xaml.Phone.dll.mui,File160
Microsoft.UI.Xaml.Phone.dll.mui,C:\Program Files\WindowsApps\Microsoft.WindowsAppRuntime.1.5_5001.373.1736.0_x86__8wekyb3d8bbwe\da-DK\Microsoft.UI.Xaml.Phone.dll.mui,File160
Microsoft.UI.Xaml.Phone.dll.mui,C:\Program Files\WindowsApps\Microsoft.WindowsAppRuntime.1.5_5001.373.1736.0_x86__8wekyb3d8bbwe\cy-GB\Microsoft.UI.Xaml.Phone.dll.mui,File160
Microsoft.UI.Xaml.Phone.dll.mui,C:\Program Files\WindowsApps\Microsoft.WindowsAppRuntime.1.5_5001.373.1736.0_x86__8wekyb3d8bbwe\ca-Es-VALENCIA\Microsoft.UI.Xaml.Phone.dll.mui,File160
Microsoft.UI.Xaml.Phone.dll.mui,C:\Program Files\WindowsApps\Microsoft.WindowsAppRuntime.1.5_5001.373.1736.0_x86__8wekyb3d8bbwe\ca-ES\Microsoft.UI.Xaml.Phone.dll.mui,File160
Microsoft.UI.Xaml.Phone.dll.mui,C:\Program Files\WindowsApps\Microsoft.WindowsAppRuntime.1.5_5001.373.1736.0_x86__8wekyb3d8bbwe\bs-Latn-BA\Microsoft.UI.Xaml.Phone.dll.mui,File160
Microsoft.UI.Xaml.Phone.dll.mui,C:\Program Files\WindowsApps\Microsoft.WindowsAppRuntime.1.5_5001.373.1736.0_x86__8wekyb3d8bbwe\mi-NZ\Microsoft.UI.Xaml.Phone.dll.mui,File160
Microsoft.UI.Xaml.Phone.dll.mui,C:\Program Files\WindowsApps\Microsoft.WindowsAppRuntime.1.5_5001.373.1736.0_x86__8wekyb3d8bbwe\bn-IN\Microsoft.UI.Xaml.Phone.dll.mui,File160
Microsoft.UI.Xaml.Phone.dll.mui,C:\Program Files\WindowsApps\Microsoft.WindowsAppRuntime.1.5_5001.373.1736.0_x86__8wekyb3d8bbwe\el-GR\Microsoft.UI.Xaml.Phone.dll.mui,File160
Microsoft.UI.Xaml.Phone.dll.mui,C:\Program Files\WindowsApps\Microsoft.WindowsAppRuntime.1.5_5001.373.1736.0_x86__8wekyb3d8bbwe\cs-CZ\Microsoft.UI.Xaml.Phone.dll.mui,File160
Microsoft.UI.Xaml.Phone.dll.mui,C:\Program Files\WindowsApps\Microsoft.WindowsAppRuntime.1.5_5001.373.1736.0_x86__8wekyb3d8bbwe\bg-BG\Microsoft.UI.Xaml.Phone.dll.mui,File160
Microsoft.UI.Xaml.Phone.dll.mui,C:\Program Files\WindowsApps\Microsoft.WindowsAppRuntime.1.5_5001.373.1736.0_x86__8wekyb3d8bbwe\az-Latn-AZ\Microsoft.UI.Xaml.Phone.dll.mui,File160
Microsoft.UI.Xaml.Phone.dll.mui,C:\Program Files\WindowsApps\Microsoft.WindowsAppRuntime.1.5_5001.373.1736.0_x86__8wekyb3d8bbwe\as-IN\Microsoft.UI.Xaml.Phone.dll.mui,File160
Microsoft.UI.Xaml.Phone.dll.mui,C:\Program Files\WindowsApps\Microsoft.WindowsAppRuntime.1.5_5001.373.1736.0_x86__8wekyb3d8bbwe\ar-SA\Microsoft.UI.Xaml.Phone.dll.mui,File160
Microsoft.UI.Xaml.Phone.dll.mui,C:\Program Files\WindowsApps\Microsoft.WindowsAppRuntime.1.5_5001.373.1736.0_x86__8wekyb3d8bbwe\am-ET\Microsoft.UI.Xaml.Phone.dll.mui,File027
Microsoft.UI.Xaml.Phone.dll.mui,C:\Program Files\WindowsApps\Microsoft.WindowsAppRuntime.1.5_5001.373.1736.0_x86__8wekyb3d8bbwe\af-ZA\Microsoft.UI.Xaml.Phone.dll.mui,File160
Microsoft.UI.Xaml.Phone.dll.mui,C:\Program Files\WindowsApps\Microsoft.WindowsAppRuntime.1.5_5001.373.1736.0_x64__8wekyb3d8bbwe\zh-TW\Microsoft.UI.Xaml.Phone.dll.mui,File027
Microsoft.UI.Xaml.Phone.dll.mui,C:\Program Files\WindowsApps\Microsoft.WindowsAppRuntime.1.5_5001.373.1736.0_x86__8wekyb3d8bbwe\kok-IN\Microsoft.UI.Xaml.Phone.dll.mui,File160
Microsoft.ui.xaml.dll.mui,C:\Program Files\WindowsApps\Microsoft.WindowsAppRuntime.1.5_5001.373.1736.0_x64__8wekyb3d8bbwe\zh-TW\Microsoft.ui.xaml.dll.mui,File042
Microsoft.UI.Xaml.Phone.dll.mui,C:\Program Files\WindowsApps\Microsoft.WindowsAppRuntime.1.6_6000.519.329.0_x86__8wekyb3d8bbwe\nl-NL\Microsoft.UI.Xaml.Phone.dll.mui,File160
Microsoft.UI.Xaml.Phone.dll.mui,C:\Program Files\WindowsApps\Microsoft.WindowsAppRuntime.1.6_6000.519.329.0_x86__8wekyb3d8bbwe\km-KH\Microsoft.UI.Xaml.Phone.dll.mui,File160
Microsoft.UI.Xaml.Phone.dll.mui,C:\Program Files\WindowsApps\Microsoft.WindowsAppRuntime.1.6_6000.519.329.0_x86__8wekyb3d8bbwe\eu-ES\Microsoft.UI.Xaml.Phone.dll.mui,File160
Microsoft.UI.Xaml.Phone.dll.mui,C:\Program Files\WindowsApps\Microsoft.WindowsAppRuntime.1.6_6000.519.329.0_x86__8wekyb3d8bbwe\pa-IN\Microsoft.UI.Xaml.Phone.dll.mui,File027
Microsoft.UI.Xaml.Phone.dll.mui,C:\Program Files\WindowsApps\Microsoft.WindowsAppRuntime.1.6_6000.519.329.0_x86__8wekyb3d8bbwe\ne-NP\Microsoft.UI.Xaml.Phone.dll.mui,File160
Microsoft.UI.Xaml.Phone.dll.mui,C:\Program Files\WindowsApps\Microsoft.WindowsAppRuntime.1.6_6000.519.329.0_x86__8wekyb3d8bbwe\nb-NO\Microsoft.UI.Xaml.Phone.dll.mui,File160
Microsoft.UI.Xaml.Phone.dll.mui,C:\Program Files\WindowsApps\Microsoft.WindowsAppRuntime.1.6_6000.519.329.0_x86__8wekyb3d8bbwe\mt-MT\Microsoft.UI.Xaml.Phone.dll.mui,File160
Microsoft.UI.Xaml.Phone.dll.mui,C:\Program Files\WindowsApps\Microsoft.WindowsAppRuntime.1.6_6000.519.329.0_x86__8wekyb3d8bbwe\or-IN\Microsoft.UI.Xaml.Phone.dll.mui,File160
Microsoft.UI.Xaml.Phone.dll.mui,C:\Program Files\WindowsApps\Microsoft.WindowsAppRuntime.1.6_6000.519.329.0_x86__8wekyb3d8bbwe\ml-IN\Microsoft.UI.Xaml.Phone.dll.mui,File160
Microsoft.UI.Xaml.Phone.dll.mui,C:\Program Files\WindowsApps\Microsoft.WindowsAppRuntime.1.6_6000.519.329.0_x86__8wekyb3d8bbwe\ms-MY\Microsoft.UI.Xaml.Phone.dll.mui,File160
Microsoft.UI.Xaml.Phone.dll.mui,C:\Program Files\WindowsApps\Microsoft.WindowsAppRuntime.1.6_6000.519.329.0_x86__8wekyb3d8bbwe\mr-IN\Microsoft.UI.Xaml.Phone.dll.mui,File160
Microsoft.UI.Xaml.Phone.dll.mui,C:\Program Files\WindowsApps\Microsoft.WindowsAppRuntime.1.6_6000.519.329.0_x86__8wekyb3d8bbwe\mi-NZ\Microsoft.UI.Xaml.Phone.dll.mui,File160
Microsoft.UI.Xaml.Phone.dll.mui,C:\Program Files\WindowsApps\Microsoft.WindowsAppRuntime.1.6_6000.519.329.0_x86__8wekyb3d8bbwe\kk-KZ\Microsoft.UI.Xaml.Phone.dll.mui,File160
Microsoft.UI.Xaml.Phone.dll.mui,C:\Program Files\WindowsApps\Microsoft.WindowsAppRuntime.1.6_6000.519.329.0_x86__8wekyb3d8bbwe\mk-MK\Microsoft.UI.Xaml.Phone.dll.mui,File160
Microsoft.UI.Xaml.Phone.dll.mui,C:\Program Files\WindowsApps\Microsoft.WindowsAppRuntime.1.6_6000.519.329.0_x86__8wekyb3d8bbwe\lt-LT\Microsoft.UI.Xaml.Phone.dll.mui,File160
Microsoft.UI.Xaml.Phone.dll.mui,C:\Program Files\WindowsApps\Microsoft.WindowsAppRuntime.1.6_6000.519.329.0_x86__8wekyb3d8bbwe\lo-LA\Microsoft.UI.Xaml.Phone.dll.mui,File160
Microsoft.UI.Xaml.Phone.dll.mui,C:\Program Files\WindowsApps\Microsoft.WindowsAppRuntime.1.6_6000.519.329.0_x86__8wekyb3d8bbwe\lb-LU\Microsoft.UI.Xaml.Phone.dll.mui,File160
Microsoft.UI.Xaml.Phone.dll.mui,C:\Program Files\WindowsApps\Microsoft.WindowsAppRuntime.1.6_6000.519.329.0_x86__8wekyb3d8bbwe\ko-KR\Microsoft.UI.Xaml.Phone.dll.mui,File027
Microsoft.UI.Xaml.Phone.dll.mui,C:\Program Files\WindowsApps\Microsoft.WindowsAppRuntime.1.6_6000.519.329.0_x86__8wekyb3d8bbwe\pl-PL\Microsoft.UI.Xaml.Phone.dll.mui,File160
Microsoft.UI.Xaml.Phone.dll.mui,C:\Program Files\WindowsApps\Microsoft.WindowsAppRuntime.1.6_6000.519.329.0_x86__8wekyb3d8bbwe\ja-JP\Microsoft.UI.Xaml.Phone.dll.mui,File027
Microsoft.UI.Xaml.Phone.dll.mui,C:\Program Files\WindowsApps\Microsoft.WindowsAppRuntime.1.6_6000.519.329.0_x86__8wekyb3d8bbwe\it-IT\Microsoft.UI.Xaml.Phone.dll.mui,File160
Microsoft.UI.Xaml.Phone.dll.mui,C:\Program Files\WindowsApps\Microsoft.WindowsAppRuntime.1.6_6000.519.329.0_x86__8wekyb3d8bbwe\is-IS\Microsoft.UI.Xaml.Phone.dll.mui,File160
Microsoft.UI.Xaml.Phone.dll.mui,C:\Program Files\WindowsApps\Microsoft.WindowsAppRuntime.1.6_6000.519.329.0_x86__8wekyb3d8bbwe\id-ID\Microsoft.UI.Xaml.Phone.dll.mui,File160
Microsoft.UI.Xaml.Phone.dll.mui,C:\Program Files\WindowsApps\Microsoft.WindowsAppRuntime.1.6_6000.519.329.0_x86__8wekyb3d8bbwe\hy-AM\Microsoft.UI.Xaml.Phone.dll.mui,File160
Microsoft.UI.Xaml.Phone.dll.mui,C:\Program Files\WindowsApps\Microsoft.WindowsAppRuntime.1.6_6000.519.329.0_x86__8wekyb3d8bbwe\hi-IN\Microsoft.UI.Xaml.Phone.dll.mui,File160
Microsoft.UI.Xaml.Phone.dll.mui,C:\Program Files\WindowsApps\Microsoft.WindowsAppRuntime.1.6_6000.519.329.0_x86__8wekyb3d8bbwe\fr-CA\Microsoft.UI.Xaml.Phone.dll.mui,File160
Microsoft.UI.Xaml.Phone.dll.mui,C:\Program Files\WindowsApps\Microsoft.WindowsAppRuntime.1.6_6000.519.329.0_x86__8wekyb3d8bbwe\ka-GE\Microsoft.UI.Xaml.Phone.dll.mui,File160
Microsoft.UI.Xaml.Phone.dll.mui,C:\Program Files\WindowsApps\Microsoft.WindowsAppRuntime.1.6_6000.519.329.0_x86__8wekyb3d8bbwe\he-IL\Microsoft.UI.Xaml.Phone.dll.mui,File027
Microsoft.UI.Xaml.Phone.dll.mui,C:\Program Files\WindowsApps\Microsoft.WindowsAppRuntime.1.6_6000.519.329.0_x86__8wekyb3d8bbwe\gu-IN\Microsoft.UI.Xaml.Phone.dll.mui,File160
Microsoft.UI.Xaml.Phone.dll.mui,C:\Program Files\WindowsApps\Microsoft.WindowsAppRuntime.1.6_6000.519.329.0_x86__8wekyb3d8bbwe\gl-ES\Microsoft.UI.Xaml.Phone.dll.mui,File160
Microsoft.UI.Xaml.Phone.dll.mui,C:\Program Files\WindowsApps\Microsoft.WindowsAppRuntime.1.6_6000.519.329.0_x86__8wekyb3d8bbwe\fr-FR\Microsoft.UI.Xaml.Phone.dll.mui,File160
Microsoft.UI.Xaml.Phone.dll.mui,C:\Program Files\WindowsApps\Microsoft.WindowsAppRuntime.1.6_6000.519.329.0_x86__8wekyb3d8bbwe\nn-NO\Microsoft.UI.Xaml.Phone.dll.mui,File160
Microsoft.UI.Xaml.Phone.dll.mui,C:\Program Files\WindowsApps\Microsoft.WindowsAppRuntime.1.6_6000.519.329.0_x86__8wekyb3d8bbwe\ga-IE\Microsoft.UI.Xaml.Phone.dll.mui,File160
Microsoft.UI.Xaml.Phone.dll.mui,C:\Program Files\WindowsApps\Microsoft.WindowsAppRuntime.1.6_6000.519.329.0_x86__8wekyb3d8bbwe\kn-IN\Microsoft.UI.Xaml.Phone.dll.mui,File160
Microsoft.UI.Xaml.Phone.dll.mui,C:\Program Files\WindowsApps\Microsoft.WindowsAppRuntime.1.6_6000.519.329.0_x86__8wekyb3d8bbwe\hr-HR\Microsoft.UI.Xaml.Phone.dll.mui,File160
Microsoft.UI.Xaml.Phone.dll.mui,C:\Program Files\WindowsApps\Microsoft.WindowsAppRuntime.1.6_6000.519.329.0_x86__8wekyb3d8bbwe\lv-LV\Microsoft.UI.Xaml.Phone.dll.mui,File160
Microsoft.UI.Xaml.Phone.dll.mui,C:\Program Files\WindowsApps\Microsoft.WindowsAppRuntime.1.6_6000.519.329.0_x86__8wekyb3d8bbwe\fi-FI\Microsoft.UI.Xaml.Phone.dll.mui,File160
Microsoft.ui.xaml.dll.mui,C:\Program Files\WindowsApps\Microsoft.WindowsAppRuntime.1.6_6000.519.329.0_x86__8wekyb3d8bbwe\ja-JP\Microsoft.ui.xaml.dll.mui,File101
Microsoft.UI.Xaml.Phone.dll.mui,C:\Program Files\WindowsApps\Microsoft.WindowsAppRuntime.1.6_6000.519.329.0_x86__8wekyb3d8bbwe\fa-IR\Microsoft.UI.Xaml.Phone.dll.mui,File160
Microsoft.UI.Xaml.Phone.dll.mui,C:\Program Files\WindowsApps\Microsoft.WindowsAppRuntime.1.6_6000.519.329.0_x86__8wekyb3d8bbwe\gd-gb\Microsoft.UI.Xaml.Phone.dll.mui,File160
Microsoft.UI.Xaml.Phone.dll.mui,C:\Program Files\WindowsApps\Microsoft.WindowsAppRuntime.1.6_6000.519.329.0_x86__8wekyb3d8bbwe\et-EE\Microsoft.UI.Xaml.Phone.dll.mui,File160
Microsoft.UI.Xaml.Phone.dll.mui,C:\Program Files\WindowsApps\Microsoft.WindowsAppRuntime.1.6_6000.519.329.0_x86__8wekyb3d8bbwe\es-ES\Microsoft.UI.Xaml.Phone.dll.mui,File160
Microsoft.UI.Xaml.Phone.dll.mui,C:\Program Files\WindowsApps\Microsoft.WindowsAppRuntime.1.6_6000.519.329.0_x86__8wekyb3d8bbwe\kok-IN\Microsoft.UI.Xaml.Phone.dll.mui,File160
Microsoft.UI.Xaml.Phone.dll.mui,C:\Program Files\WindowsApps\Microsoft.WindowsAppRuntime.1.6_6000.519.329.0_x86__8wekyb3d8bbwe\fil-PH\Microsoft.UI.Xaml.Phone.dll.mui,File160
Microsoft.UI.Xaml.Phone.dll.mui,C:\Program Files\WindowsApps\Microsoft.WindowsAppRuntime.1.6_6000.519.329.0_x86__8wekyb3d8bbwe\en-us\Microsoft.UI.Xaml.Phone.dll.mui,File160
Microsoft.UI.Xaml.Phone.dll.mui,C:\Program Files\WindowsApps\Microsoft.WindowsAppRuntime.1.6_6000.519.329.0_x86__8wekyb3d8bbwe\es-MX\Microsoft.UI.Xaml.Phone.dll.mui,File160
Microsoft.UI.Xaml.Phone.dll.mui,C:\Program Files\WindowsApps\Microsoft.WindowsAppRuntime.1.6_6000.519.329.0_x86__8wekyb3d8bbwe\en-GB\Microsoft.UI.Xaml.Phone.dll.mui,File160
Microsoft.UI.Xaml.Phone.dll.mui,C:\Program Files\WindowsApps\Microsoft.WindowsAppRuntime.1.6_6000.519.329.0_x86__8wekyb3d8bbwe\hu-HU\Microsoft.UI.Xaml.Phone.dll.mui,File160
Microsoft.UI.Xaml.Phone.dll.mui,C:\Program Files\WindowsApps\Microsoft.WindowsAppRuntime.1.6_6000.519.329.0_x86__8wekyb3d8bbwe\sl-SI\Microsoft.UI.Xaml.Phone.dll.mui,File160
Microsoft.UI.Xaml.Phone.dll.mui,C:\Program Files\WindowsApps\Microsoft.WindowsAppRuntime.1.6_6000.519.329.0_x86__8wekyb3d8bbwe\sr-Latn-RS\Microsoft.UI.Xaml.Phone.dll.mui,File160
Microsoft.UI.Xaml.Phone.dll.mui,C:\Program Files\WindowsApps\Microsoft.WindowsAppRuntime.1.6_6000.519.329.0_x86__8wekyb3d8bbwe\zh-CN\Microsoft.UI.Xaml.Phone.dll.mui,File027
Microsoft.UI.Xaml.Phone.dll.mui,C:\Program Files\WindowsApps\Microsoft.WindowsAppRuntime.1.6_6000.519.329.0_x86__8wekyb3d8bbwe\pt-PT\Microsoft.UI.Xaml.Phone.dll.mui,File160
Microsoft.ui.xaml.dll.mui,C:\Program Files\WindowsApps\Microsoft.WindowsAppRuntime.1.6_6000.519.329.0_x86__8wekyb3d8bbwe\zh-TW\Microsoft.ui.xaml.dll.mui,File042
Microsoft.UI.Xaml.Phone.dll.mui,C:\Program Files\WindowsApps\Microsoft.WindowsAppRuntime.1.6_6000.519.329.0_x86__8wekyb3d8bbwe\vi-VN\Microsoft.UI.Xaml.Phone.dll.mui,File160
Microsoft.ui.xaml.dll.mui,C:\Program Files\WindowsApps\Microsoft.WindowsAppRuntime.1.6_6000.519.329.0_x86__8wekyb3d8bbwe\zh-CN\Microsoft.ui.xaml.dll.mui,File042
Microsoft.UI.Xaml.Phone.dll.mui,C:\Program Files\WindowsApps\Microsoft.WindowsAppRuntime.1.6_6000.519.329.0_x86__8wekyb3d8bbwe\uz-Latn-UZ\Microsoft.UI.Xaml.Phone.dll.mui,File160
Microsoft.UI.Xaml.Phone.dll.mui,C:\Program Files\WindowsApps\Microsoft.WindowsAppRuntime.1.6_6000.519.329.0_x86__8wekyb3d8bbwe\ur-PK\Microsoft.UI.Xaml.Phone.dll.mui,File160
Microsoft.UI.Xaml.Phone.dll.mui,C:\Program Files\WindowsApps\Microsoft.WindowsAppRuntime.1.6_6000.519.329.0_x86__8wekyb3d8bbwe\zh-TW\Microsoft.UI.Xaml.Phone.dll.mui,File027
Microsoft.UI.Xaml.Phone.dll.mui,C:\Program Files\WindowsApps\Microsoft.WindowsAppRuntime.1.6_6000.519.329.0_x86__8wekyb3d8bbwe\ug-CN\Microsoft.UI.Xaml.Phone.dll.mui,File160
Microsoft.UI.Xaml.Phone.dll.mui,C:\Program Files\WindowsApps\Microsoft.WindowsAppRuntime.1.6_6000.519.329.0_x86__8wekyb3d8bbwe\te-IN\Microsoft.UI.Xaml.Phone.dll.mui,File160
Microsoft.UI.Xaml.Phone.dll.mui,C:\Program Files\WindowsApps\Microsoft.WindowsAppRuntime.1.6_6000.519.329.0_x86__8wekyb3d8bbwe\sv-SE\Microsoft.UI.Xaml.Phone.dll.mui,File160
Microsoft.UI.Xaml.Phone.dll.mui,C:\Program Files\WindowsApps\Microsoft.WindowsAppRuntime.1.6_6000.519.329.0_x86__8wekyb3d8bbwe\sr-Cyrl-RS\Microsoft.UI.Xaml.Phone.dll.mui,File160
Microsoft.UI.Xaml.Phone.dll.mui,C:\Program Files\WindowsApps\Microsoft.WindowsAppRuntime.1.6_6000.519.329.0_x86__8wekyb3d8bbwe\ta-IN\Microsoft.UI.Xaml.Phone.dll.mui,File160
Microsoft.UI.Xaml.Phone.dll.mui,C:\Program Files\WindowsApps\Microsoft.WindowsAppRuntime.1.6_6000.519.329.0_x86__8wekyb3d8bbwe\ro-RO\Microsoft.UI.Xaml.Phone.dll.mui,File160
Microsoft.UI.Xaml.Phone.dll.mui,C:\Program Files\WindowsApps\Microsoft.WindowsAppRuntime.1.6_6000.519.329.0_x86__8wekyb3d8bbwe\sr-Cyrl-BA\Microsoft.UI.Xaml.Phone.dll.mui,File160
Microsoft.UI.Xaml.Phone.dll.mui,C:\Program Files\WindowsApps\Microsoft.WindowsAppRuntime.1.6_6000.519.329.0_x86__8wekyb3d8bbwe\sq-AL\Microsoft.UI.Xaml.Phone.dll.mui,File160
Microsoft.UI.Xaml.Phone.dll.mui,C:\Program Files\WindowsApps\Microsoft.WindowsAppRuntime.1.6_6000.519.329.0_x86__8wekyb3d8bbwe\sk-SK\Microsoft.UI.Xaml.Phone.dll.mui,File160
Microsoft.UI.Xaml.Phone.dll.mui,C:\Program Files\WindowsApps\Microsoft.WindowsAppRuntime.1.6_6000.519.329.0_x86__8wekyb3d8bbwe\th-TH\Microsoft.UI.Xaml.Phone.dll.mui,File160
Microsoft.UI.Xaml.Phone.dll.mui,C:\Program Files\WindowsApps\Microsoft.WindowsAppRuntime.1.6_6000.519.329.0_x86__8wekyb3d8bbwe\ru-RU\Microsoft.UI.Xaml.Phone.dll.mui,File160
Microsoft.UI.Xaml.Phone.dll.mui,C:\Program Files\WindowsApps\Microsoft.WindowsAppRuntime.1.6_6000.519.329.0_x86__8wekyb3d8bbwe\uk-UA\Microsoft.UI.Xaml.Phone.dll.mui,File160
Microsoft.UI.Xaml.Phone.dll.mui,C:\Program Files\WindowsApps\Microsoft.WindowsAppRuntime.1.6_6000.519.329.0_x86__8wekyb3d8bbwe\quz-PE\Microsoft.UI.Xaml.Phone.dll.mui,File160
Microsoft.UI.Xaml.Phone.dll.mui,C:\Program Files\WindowsApps\Microsoft.WindowsAppRuntime.1.6_6000.519.329.0_x86__8wekyb3d8bbwe\pt-BR\Microsoft.UI.Xaml.Phone.dll.mui,File160
Microsoft.UI.Xaml.Phone.dll.mui,C:\Program Files\WindowsApps\Microsoft.WindowsAppRuntime.1.6_6000.519.329.0_x86__8wekyb3d8bbwe\tr-TR\Microsoft.UI.Xaml.Phone.dll.mui,File160
Microsoft.UI.Xaml.Phone.dll.mui,C:\Program Files\WindowsApps\Microsoft.WindowsAppRuntime.1.6_6000.519.329.0_x86__8wekyb3d8bbwe\tt-RU\Microsoft.UI.Xaml.Phone.dll.mui,File160
Microsoft.Media.Player.exe,C:\Program Files\WindowsApps\Microsoft.ZuneMusic_11.2512.10.0_x64__8wekyb3d8bbwe\Microsoft.Media.Player.exe,File001
WinStore.VideoEffects.winmd,C:\Program Files\WindowsApps\Microsoft.WindowsStore_22601.1401.3.0_x64__8wekyb3d8bbwe\WinStore.VideoEffects.winmd,File027
WinStore.Tasks.winmd,C:\Program Files\WindowsApps\Microsoft.WindowsStore_22601.1401.3.0_x64__8wekyb3d8bbwe\WinStore.Tasks.winmd,File160
lua52.dll,C:\Program Files\Wireshark\lua52.dll,File095
Microsoft.PackageManagement.MsuProvider.resources.dll,C:\Program Files\WindowsPowerShell\Modules\PackageManagement\1.0.0.1\en\Microsoft.PackageManagement.MsuProvider.resources.dll,File160
Microsoft.PackageManagement.ArchiverProviders.resources.dll,C:\Program Files\WindowsPowerShell\Modules\PackageManagement\1.0.0.1\en\Microsoft.PackageManagement.ArchiverProviders.resources.dll,File160
Microsoft.PackageManagement.MsuProvider.resources.dll,C:\Program Files (x86)\WindowsPowerShell\Modules\PackageManagement\1.0.0.1\en\Microsoft.PackageManagement.MsuProvider.resources.dll,File160
wmpnssui.dll.mui,C:\Program Files (x86)\Windows Media Player\en-US\wmpnssui.dll.mui,File024
Microsoft.PackageManagement.ArchiverProviders.resources.dll,C:\Program Files (x86)\WindowsPowerShell\Modules\PackageManagement\1.0.0.1\en\Microsoft.PackageManagement.ArchiverProviders.resources.dll,File160
ImagingDevices.exe.mui,C:\Program Files (x86)\Windows Photo Viewer\en-US\ImagingDevices.exe.mui,File024
WMPMediaSharing.dll.mui,C:\Program Files (x86)\Windows Media Player\en-US\WMPMediaSharing.dll.mui,File024
wmlaunch.exe.mui,C:\Program Files (x86)\Windows Media Player\en-US\wmlaunch.exe.mui,File005
wmplayer.exe.mui,C:\Program Files (x86)\Windows Media Player\en-US\wmplayer.exe.mui,File024
EppManifest.dll.mui,C:\Program Files (x86)\Windows Defender\en-US\EppManifest.dll.mui,File005
msdaremr.dll,C:\Program Files (x86)\Common Files\System\msadc\msdaremr.dll,File005
msdaprsr.dll,C:\Program Files (x86)\Common Files\System\msadc\msdaprsr.dll,File005
msaddsr.dll,C:\Program Files (x86)\Common Files\System\msadc\msaddsr.dll,File005
msadcor.dll,C:\Program Files (x86)\Common Files\System\msadc\msadcor.dll,File005
msadcer.dll,C:\Program Files (x86)\Common Files\System\msadc\msadcer.dll,File005
ieinstal.exe.mui,C:\Program Files (x86)\Internet Explorer\en-US\ieinstal.exe.mui,File005
hmmapi.dll.mui,C:\Program Files (x86)\Internet Explorer\en-US\hmmapi.dll.mui,File005
sqlxmlx.rll,C:\Program Files (x86)\Common Files\System\Ole DB\sqlxmlx.rll,File005
msdaorar.dll,C:\Program Files (x86)\Common Files\System\Ole DB\msdaorar.dll,File005
msader15.dll,C:\Program Files (x86)\Common Files\System\ado\msader15.dll,File005
TabTip32.exe.mui,C:\Program Files (x86)\Common Files\Microsoft Shared\ink\en-US\TabTip32.exe.mui,File005
rtscom.dll.mui,C:\Program Files (x86)\Common Files\Microsoft Shared\ink\en-US\rtscom.dll.mui,File024
TipTsf.dll.mui,C:\Program Files (x86)\Common Files\Microsoft Shared\ink\en-US\TipTsf.dll.mui,File027
mpvis.dll.mui,C:\Program Files (x86)\Windows Media Player\en-US\mpvis.dll.mui,File024
FileSyncFS.dll,C:\Users\John\AppData\Local\Microsoft\OneDrive\26.017.0126.0002_1\FileSyncFS.dll,File118
gui-32.exe,C:\Users\John\AppData\Local\Programs\Python\Python312\Lib\site-packages\setuptools\gui-32.exe,File071
cli-32.exe,C:\Users\John\AppData\Local\Programs\Python\Python312\Lib\site-packages\setuptools\cli-32.exe,File071
cli.exe,C:\Users\John\AppData\Local\Programs\Python\Python312\Lib\site-packages\setuptools\cli.exe,File071
gui.exe,C:\Users\John\AppData\Local\Programs\Python\Python312\Lib\site-packages\setuptools\gui.exe,File071
File079,C:\Users\John\Desktop\NSSECU3_projects\MP2_demontime\gpt5.2\File\File079,File079
File195,C:\Users\John\Desktop\NSSECU3_projects\MP2_demontime\gpt5.2\File\File195,File195
File122,C:\Users\John\Desktop\NSSECU3_projects\MP2_demontime\gpt5.2\File\File122,File122
File083,C:\Users\John\Desktop\NSSECU3_projects\MP2_demontime\gpt5.2\File\File083,File083
File187,C:\Users\John\Desktop\NSSECU3_projects\MP2_demontime\gpt5.2\File\File187,File187
File209,C:\Users\John\Desktop\NSSECU3_projects\MP2_demontime\gpt5.2\File\File209,File209
File024,C:\Users\John\Desktop\NSSECU3_projects\MP2_demontime\gpt5.2\File\File024,File024
File123,C:\Users\John\Desktop\NSSECU3_projects\MP2_demontime\gpt5.2\File\File123,File123
File188,C:\Users\John\Desktop\NSSECU3_projects\MP2_demontime\gpt5.2\File\File188,File188
File206,C:\Users\John\Desktop\NSSECU3_projects\MP2_demontime\gpt5.2\File\File206,File206
File048,C:\Users\John\Desktop\NSSECU3_projects\MP2_demontime\gpt5.2\File\File048,File048
File026,C:\Users\John\Desktop\NSSECU3_projects\MP2_demontime\gpt5.2\File\File026,File026
File189,C:\Users\John\Desktop\NSSECU3_projects\MP2_demontime\gpt5.2\File\File189,File189
File027,C:\Users\John\Desktop\NSSECU3_projects\MP2_demontime\gpt5.2\File\File027,File027
File102,C:\Users\John\Desktop\NSSECU3_projects\MP2_demontime\gpt5.2\File\File102,File102
File190,C:\Users\John\Desktop\NSSECU3_projects\MP2_demontime\gpt5.2\File\File190,File190
File198,C:\Users\John\Desktop\NSSECU3_projects\MP2_demontime\gpt5.2\File\File198,File198
File028,C:\Users\John\Desktop\NSSECU3_projects\MP2_demontime\gpt5.2\File\File028,File028
File191,C:\Users\John\Desktop\NSSECU3_projects\MP2_demontime\gpt5.2\File\File191,File191
File192,C:\Users\John\Desktop\NSSECU3_projects\MP2_demontime\gpt5.2\File\File192,File192
File196,C:\Users\John\Desktop\NSSECU3_projects\MP2_demontime\gpt5.2\File\File196,File196
File032,C:\Users\John\Desktop\NSSECU3_projects\MP2_demontime\gpt5.2\File\File032,File032
File199,C:\Users\John\Desktop\NSSECU3_projects\MP2_demontime\gpt5.2\File\File199,File199
File033,C:\Users\John\Desktop\NSSECU3_projects\MP2_demontime\gpt5.2\File\File033,File033
File200,C:\Users\John\Desktop\NSSECU3_projects\MP2_demontime\gpt5.2\File\File200,File200
File034,C:\Users\John\Desktop\NSSECU3_projects\MP2_demontime\gpt5.2\File\File034,File034
File073,C:\Users\John\Desktop\NSSECU3_projects\MP2_demontime\gpt5.2\File\File073,File073
File121,C:\Users\John\Desktop\NSSECU3_projects\MP2_demontime\gpt5.2\File\File121,File121
File201,C:\Users\John\Desktop\NSSECU3_projects\MP2_demontime\gpt5.2\File\File201,File201
File035,C:\Users\John\Desktop\NSSECU3_projects\MP2_demontime\gpt5.2\File\File035,File035
File203,C:\Users\John\Desktop\NSSECU3_projects\MP2_demontime\gpt5.2\File\File203,File203
File137,C:\Users\John\Desktop\NSSECU3_projects\MP2_demontime\gpt5.2\File\File137,File137
File036,C:\Users\John\Desktop\NSSECU3_projects\MP2_demontime\gpt5.2\File\File036,File036
File204,C:\Users\John\Desktop\NSSECU3_projects\MP2_demontime\gpt5.2\File\File204,File204
File049,C:\Users\John\Desktop\NSSECU3_projects\MP2_demontime\gpt5.2\File\File049,File049
File205,C:\Users\John\Desktop\NSSECU3_projects\MP2_demontime\gpt5.2\File\File205,File205
File207,C:\Users\John\Desktop\NSSECU3_projects\MP2_demontime\gpt5.2\File\File207,File207
File038,C:\Users\John\Desktop\NSSECU3_projects\MP2_demontime\gpt5.2\File\File038,File038
File159,C:\Users\John\Desktop\NSSECU3_projects\MP2_demontime\gpt5.2\File\File159,File159
File120,C:\Users\John\Desktop\NSSECU3_projects\MP2_demontime\gpt5.2\File\File120,File120
File208,C:\Users\John\Desktop\NSSECU3_projects\MP2_demontime\gpt5.2\File\File208,File208
File039,C:\Users\John\Desktop\NSSECU3_projects\MP2_demontime\gpt5.2\File\File039,File039
File210,C:\Users\John\Desktop\NSSECU3_projects\MP2_demontime\gpt5.2\File\File210,File210
File158,C:\Users\John\Desktop\NSSECU3_projects\MP2_demontime\gpt5.2\File\File158,File158
File211,C:\Users\John\Desktop\NSSECU3_projects\MP2_demontime\gpt5.2\File\File211,File211
File040,C:\Users\John\Desktop\NSSECU3_projects\MP2_demontime\gpt5.2\File\File040,File040
File118,C:\Users\John\Desktop\NSSECU3_projects\MP2_demontime\gpt5.2\File\File118,File118
File051,C:\Users\John\Desktop\NSSECU3_projects\MP2_demontime\gpt5.2\File\File051,File051
File212,C:\Users\John\Desktop\NSSECU3_projects\MP2_demontime\gpt5.2\File\File212,File212
File042,C:\Users\John\Desktop\NSSECU3_projects\MP2_demontime\gpt5.2\File\File042,File042
File213,C:\Users\John\Desktop\NSSECU3_projects\MP2_demontime\gpt5.2\File\File213,File213
File090,C:\Users\John\Desktop\NSSECU3_projects\MP2_demontime\gpt5.2\File\File090,File090
File043,C:\Users\John\Desktop\NSSECU3_projects\MP2_demontime\gpt5.2\File\File043,File043
File214,C:\Users\John\Desktop\NSSECU3_projects\MP2_demontime\gpt5.2\File\File214,File214
File050,C:\Users\John\Desktop\NSSECU3_projects\MP2_demontime\gpt5.2\File\File050,File050
File044,C:\Users\John\Desktop\NSSECU3_projects\MP2_demontime\gpt5.2\File\File044,File044
File045,C:\Users\John\Desktop\NSSECU3_projects\MP2_demontime\gpt5.2\File\File045,File045
File215,C:\Users\John\Desktop\NSSECU3_projects\MP2_demontime\gpt5.2\File\File215,File215
File046,C:\Users\John\Desktop\NSSECU3_projects\MP2_demontime\gpt5.2\File\File046,File046
File216,C:\Users\John\Desktop\NSSECU3_projects\MP2_demontime\gpt5.2\File\File216,File216
File047,C:\Users\John\Desktop\NSSECU3_projects\MP2_demontime\gpt5.2\File\File047,File047
File052,C:\Users\John\Desktop\NSSECU3_projects\MP2_demontime\gpt5.2\File\File052,File052
File217,C:\Users\John\Desktop\NSSECU3_projects\MP2_demontime\gpt5.2\File\File217,File217
File146,C:\Users\John\Desktop\NSSECU3_projects\MP2_demontime\gpt5.2\File\File146,File024
File055,C:\Users\John\Desktop\NSSECU3_projects\MP2_demontime\gpt5.2\File\File055,File055
File218,C:\Users\John\Desktop\NSSECU3_projects\MP2_demontime\gpt5.2\File\File218,File218
File056,C:\Users\John\Desktop\NSSECU3_projects\MP2_demontime\gpt5.2\File\File056,File056
File057,C:\Users\John\Desktop\NSSECU3_projects\MP2_demontime\gpt5.2\File\File057,File057
File077,C:\Users\John\Desktop\NSSECU3_projects\MP2_demontime\gpt5.2\File\File077,File077
File219,C:\Users\John\Desktop\NSSECU3_projects\MP2_demontime\gpt5.2\File\File219,File219
File058,C:\Users\John\Desktop\NSSECU3_projects\MP2_demontime\gpt5.2\File\File058,File058
File194,C:\Users\John\Desktop\NSSECU3_projects\MP2_demontime\gpt5.2\File\File194,File194
File220,C:\Users\John\Desktop\NSSECU3_projects\MP2_demontime\gpt5.2\File\File220,File220
File059,C:\Users\John\Desktop\NSSECU3_projects\MP2_demontime\gpt5.2\File\File059,File059
File140,C:\Users\John\Desktop\NSSECU3_projects\MP2_demontime\gpt5.2\File\File140,File140
File060,C:\Users\John\Desktop\NSSECU3_projects\MP2_demontime\gpt5.2\File\File060,File024
File061,C:\Users\John\Desktop\NSSECU3_projects\MP2_demontime\gpt5.2\File\File061,File061
File062,C:\Users\John\Desktop\NSSECU3_projects\MP2_demontime\gpt5.2\File\File062,File062
File081,C:\Users\John\Desktop\NSSECU3_projects\MP2_demontime\gpt5.2\File\File081,File024
File125,C:\Users\John\Desktop\NSSECU3_projects\MP2_demontime\gpt5.2\File\File125,File125
File063,C:\Users\John\Desktop\NSSECU3_projects\MP2_demontime\gpt5.2\File\File063,File063
File082,C:\Users\John\Desktop\NSSECU3_projects\MP2_demontime\gpt5.2\File\File082,File082
File064,C:\Users\John\Desktop\NSSECU3_projects\MP2_demontime\gpt5.2\File\File064,File064
File117,C:\Users\John\Desktop\NSSECU3_projects\MP2_demontime\gpt5.2\File\File117,File117
File066,C:\Users\John\Desktop\NSSECU3_projects\MP2_demontime\gpt5.2\File\File066,File066
File104,C:\Users\John\Desktop\NSSECU3_projects\MP2_demontime\gpt5.2\File\File104,File104
File067,C:\Users\John\Desktop\NSSECU3_projects\MP2_demontime\gpt5.2\File\File067,File067
File078,C:\Users\John\Desktop\NSSECU3_projects\MP2_demontime\gpt5.2\File\File078,File078
File068,C:\Users\John\Desktop\NSSECU3_projects\MP2_demontime\gpt5.2\File\File068,File068
File089,C:\Users\John\Desktop\NSSECU3_projects\MP2_demontime\gpt5.2\File\File089,File089
File070,C:\Users\John\Desktop\NSSECU3_projects\MP2_demontime\gpt5.2\File\File070,File070
File071,C:\Users\John\Desktop\NSSECU3_projects\MP2_demontime\gpt5.2\File\File071,File071
File072,C:\Users\John\Desktop\NSSECU3_projects\MP2_demontime\gpt5.2\File\File072,File072
File119,C:\Users\John\Desktop\NSSECU3_projects\MP2_demontime\gpt5.2\File\File119,File119
File074,C:\Users\John\Desktop\NSSECU3_projects\MP2_demontime\gpt5.2\File\File074,File074
File080,C:\Users\John\Desktop\NSSECU3_projects\MP2_demontime\gpt5.2\File\File080,File071
File075,C:\Users\John\Desktop\NSSECU3_projects\MP2_demontime\gpt5.2\File\File075,File075
File105,C:\Users\John\Desktop\NSSECU3_projects\MP2_demontime\gpt5.2\File\File105,File105
File076,C:\Users\John\Desktop\NSSECU3_projects\MP2_demontime\gpt5.2\File\File076,File076
File084,C:\Users\John\Desktop\NSSECU3_projects\MP2_demontime\gpt5.2\File\File084,File084
File085,C:\Users\John\Desktop\NSSECU3_projects\MP2_demontime\gpt5.2\File\File085,File085
File141,C:\Users\John\Desktop\NSSECU3_projects\MP2_demontime\gpt5.2\File\File141,File141
File092,C:\Users\John\Desktop\NSSECU3_projects\MP2_demontime\gpt5.2\File\File092,File092
File086,C:\Users\John\Desktop\NSSECU3_projects\MP2_demontime\gpt5.2\File\File086,File086
File093,C:\Users\John\Desktop\NSSECU3_projects\MP2_demontime\gpt5.2\File\File093,File093
File087,C:\Users\John\Desktop\NSSECU3_projects\MP2_demontime\gpt5.2\File\File087,File087
File088,C:\Users\John\Desktop\NSSECU3_projects\MP2_demontime\gpt5.2\File\File088,File088
File091,C:\Users\John\Desktop\NSSECU3_projects\MP2_demontime\gpt5.2\File\File091,File091
File094,C:\Users\John\Desktop\NSSECU3_projects\MP2_demontime\gpt5.2\File\File094,File094
File103,C:\Users\John\Desktop\NSSECU3_projects\MP2_demontime\gpt5.2\File\File103,File103
File095,C:\Users\John\Desktop\NSSECU3_projects\MP2_demontime\gpt5.2\File\File095,File095
File096,C:\Users\John\Desktop\NSSECU3_projects\MP2_demontime\gpt5.2\File\File096,File096
File101,C:\Users\John\Desktop\NSSECU3_projects\MP2_demontime\gpt5.2\File\File101,File101
File097,C:\Users\John\Desktop\NSSECU3_projects\MP2_demontime\gpt5.2\File\File097,File097
File098,C:\Users\John\Desktop\NSSECU3_projects\MP2_demontime\gpt5.2\File\File098,File098
File181,C:\Users\John\Desktop\NSSECU3_projects\MP2_demontime\gpt5.2\File\File181,File181
File099,C:\Users\John\Desktop\NSSECU3_projects\MP2_demontime\gpt5.2\File\File099,File099
File138,C:\Users\John\Desktop\NSSECU3_projects\MP2_demontime\gpt5.2\File\File138,File138
File100,C:\Users\John\Desktop\NSSECU3_projects\MP2_demontime\gpt5.2\File\File100,File100
File124,C:\Users\John\Desktop\NSSECU3_projects\MP2_demontime\gpt5.2\File\File124,File124
File106,C:\Users\John\Desktop\NSSECU3_projects\MP2_demontime\gpt5.2\File\File106,File106
File107,C:\Users\John\Desktop\NSSECU3_projects\MP2_demontime\gpt5.2\File\File107,File107
File108,C:\Users\John\Desktop\NSSECU3_projects\MP2_demontime\gpt5.2\File\File108,File108
File109,C:\Users\John\Desktop\NSSECU3_projects\MP2_demontime\gpt5.2\File\File109,File109
File110,C:\Users\John\Desktop\NSSECU3_projects\MP2_demontime\gpt5.2\File\File110,File110
File111,C:\Users\John\Desktop\NSSECU3_projects\MP2_demontime\gpt5.2\File\File111,File111
File112,C:\Users\John\Desktop\NSSECU3_projects\MP2_demontime\gpt5.2\File\File112,File112
File113,C:\Users\John\Desktop\NSSECU3_projects\MP2_demontime\gpt5.2\File\File113,File113
File114,C:\Users\John\Desktop\NSSECU3_projects\MP2_demontime\gpt5.2\File\File114,File114
File115,C:\Users\John\Desktop\NSSECU3_projects\MP2_demontime\gpt5.2\File\File115,File115
File116,C:\Users\John\Desktop\NSSECU3_projects\MP2_demontime\gpt5.2\File\File116,File116
File126,C:\Users\John\Desktop\NSSECU3_projects\MP2_demontime\gpt5.2\File\File126,File126
File147,C:\Users\John\Desktop\NSSECU3_projects\MP2_demontime\gpt5.2\File\File147,File147
File127,C:\Users\John\Desktop\NSSECU3_projects\MP2_demontime\gpt5.2\File\File127,File127
File128,C:\Users\John\Desktop\NSSECU3_projects\MP2_demontime\gpt5.2\File\File128,File128
File202,C:\Users\John\Desktop\NSSECU3_projects\MP2_demontime\gpt5.2\File\File202,File202
File129,C:\Users\John\Desktop\NSSECU3_projects\MP2_demontime\gpt5.2\File\File129,File129
File139,C:\Users\John\Desktop\NSSECU3_projects\MP2_demontime\gpt5.2\File\File139,File139
File186,C:\Users\John\Desktop\NSSECU3_projects\MP2_demontime\gpt5.2\File\File186,File186
File130,C:\Users\John\Desktop\NSSECU3_projects\MP2_demontime\gpt5.2\File\File130,File130
File131,C:\Users\John\Desktop\NSSECU3_projects\MP2_demontime\gpt5.2\File\File131,File131
File132,C:\Users\John\Desktop\NSSECU3_projects\MP2_demontime\gpt5.2\File\File132,File132
File133,C:\Users\John\Desktop\NSSECU3_projects\MP2_demontime\gpt5.2\File\File133,File133
File145,C:\Users\John\Desktop\NSSECU3_projects\MP2_demontime\gpt5.2\File\File145,File145
File134,C:\Users\John\Desktop\NSSECU3_projects\MP2_demontime\gpt5.2\File\File134,File134
File135,C:\Users\John\Desktop\NSSECU3_projects\MP2_demontime\gpt5.2\File\File135,File135
File197,C:\Users\John\Desktop\NSSECU3_projects\MP2_demontime\gpt5.2\File\File197,File197
File136,C:\Users\John\Desktop\NSSECU3_projects\MP2_demontime\gpt5.2\File\File136,File136
File142,C:\Users\John\Desktop\NSSECU3_projects\MP2_demontime\gpt5.2\File\File142,File142
File143,C:\Users\John\Desktop\NSSECU3_projects\MP2_demontime\gpt5.2\File\File143,File143
File144,C:\Users\John\Desktop\NSSECU3_projects\MP2_demontime\gpt5.2\File\File144,File144
File148,C:\Users\John\Desktop\NSSECU3_projects\MP2_demontime\gpt5.2\File\File148,File148
File149,C:\Users\John\Desktop\NSSECU3_projects\MP2_demontime\gpt5.2\File\File149,File149
File150,C:\Users\John\Desktop\NSSECU3_projects\MP2_demontime\gpt5.2\File\File150,File150
File151,C:\Users\John\Desktop\NSSECU3_projects\MP2_demontime\gpt5.2\File\File151,File151
File152,C:\Users\John\Desktop\NSSECU3_projects\MP2_demontime\gpt5.2\File\File152,File152
File153,C:\Users\John\Desktop\NSSECU3_projects\MP2_demontime\gpt5.2\File\File153,File153
File154,C:\Users\John\Desktop\NSSECU3_projects\MP2_demontime\gpt5.2\File\File154,File154
File155,C:\Users\John\Desktop\NSSECU3_projects\MP2_demontime\gpt5.2\File\File155,File155
File160,C:\Users\John\Desktop\NSSECU3_projects\MP2_demontime\gpt5.2\File\File160,File160
File157,C:\Users\John\Desktop\NSSECU3_projects\MP2_demontime\gpt5.2\File\File157,File157
File156,C:\Users\John\Desktop\NSSECU3_projects\MP2_demontime\gpt5.2\File\File156,File156
File161,C:\Users\John\Desktop\NSSECU3_projects\MP2_demontime\gpt5.2\File\File161,File161
File162,C:\Users\John\Desktop\NSSECU3_projects\MP2_demontime\gpt5.2\File\File162,File162
File182,C:\Users\John\Desktop\NSSECU3_projects\MP2_demontime\gpt5.2\File\File182,File182
File163,C:\Users\John\Desktop\NSSECU3_projects\MP2_demontime\gpt5.2\File\File163,File163
File193,C:\Users\John\Desktop\NSSECU3_projects\MP2_demontime\gpt5.2\File\File193,File193
File164,C:\Users\John\Desktop\NSSECU3_projects\MP2_demontime\gpt5.2\File\File164,File164
File165,C:\Users\John\Desktop\NSSECU3_projects\MP2_demontime\gpt5.2\File\File165,File165
File166,C:\Users\John\Desktop\NSSECU3_projects\MP2_demontime\gpt5.2\File\File166,File024
File179,C:\Users\John\Desktop\NSSECU3_projects\MP2_demontime\gpt5.2\File\File179,File179
File167,C:\Users\John\Desktop\NSSECU3_projects\MP2_demontime\gpt5.2\File\File167,File167
File178,C:\Users\John\Desktop\NSSECU3_projects\MP2_demontime\gpt5.2\File\File178,File178
File168,C:\Users\John\Desktop\NSSECU3_projects\MP2_demontime\gpt5.2\File\File168,File168
File022,C:\Users\John\Desktop\NSSECU3_projects\MP2_demontime\gpt5.2\File\File022,File022
File183,C:\Users\John\Desktop\NSSECU3_projects\MP2_demontime\gpt5.2\File\File183,File183
File169,C:\Users\John\Desktop\NSSECU3_projects\MP2_demontime\gpt5.2\File\File169,File169
File025,C:\Users\John\Desktop\NSSECU3_projects\MP2_demontime\gpt5.2\File\File025,File025
File177,C:\Users\John\Desktop\NSSECU3_projects\MP2_demontime\gpt5.2\File\File177,File177
File029,C:\Users\John\Desktop\NSSECU3_projects\MP2_demontime\gpt5.2\File\File029,File029
File012,C:\Users\John\Desktop\NSSECU3_projects\MP2_demontime\gpt5.2\File\File012,File012
File170,C:\Users\John\Desktop\NSSECU3_projects\MP2_demontime\gpt5.2\File\File170,File170
File013,C:\Users\John\Desktop\NSSECU3_projects\MP2_demontime\gpt5.2\File\File013,File013
File171,C:\Users\John\Desktop\NSSECU3_projects\MP2_demontime\gpt5.2\File\File171,File171
File172,C:\Users\John\Desktop\NSSECU3_projects\MP2_demontime\gpt5.2\File\File172,File172
File014,C:\Users\John\Desktop\NSSECU3_projects\MP2_demontime\gpt5.2\File\File014,File014
File173,C:\Users\John\Desktop\NSSECU3_projects\MP2_demontime\gpt5.2\File\File173,File173
File021,C:\Users\John\Desktop\NSSECU3_projects\MP2_demontime\gpt5.2\File\File021,File021
File037,C:\Users\John\Desktop\NSSECU3_projects\MP2_demontime\gpt5.2\File\File037,File037
File015,C:\Users\John\Desktop\NSSECU3_projects\MP2_demontime\gpt5.2\File\File015,File015
File174,C:\Users\John\Desktop\NSSECU3_projects\MP2_demontime\gpt5.2\File\File174,File174
File016,C:\Users\John\Desktop\NSSECU3_projects\MP2_demontime\gpt5.2\File\File016,File016
File041,C:\Users\John\Desktop\NSSECU3_projects\MP2_demontime\gpt5.2\File\File041,File041
File175,C:\Users\John\Desktop\NSSECU3_projects\MP2_demontime\gpt5.2\File\File175,File175
File030,C:\Users\John\Desktop\NSSECU3_projects\MP2_demontime\gpt5.2\File\File030,File030
File184,C:\Users\John\Desktop\NSSECU3_projects\MP2_demontime\gpt5.2\File\File184,File184
File018,C:\Users\John\Desktop\NSSECU3_projects\MP2_demontime\gpt5.2\File\File018,File018
File176,C:\Users\John\Desktop\NSSECU3_projects\MP2_demontime\gpt5.2\File\File176,File024
File020,C:\Users\John\Desktop\NSSECU3_projects\MP2_demontime\gpt5.2\File\File020,File020
File180,C:\Users\John\Desktop\NSSECU3_projects\MP2_demontime\gpt5.2\File\File180,File180
File019,C:\Users\John\Desktop\NSSECU3_projects\MP2_demontime\gpt5.2\File\File019,File019
File185,C:\Users\John\Desktop\NSSECU3_projects\MP2_demontime\gpt5.2\File\File185,File185
File007,C:\Users\John\Desktop\NSSECU3_projects\MP2_demontime\gpt5.2\File\File007,File007
File003,C:\Users\John\Desktop\NSSECU3_projects\MP2_demontime\gpt5.2\File\File003,File003
File009,C:\Users\John\Desktop\NSSECU3_projects\MP2_demontime\gpt5.2\File\File009,File009
File069,C:\Users\John\Desktop\NSSECU3_projects\MP2_demontime\gpt5.2\File\File069,File069
File002,C:\Users\John\Desktop\NSSECU3_projects\MP2_demontime\gpt5.2\File\File002,File002
File065,C:\Users\John\Desktop\NSSECU3_projects\MP2_demontime\gpt5.2\File\File065,File065
File001,C:\Users\John\Desktop\NSSECU3_projects\MP2_demontime\gpt5.2\File\File001,File001
File054,C:\Users\John\Desktop\NSSECU3_projects\MP2_demontime\gpt5.2\File\File054,File054
File005,C:\Users\John\Desktop\NSSECU3_projects\MP2_demontime\gpt5.2\File\File005,File005
File023,C:\Users\John\Desktop\NSSECU3_projects\MP2_demontime\gpt5.2\File\File023,File023
File006,C:\Users\John\Desktop\NSSECU3_projects\MP2_demontime\gpt5.2\File\File006,File006
File008,C:\Users\John\Desktop\NSSECU3_projects\MP2_demontime\gpt5.2\File\File008,File008
File004,C:\Users\John\Desktop\NSSECU3_projects\MP2_demontime\gpt5.2\File\File004,File004
File053,C:\Users\John\Desktop\NSSECU3_projects\MP2_demontime\gpt5.2\File\File053,File053
File011,C:\Users\John\Desktop\NSSECU3_projects\MP2_demontime\gpt5.2\File\File011,File011
File017,C:\Users\John\Desktop\NSSECU3_projects\MP2_demontime\gpt5.2\File\File017,File017
File010,C:\Users\John\Desktop\NSSECU3_projects\MP2_demontime\gpt5.2\File\File010,File010
File031,C:\Users\John\Desktop\NSSECU3_projects\MP2_demontime\gpt5.2\File\File031,File031
h8514oem.fon,C:\Windows\Fonts\h8514oem.fon,File164
RegistryPlugin.TrustedDocuments.dll,C:\Users\John\net9\RegistryExplorer\Plugins\RegistryPlugin.TrustedDocuments.dll,File101
RegistryPlugin.UserAssist.dll,C:\Users\John\net9\RegistryExplorer\Plugins\RegistryPlugin.UserAssist.dll,File001
bfsvc.exe.mui,C:\Windows\en-US\bfsvc.exe.mui,File005
RegistryPlugin.SyscacheObjectTable.dll,C:\Users\John\net9\RegistryExplorer\Plugins\RegistryPlugin.SyscacheObjectTable.dll,File042
RegistryPlugin.SCSI.dll,C:\Users\John\net9\RegistryExplorer\Plugins\RegistryPlugin.SCSI.dll,File101
RegistryPlugin.RecentApps.dll,C:\Users\John\net9\RegistryExplorer\Plugins\RegistryPlugin.RecentApps.dll,File042
RegistryPlugin.ProfileList.dll,C:\Users\John\net9\RegistryExplorer\Plugins\RegistryPlugin.ProfileList.dll,File042
RegistryPlugin.Products.dll,C:\Users\John\net9\RegistryExplorer\Plugins\RegistryPlugin.Products.dll,File042
RegistryPlugin.TaskCache.dll,C:\Users\John\net9\RegistryExplorer\Plugins\RegistryPlugin.TaskCache.dll,File042
RegistryPlugin.OpenSaveMRU.dll,C:\Users\John\net9\RegistryExplorer\Plugins\RegistryPlugin.OpenSaveMRU.dll,File001
RegistryPlugin.Services.dll,C:\Users\John\net9\RegistryExplorer\Plugins\RegistryPlugin.Services.dll,File101
RegistryPlugin.NetworkSettings.dll,C:\Users\John\net9\RegistryExplorer\Plugins\RegistryPlugin.NetworkSettings.dll,File071
RegistryPlugin.NetworkAdapters.dll,C:\Users\John\net9\RegistryExplorer\Plugins\RegistryPlugin.NetworkAdapters.dll,File001
RegistryPlugin.LastVisitedMRU.dll,C:\Users\John\net9\RegistryExplorer\Plugins\RegistryPlugin.LastVisitedMRU.dll,File001
RegistryPlugin.Uninstall.dll,C:\Users\John\net9\RECmd\Plugins\RegistryPlugin.Uninstall.dll,File042
RegistryPlugin.TrustedDocuments.dll,C:\Users\John\net9\RECmd\Plugins\RegistryPlugin.TrustedDocuments.dll,File101
RegistryPlugin.SyscacheObjectTable.dll,C:\Users\John\net9\RECmd\Plugins\RegistryPlugin.SyscacheObjectTable.dll,File042
RegistryPlugin.Adobe.dll,C:\Users\John\net9\RECmd\Plugins\RegistryPlugin.Adobe.dll,File071
LTRData.Extensions.Native.dll,C:\Users\John\Downloads\OneDrive_1_02-02-2026\Arsenal-Image-Mounter-v3.11.290\Arsenal-Image-Mounter-v3.11.290\LTRData.Extensions.Native.dll,File025
RegistryPlugin.FirstFolder.dll,C:\Users\John\net9\RegistryExplorer\Plugins\RegistryPlugin.FirstFolder.dll,File001
lzo.net.dll,C:\Users\John\Downloads\OneDrive_1_02-02-2026\Arsenal-Image-Mounter-v3.11.290\Arsenal-Image-Mounter-v3.11.290\lzo.net.dll,File001
DiagPackage.dll.mui,C:\Windows\diagnostics\system\DeviceCenter\en-US\DiagPackage.dll.mui,File027
DiagPackage.dll.mui,C:\Windows\diagnostics\system\Device\en-US\DiagPackage.dll.mui,File042
MMCFxCommon.Resources.dll,C:\Windows\assembly\GAC_MSIL\MMCFxCommon.Resources\3.0.0.0_en_31bf3856ad364e35\MMCFxCommon.Resources.dll,File160
winhlp32.exe.mui,C:\Windows\en-US\winhlp32.exe.mui,File024
RegistryPlugin.USB.dll,C:\Users\John\net9\RegistryExplorer\Plugins\RegistryPlugin.USB.dll,File101
RegistryPlugin.Uninstall.dll,C:\Users\John\net9\RegistryExplorer\Plugins\RegistryPlugin.Uninstall.dll,File042
RegistryPlugin.USBSTOR.dll,C:\Users\John\net9\RegistryExplorer\Plugins\RegistryPlugin.USBSTOR.dll,File101
DiagPackage.dll.mui,C:\Windows\diagnostics\system\Keyboard\en-US\DiagPackage.dll.mui,File027
RegistryPlugin.WindowsPortableDevices.dll,C:\Users\John\net9\RegistryExplorer\Plugins\RegistryPlugin.WindowsPortableDevices.dll,File001
SpTip.dll.mui,C:\Windows\IME\en-US\SpTip.dll.mui,File005
RegistryPlugin.WindowsPortableDevices.dll,C:\Users\John\net9\RECmd\Plugins\RegistryPlugin.WindowsPortableDevices.dll,File001
RegistryPlugin.UserAssist.dll,C:\Users\John\net9\RECmd\Plugins\RegistryPlugin.UserAssist.dll,File001
RegistryPlugin.USBSTOR.dll,C:\Users\John\net9\RECmd\Plugins\RegistryPlugin.USBSTOR.dll,File101
RegistryPlugin.USB.dll,C:\Users\John\net9\RECmd\Plugins\RegistryPlugin.USB.dll,File101
RegistryPlugin.TaskCache.dll,C:\Users\John\net9\RECmd\Plugins\RegistryPlugin.TaskCache.dll,File042
RegistryPlugin.Services.dll,C:\Users\John\net9\RECmd\Plugins\RegistryPlugin.Services.dll,File101
RegistryPlugin.SCSI.dll,C:\Users\John\net9\RECmd\Plugins\RegistryPlugin.SCSI.dll,File101
RegistryPlugin.RecentApps.dll,C:\Users\John\net9\RECmd\Plugins\RegistryPlugin.RecentApps.dll,File042
RegistryPlugin.ProfileList.dll,C:\Users\John\net9\RECmd\Plugins\RegistryPlugin.ProfileList.dll,File042
RegistryPlugin.Products.dll,C:\Users\John\net9\RECmd\Plugins\RegistryPlugin.Products.dll,File042
RegistryPlugin.OpenSaveMRU.dll,C:\Users\John\net9\RECmd\Plugins\RegistryPlugin.OpenSaveMRU.dll,File001
RegistryPlugin.NetworkSettings.dll,C:\Users\John\net9\RECmd\Plugins\RegistryPlugin.NetworkSettings.dll,File071
RegistryPlugin.NetworkAdapters.dll,C:\Users\John\net9\RECmd\Plugins\RegistryPlugin.NetworkAdapters.dll,File001
RegistryPlugin.LastVisitedMRU.dll,C:\Users\John\net9\RECmd\Plugins\RegistryPlugin.LastVisitedMRU.dll,File001
RegistryPlugin.FirstFolder.dll,C:\Users\John\net9\RECmd\Plugins\RegistryPlugin.FirstFolder.dll,File001
RegistryPlugin.Ares.dll,C:\Users\John\net9\RECmd\Plugins\RegistryPlugin.Ares.dll,File071
hh.exe.mui,C:\Windows\en-US\hh.exe.mui,File005
DiagPackage.dll.mui,C:\Windows\diagnostics\system\Printer\en-US\DiagPackage.dll.mui,File101
RegistryPlugin.Adobe.dll,C:\Users\John\net9\RegistryExplorer\Plugins\RegistryPlugin.Adobe.dll,File071
RegistryPlugin.Ares.dll,C:\Users\John\net9\RegistryExplorer\Plugins\RegistryPlugin.Ares.dll,File071
DiagPackage.dll.mui,C:\Windows\diagnostics\system\PCW\en-US\DiagPackage.dll.mui,File042
ServiceModelEvents.dll,C:\Windows\Microsoft.NET\Framework\v4.0.30319\ServiceModelEvents.dll,File101
ServiceModelInstallRC.dll,C:\Windows\Microsoft.NET\Framework\v4.0.30319\ServiceModelInstallRC.dll,File101
ServiceModelRegUI.dll,C:\Windows\Microsoft.NET\Framework\v4.0.30319\ServiceModelRegUI.dll,File101
Microsoft.Windows.Diagnosis.Commands.WriteDiagTelemetry.resources.dll,C:\Windows\Microsoft.NET\assembly\GAC_MSIL\Microsoft.Windows.Diagnosis.Commands.WriteDiagTelemetry.Resources\v4.0_1.0.0.0_en_31bf3856ad364e35\Microsoft.Windows.Diagnosis.Commands.WriteDiagTelemetry.resources.dll,File160
NaturalLanguage6.dll,C:\Windows\Microsoft.NET\Framework\v4.0.30319\WPF\NaturalLanguage6.dll,File101
Microsoft.windowsauthenticationprotocols.commands.resources.dll,C:\Windows\Microsoft.NET\assembly\GAC_MSIL\Microsoft.WindowsAuthenticationProtocols.Commands.Resources\v4.0_10.0.0.0_en_31bf3856ad364e35\Microsoft.windowsauthenticationprotocols.commands.resources.dll,File160
Microsoft.Windows.StartLayout.Commands.Resources.dll,C:\Windows\Microsoft.NET\assembly\GAC_MSIL\Microsoft.Windows.StartLayout.Commands.Resources\v4.0_10.0.0.0_en_31bf3856ad364e35\Microsoft.Windows.StartLayout.Commands.Resources.dll,File160
Microsoft.Windows.Diagnosis.Commands.WriteDiagProgress.resources.dll,C:\Windows\Microsoft.NET\assembly\GAC_MSIL\Microsoft.Windows.Diagnosis.Commands.WriteDiagProgress.Resources\v4.0_1.0.0.0_en_31bf3856ad364e35\Microsoft.Windows.Diagnosis.Commands.WriteDiagProgress.resources.dll,File160
Microsoft.Windows.Diagnosis.SDHost.resources.dll,C:\Windows\Microsoft.NET\assembly\GAC_MSIL\Microsoft.Windows.Diagnosis.SDHost.Resources\v4.0_1.0.0.0_en_31bf3856ad364e35\Microsoft.Windows.Diagnosis.SDHost.resources.dll,File160
Microsoft.Windows.StartLayout.Commands.dll,C:\Windows\Microsoft.NET\assembly\GAC_MSIL\Microsoft.Windows.StartLayout.Commands\v4.0_10.0.0.0__31bf3856ad364e35\Microsoft.Windows.StartLayout.Commands.dll,File071
Microsoft.Windows.Diagnosis.Commands.UpdateDiagRootcause.resources.dll,C:\Windows\Microsoft.NET\assembly\GAC_MSIL\Microsoft.Windows.Diagnosis.Commands.UpdateDiagRootcause.Resources\v4.0_1.0.0.0_en_31bf3856ad364e35\Microsoft.Windows.Diagnosis.Commands.UpdateDiagRootcause.resources.dll,File160
PenIMC.dll,C:\Windows\Microsoft.NET\Framework\v4.0.30319\WPF\PenIMC.dll,File101
Microsoft.Windows.Diagnosis.Commands.UpdateDiagReport.resources.dll,C:\Windows\Microsoft.NET\assembly\GAC_MSIL\Microsoft.Windows.Diagnosis.Commands.UpdateDiagReport.Resources\v4.0_1.0.0.0_en_31bf3856ad364e35\Microsoft.Windows.Diagnosis.Commands.UpdateDiagReport.resources.dll,File160
Microsoft.Windows.Diagnosis.Commands.UpdateDiagReport.dll,C:\Windows\Microsoft.NET\assembly\GAC_MSIL\Microsoft.Windows.Diagnosis.Commands.UpdateDiagReport\v4.0_10.0.0.0__31bf3856ad364e35\Microsoft.Windows.Diagnosis.Commands.UpdateDiagReport.dll,File042
NlsLexicons0009.dll,C:\Windows\Microsoft.NET\Framework\v4.0.30319\WPF\NlsLexicons0009.dll,File101
NlsData0009.dll,C:\Windows\Microsoft.NET\Framework\v4.0.30319\WPF\NlsData0009.dll,File101
Microsoft.Windows.Diagnosis.Commands.GetDiagInput.dll,C:\Windows\Microsoft.NET\assembly\GAC_MSIL\Microsoft.Windows.Diagnosis.Commands.GetDiagInput\v4.0_10.0.0.0__31bf3856ad364e35\Microsoft.Windows.Diagnosis.Commands.GetDiagInput.dll,File042
Microsoft.Windows.Diagnosis.Commands.GetDiagInput.resources.dll,C:\Windows\Microsoft.NET\assembly\GAC_MSIL\Microsoft.Windows.Diagnosis.Commands.GetDiagInput.Resources\v4.0_1.0.0.0_en_31bf3856ad364e35\Microsoft.Windows.Diagnosis.Commands.GetDiagInput.resources.dll,File160
NaturalLanguage6.dll,C:\Windows\Microsoft.NET\Framework64\v4.0.30319\WPF\NaturalLanguage6.dll,File101
NlsLexicons0009.dll,C:\Windows\Microsoft.NET\Framework64\v4.0.30319\WPF\NlsLexicons0009.dll,File101
NlsData0009.dll,C:\Windows\Microsoft.NET\Framework64\v4.0.30319\WPF\NlsData0009.dll,File101
PenIMC.dll,C:\Windows\Microsoft.NET\Framework64\v4.0.30319\WPF\PenIMC.dll,File101
ServiceModelRegUI.dll,C:\Windows\Microsoft.NET\Framework64\v4.0.30319\ServiceModelRegUI.dll,File101
Microsoft.PowerShell.Utility.Activities.Resources.dll,C:\Windows\Microsoft.NET\assembly\GAC_MSIL\Microsoft.PowerShell.Utility.Activities.Resources\v4.0_3.0.0.0_en_31bf3856ad364e35\Microsoft.PowerShell.Utility.Activities.Resources.dll,File160
Microsoft.PowerShell.Commands.Diagnostics.resources.dll,C:\Windows\Microsoft.NET\assembly\GAC_MSIL\Microsoft.PowerShell.Commands.Diagnostics.Resources\v4.0_3.0.0.0_en_31bf3856ad364e35\Microsoft.PowerShell.Commands.Diagnostics.resources.dll,File071
Microsoft.KeyDistributionService.Cmdlets.Resources.dll,C:\Windows\Microsoft.NET\assembly\GAC_MSIL\Microsoft.KeyDistributionService.Cmdlets.Resources\v4.0_10.0.0.0_en_31bf3856ad364e35\Microsoft.KeyDistributionService.Cmdlets.Resources.dll,File160
ServiceModelEvents.dll,C:\Windows\Microsoft.NET\Framework64\v4.0.30319\ServiceModelEvents.dll,File101
ServiceModelInstallRC.dll,C:\Windows\Microsoft.NET\Framework64\v4.0.30319\ServiceModelInstallRC.dll,File101
TrustedInstaller.exe.mui,C:\Windows\servicing\en-US\TrustedInstaller.exe.mui,File024
bthserv.dll,C:\Windows\System32\bthserv.dll,File148
AggregatorHost.exe,C:\Windows\System32\AggregatorHost.exe,File148
adsldp.dll,C:\Windows\System32\adsldp.dll,File148
accessibilitycpl.dll,C:\Windows\System32\accessibilitycpl.dll,File148
sapisvr.exe.mui,C:\Windows\Speech\Common\en-US\sapisvr.exe.mui,File005
TabSvc.dll,C:\Windows\System32\TabSvc.dll,File148
WindowsCodecsExt.dll,C:\Windows\System32\WindowsCodecsExt.dll,File148
netdiagfx.dll,C:\Windows\System32\netdiagfx.dll,File148
msvcr100_clr0400.dll,C:\Windows\System32\msvcr100_clr0400.dll,File101
DxpTaskSync.dll,C:\Windows\System32\DxpTaskSync.dll,File148
MigRegDB.exe.mui,C:\Windows\System32\Com\en-US\MigRegDB.exe.mui,File005
comrepl.exe.mui,C:\Windows\System32\Com\en-US\comrepl.exe.mui,File005
ktmutil.exe.mui,C:\Windows\System32\en-US\ktmutil.exe.mui,File001
lmhsvc.dll.mui,C:\Windows\System32\en-US\lmhsvc.dll.mui,File027
authfwgp.dll.mui,C:\Windows\System32\en-US\authfwgp.dll.mui,File160
autoplay.dll.mui,C:\Windows\System32\en-US\autoplay.dll.mui,File160
lltdres.dll.mui,C:\Windows\System32\en-US\lltdres.dll.mui,File027
autotimesvc.dll.mui,C:\Windows\System32\en-US\autotimesvc.dll.mui,File024
VerifierExt.sys.mui,C:\Windows\System32\drivers\en-US\VerifierExt.sys.mui,File027
avifil32.dll.mui,C:\Windows\System32\en-US\avifil32.dll.mui,File160
AxInstUI.exe.mui,C:\Windows\System32\en-US\AxInstUI.exe.mui,File005
azroles.dll.mui,C:\Windows\System32\en-US\azroles.dll.mui,File027
bcastdvruserservice.dll.mui,C:\Windows\System32\en-US\bcastdvruserservice.dll.mui,File024
acpi.sys.mui,C:\Windows\System32\drivers\en-US\acpi.sys.mui,File001
licensingdiag.exe.mui,C:\Windows\System32\en-US\licensingdiag.exe.mui,File160
bcrypt.dll.mui,C:\Windows\System32\en-US\bcrypt.dll.mui,File027
bdesvc.dll.mui,C:\Windows\System32\en-US\bdesvc.dll.mui,File160
lfsvc.dll.mui,C:\Windows\System32\en-US\lfsvc.dll.mui,File024
BitLockerWizard.exe.mui,C:\Windows\System32\en-US\BitLockerWizard.exe.mui,File024
BitLockerWizardElev.exe.mui,C:\Windows\System32\en-US\BitLockerWizardElev.exe.mui,File024
bitsadmin.exe.mui,C:\Windows\System32\en-US\bitsadmin.exe.mui,File005
bnmanager.dll.mui,C:\Windows\System32\en-US\bnmanager.dll.mui,File160
bootstr.dll.mui,C:\Windows\System32\en-US\bootstr.dll.mui,File024
bridgeres.dll.mui,C:\Windows\System32\en-US\bridgeres.dll.mui,File005
BrokerLib.dll.mui,C:\Windows\System32\en-US\BrokerLib.dll.mui,File005
volmgrx.sys.mui,C:\Windows\System32\drivers\en-US\volmgrx.sys.mui,File024
Magnification.dll.mui,C:\Windows\System32\en-US\Magnification.dll.mui,File024
BTAGService.dll.mui,C:\Windows\System32\en-US\BTAGService.dll.mui,File027
BthAvctpSvc.dll.mui,C:\Windows\System32\en-US\BthAvctpSvc.dll.mui,File024
BthAvrcp.dll.mui,C:\Windows\System32\en-US\BthAvrcp.dll.mui,File024
label.exe.mui,C:\Windows\System32\en-US\label.exe.mui,File005
BthAvrcpAppSvc.dll.mui,C:\Windows\System32\en-US\BthAvrcpAppSvc.dll.mui,File024
usbstor.sys.mui,C:\Windows\System32\drivers\en-US\usbstor.sys.mui,File024
bthci.dll.mui,C:\Windows\System32\en-US\bthci.dll.mui,File027
BthMtpContextHandler.dll.mui,C:\Windows\System32\en-US\BthMtpContextHandler.dll.mui,File024
sdstor.sys.mui,C:\Windows\System32\drivers\en-US\sdstor.sys.mui,File027
bthudtask.exe.mui,C:\Windows\System32\en-US\bthudtask.exe.mui,File024
btpanui.dll.mui,C:\Windows\System32\en-US\btpanui.dll.mui,File160
LanguageComponentsInstallerComHandler.exe.mui,C:\Windows\System32\en-US\LanguageComponentsInstallerComHandler.exe.mui,File024
tsusbflt.sys.mui,C:\Windows\System32\drivers\en-US\tsusbflt.sys.mui,File027
kmddsp.tsp.mui,C:\Windows\System32\en-US\kmddsp.tsp.mui,File005
LicenseManagerSvc.dll.mui,C:\Windows\System32\en-US\LicenseManagerSvc.dll.mui,File024
CallHistoryClient.dll.mui,C:\Windows\System32\en-US\CallHistoryClient.dll.mui,File027
serial.sys.mui,C:\Windows\System32\drivers\en-US\serial.sys.mui,File001
lpremove.exe.mui,C:\Windows\System32\en-US\lpremove.exe.mui,File005
vmbus.sys.mui,C:\Windows\System32\drivers\en-US\vmbus.sys.mui,File024
capisp.dll.mui,C:\Windows\System32\en-US\capisp.dll.mui,File024
CaptureService.dll.mui,C:\Windows\System32\en-US\CaptureService.dll.mui,File024
CBDHSvc.dll.mui,C:\Windows\System32\en-US\CBDHSvc.dll.mui,File005
cdd.dll.mui,C:\Windows\System32\en-US\cdd.dll.mui,File005
cdp.dll.mui,C:\Windows\System32\en-US\cdp.dll.mui,File024
localui.dll.mui,C:\Windows\System32\en-US\localui.dll.mui,File027
scsiport.sys.mui,C:\Windows\System32\drivers\en-US\scsiport.sys.mui,File027
cdpsvc.dll.mui,C:\Windows\System32\en-US\cdpsvc.dll.mui,File024
la57setup.exe.mui,C:\Windows\System32\en-US\la57setup.exe.mui,File160
cdpusersvc.dll.mui,C:\Windows\System32\en-US\cdpusersvc.dll.mui,File024
scfilter.sys.mui,C:\Windows\System32\drivers\en-US\scfilter.sys.mui,File024
wudfpf.sys.mui,C:\Windows\System32\drivers\en-US\wudfpf.sys.mui,File024
cemapi.dll.mui,C:\Windows\System32\en-US\cemapi.dll.mui,File027
wfplwfs.sys.mui,C:\Windows\System32\drivers\en-US\wfplwfs.sys.mui,File027
ksxbar.ax.mui,C:\Windows\System32\en-US\ksxbar.ax.mui,File160
wdf01000.sys.mui,C:\Windows\System32\drivers\en-US\wdf01000.sys.mui,File027
certcli.dll.mui,C:\Windows\System32\en-US\certcli.dll.mui,File160
certcredprovider.dll.mui,C:\Windows\System32\en-US\certcredprovider.dll.mui,File024
certenc.dll.mui,C:\Windows\System32\en-US\certenc.dll.mui,File024
Locator.exe.mui,C:\Windows\System32\en-US\Locator.exe.mui,File024
CertEnrollCtrl.exe.mui,C:\Windows\System32\en-US\CertEnrollCtrl.exe.mui,File005
ws2ifsl.sys.mui,C:\Windows\System32\drivers\en-US\ws2ifsl.sys.mui,File005
rdpdr.sys.mui,C:\Windows\System32\drivers\en-US\rdpdr.sys.mui,File024
certprop.dll.mui,C:\Windows\System32\en-US\certprop.dll.mui,File160
SensorsHid.dll.mui,C:\Windows\System32\DriverStore\en-US\SensorsHid.dll.mui,File027
cleanmgr.exe.mui,C:\Windows\System32\en-US\cleanmgr.exe.mui,File071
keyiso.dll.mui,C:\Windows\System32\en-US\keyiso.dll.mui,File024
elscore.dll.mui,C:\Windows\System32\en-US\elscore.dll.mui,File027
embeddedmodesvc.dll.mui,C:\Windows\System32\en-US\embeddedmodesvc.dll.mui,File024
CbmrProvider.dll.mui,C:\Windows\System32\Dism\en-US\CbmrProvider.dll.mui,File005
energytask.dll.mui,C:\Windows\System32\en-US\energytask.dll.mui,File024
EnterpriseAppMgmtSvc.dll.mui,C:\Windows\System32\en-US\EnterpriseAppMgmtSvc.dll.mui,File024
SysprepProvider.dll.mui,C:\Windows\System32\Dism\en-US\SysprepProvider.dll.mui,File024
IBSProvider.dll.mui,C:\Windows\System32\Dism\en-US\IBSProvider.dll.mui,File005
MsuProvider.dll.mui,C:\Windows\System32\Dism\en-US\MsuProvider.dll.mui,File027
evr.dll.mui,C:\Windows\System32\en-US\evr.dll.mui,File024
ExecModelClient.dll.mui,C:\Windows\System32\en-US\ExecModelClient.dll.mui,File024
mciwave.dll.mui,C:\Windows\System32\en-US\mciwave.dll.mui,File027
FolderProvider.dll.mui,C:\Windows\System32\Dism\en-US\FolderProvider.dll.mui,File005
extrac32.exe.mui,C:\Windows\System32\en-US\extrac32.exe.mui,File024
AccountAccessor.dll.mui,C:\Windows\System32\en-US\AccountAccessor.dll.mui,File027
fc.exe.mui,C:\Windows\System32\en-US\fc.exe.mui,File005
AccountHealth.dll.mui,C:\Windows\System32\en-US\AccountHealth.dll.mui,File160
AccountsRT.dll.mui,C:\Windows\System32\en-US\AccountsRT.dll.mui,File024
fdPHost.dll.mui,C:\Windows\System32\en-US\fdPHost.dll.mui,File160
acproxy.dll.mui,C:\Windows\System32\en-US\acproxy.dll.mui,File024
fhcfg.dll.mui,C:\Windows\System32\en-US\fhcfg.dll.mui,File024
fhcleanup.dll.mui,C:\Windows\System32\en-US\fhcleanup.dll.mui,File024
actionqueue.dll.mui,C:\Windows\System32\en-US\actionqueue.dll.mui,File027
DismProv.dll.mui,C:\Windows\System32\Dism\en-US\DismProv.dll.mui,File005
fhengine.dll.mui,C:\Windows\System32\en-US\fhengine.dll.mui,File005
ActiveSyncCsp.dll.mui,C:\Windows\System32\en-US\ActiveSyncCsp.dll.mui,File024
adpsvc.dll.mui,C:\Windows\System32\en-US\adpsvc.dll.mui,File005
fhshl.dll.mui,C:\Windows\System32\en-US\fhshl.dll.mui,File005
adsldpc.dll.mui,C:\Windows\System32\en-US\adsldpc.dll.mui,File024
fhtask.dll.mui,C:\Windows\System32\en-US\fhtask.dll.mui,File024
advapi32.dll.mui,C:\Windows\System32\en-US\advapi32.dll.mui,File160
fidocredprov.dll.mui,C:\Windows\System32\en-US\fidocredprov.dll.mui,File101
FileHistory.exe.mui,C:\Windows\System32\en-US\FileHistory.exe.mui,File005
find.exe.mui,C:\Windows\System32\en-US\find.exe.mui,File005
aemarebackup.dll.mui,C:\Windows\System32\en-US\aemarebackup.dll.mui,File005
alg.exe.mui,C:\Windows\System32\en-US\alg.exe.mui,File024
finger.exe.mui,C:\Windows\System32\en-US\finger.exe.mui,File160
fingerprintcredential.dll.mui,C:\Windows\System32\en-US\fingerprintcredential.dll.mui,File071
APMon.dll.mui,C:\Windows\System32\en-US\APMon.dll.mui,File024
APMonUI.dll.mui,C:\Windows\System32\en-US\APMonUI.dll.mui,File027
AppContracts.dll.mui,C:\Windows\System32\en-US\AppContracts.dll.mui,File160
OfflineSetupProvider.dll.mui,C:\Windows\System32\Dism\en-US\OfflineSetupProvider.dll.mui,File005
fixmapi.exe.mui,C:\Windows\System32\en-US\fixmapi.exe.mui,File005
AppExtension.dll.mui,C:\Windows\System32\en-US\AppExtension.dll.mui,File024
FlightSettings.dll.mui,C:\Windows\System32\en-US\FlightSettings.dll.mui,File024
apphelp.dll.mui,C:\Windows\System32\en-US\apphelp.dll.mui,File027
Apphlpdm.dll.mui,C:\Windows\System32\en-US\Apphlpdm.dll.mui,File160
AppHostRegistrationVerifier.exe.mui,C:\Windows\System32\en-US\AppHostRegistrationVerifier.exe.mui,File024
OSProvider.dll.mui,C:\Windows\System32\Dism\en-US\OSProvider.dll.mui,File024
appidsvc.dll.mui,C:\Windows\System32\en-US\appidsvc.dll.mui,File027
FntCache.dll.mui,C:\Windows\System32\en-US\FntCache.dll.mui,File024
MBMediaManager.dll.mui,C:\Windows\System32\en-US\MBMediaManager.dll.mui,File024
fodhelper.exe.mui,C:\Windows\System32\en-US\fodhelper.exe.mui,File024
AppInstallerPrompt.Desktop.dll.mui,C:\Windows\System32\en-US\AppInstallerPrompt.Desktop.dll.mui,File005
Fondue.exe.mui,C:\Windows\System32\en-US\Fondue.exe.mui,File027
ApplicationFrame.dll.mui,C:\Windows\System32\en-US\ApplicationFrame.dll.mui,File027
applockercsp.dll.mui,C:\Windows\System32\en-US\applockercsp.dll.mui,File024
fontview.exe.mui,C:\Windows\System32\en-US\fontview.exe.mui,File160
appraiser.dll.mui,C:\Windows\System32\en-US\appraiser.dll.mui,File027
wpdmtpdr.dll.mui,C:\Windows\System32\drivers\UMDF\en-US\wpdmtpdr.dll.mui,File024
AppReadiness.dll.mui,C:\Windows\System32\en-US\AppReadiness.dll.mui,File101
fphc.dll.mui,C:\Windows\System32\en-US\fphc.dll.mui,File042
mciqtz32.dll.mui,C:\Windows\System32\en-US\mciqtz32.dll.mui,File027
AppResolver.dll.mui,C:\Windows\System32\en-US\AppResolver.dll.mui,File027
dcomcnfg.exe.mui,C:\Windows\System32\en-US\dcomcnfg.exe.mui,File005
FrameServerMonitor.dll.mui,C:\Windows\System32\en-US\FrameServerMonitor.dll.mui,File024
AppxApplicabilityEngine.dll.mui,C:\Windows\System32\en-US\AppxApplicabilityEngine.dll.mui,File024
fsavailux.exe.mui,C:\Windows\System32\en-US\fsavailux.exe.mui,File027
SmiProvider.dll.mui,C:\Windows\System32\Dism\en-US\SmiProvider.dll.mui,File005
ApxSvc.dll.mui,C:\Windows\System32\en-US\ApxSvc.dll.mui,File024
fthsvc.dll.mui,C:\Windows\System32\en-US\fthsvc.dll.mui,File027
getmac.exe.mui,C:\Windows\System32\en-US\getmac.exe.mui,File001
FunDisc.dll.mui,C:\Windows\System32\en-US\FunDisc.dll.mui,File042
AuthBrokerUI.dll.mui,C:\Windows\System32\en-US\AuthBrokerUI.dll.mui,File027
atl.dll.mui,C:\Windows\System32\en-US\atl.dll.mui,File005
attrib.exe.mui,C:\Windows\System32\en-US\attrib.exe.mui,File005
audiodg.exe.mui,C:\Windows\System32\en-US\audiodg.exe.mui,File005
fveui.dll.mui,C:\Windows\System32\en-US\fveui.dll.mui,File024
AudioEndpointBuilder.dll.mui,C:\Windows\System32\en-US\AudioEndpointBuilder.dll.mui,File027
AudioHandlers.dll.mui,C:\Windows\System32\en-US\AudioHandlers.dll.mui,File024
mapsupdatetask.dll.mui,C:\Windows\System32\en-US\mapsupdatetask.dll.mui,File024
g711codc.ax.mui,C:\Windows\System32\en-US\g711codc.ax.mui,File024
MCCSEngineShared.dll.mui,C:\Windows\System32\en-US\MCCSEngineShared.dll.mui,File024
GCDEF.dll.mui,C:\Windows\System32\en-US\GCDEF.dll.mui,File042
auditpolcore.dll.mui,C:\Windows\System32\en-US\auditpolcore.dll.mui,File160
AuthExt.dll.mui,C:\Windows\System32\en-US\AuthExt.dll.mui,File024
AuthBroker.dll.mui,C:\Windows\System32\en-US\AuthBroker.dll.mui,File027
agilevpn.sys.mui,C:\Windows\System32\drivers\en-US\agilevpn.sys.mui,File160
kdcpw.dll.mui,C:\Windows\System32\en-US\kdcpw.dll.mui,File005
BTHUSB.SYS.mui,C:\Windows\System32\drivers\en-US\BTHUSB.SYS.mui,File027
bfs.sys.mui,C:\Windows\System32\drivers\en-US\bfs.sys.mui,File005
dab.dll.mui,C:\Windows\System32\en-US\dab.dll.mui,File005
dabapi.dll.mui,C:\Windows\System32\en-US\dabapi.dll.mui,File005
DafGip.dll.mui,C:\Windows\System32\en-US\DafGip.dll.mui,File024
dafpos.dll.mui,C:\Windows\System32\en-US\dafpos.dll.mui,File005
DaOtpCredentialProvider.dll.mui,C:\Windows\System32\en-US\DaOtpCredentialProvider.dll.mui,File001
das.dll.mui,C:\Windows\System32\en-US\das.dll.mui,File042
DataExchangeHost.exe.mui,C:\Windows\System32\en-US\DataExchangeHost.exe.mui,File005
DavSyncProvider.dll.mui,C:\Windows\System32\en-US\DavSyncProvider.dll.mui,File071
dcsvc.dll.mui,C:\Windows\System32\en-US\dcsvc.dll.mui,File024
ddraw.dll.mui,C:\Windows\System32\en-US\ddraw.dll.mui,File024
DefaultPrinterProvider.dll.mui,C:\Windows\System32\en-US\DefaultPrinterProvider.dll.mui,File005
desk.cpl.mui,C:\Windows\System32\en-US\desk.cpl.mui,File027
deskmon.dll.mui,C:\Windows\System32\en-US\deskmon.dll.mui,File027
DevDispItemProvider.dll.mui,C:\Windows\System32\en-US\DevDispItemProvider.dll.mui,File024
devenum.dll.mui,C:\Windows\System32\en-US\devenum.dll.mui,File024
DeviceCompanionAppInstall.dll.mui,C:\Windows\System32\en-US\DeviceCompanionAppInstall.dll.mui,File024
DeviceDirectoryClient.dll.mui,C:\Windows\System32\en-US\DeviceDirectoryClient.dll.mui,File027
DeviceDisplayStatusManager.dll.mui,C:\Windows\System32\en-US\DeviceDisplayStatusManager.dll.mui,File005
idtsec.dll.mui,C:\Windows\System32\drivers\UMDF\en-US\idtsec.dll.mui,File001
DeviceElementSource.dll.mui,C:\Windows\System32\en-US\DeviceElementSource.dll.mui,File027
DevicePairingExperienceMEM.dll.mui,C:\Windows\System32\en-US\DevicePairingExperienceMEM.dll.mui,File024
mgtdyn.dll.mui,C:\Windows\System32\drivers\UMDF\en-US\mgtdyn.dll.mui,File001
DevicePairingProxy.dll.mui,C:\Windows\System32\en-US\DevicePairingProxy.dll.mui,File005
DeviceProperties.exe.mui,C:\Windows\System32\en-US\DeviceProperties.exe.mui,File005
DeviceSetupStatusProvider.dll.mui,C:\Windows\System32\en-US\DeviceSetupStatusProvider.dll.mui,File160
SensorsCx.dll.mui,C:\Windows\System32\drivers\UMDF\en-US\SensorsCx.dll.mui,File005
hidscanner.dll.mui,C:\Windows\System32\drivers\UMDF\en-US\hidscanner.dll.mui,File005
devquerybroker.dll.mui,C:\Windows\System32\en-US\devquerybroker.dll.mui,File024
NdisVirtualBus.sys.mui,C:\Windows\System32\drivers\en-US\NdisVirtualBus.sys.mui,File005
DfsShlEx.dll.mui,C:\Windows\System32\en-US\DfsShlEx.dll.mui,File027
dhcpcsvc.dll.mui,C:\Windows\System32\en-US\dhcpcsvc.dll.mui,File024
dialserver.dll.mui,C:\Windows\System32\en-US\dialserver.dll.mui,File024
parport.sys.mui,C:\Windows\System32\drivers\en-US\parport.sys.mui,File160
NdisImPlatform.sys.mui,C:\Windows\System32\drivers\en-US\NdisImPlatform.sys.mui,File071
dmusic.dll.mui,C:\Windows\System32\en-US\dmusic.dll.mui,File005
DispBroker.Desktop.dll.mui,C:\Windows\System32\en-US\DispBroker.Desktop.dll.mui,File160
DisplaySwitch.exe.mui,C:\Windows\System32\en-US\DisplaySwitch.exe.mui,File160
djctq.rs.mui,C:\Windows\System32\en-US\djctq.rs.mui,File027
dlnashext.dll.mui,C:\Windows\System32\en-US\dlnashext.dll.mui,File160
dmdskres2.dll.mui,C:\Windows\System32\en-US\dmdskres2.dll.mui,File160
ndisuio.sys.mui,C:\Windows\System32\drivers\en-US\ndisuio.sys.mui,File027
lpq.exe.mui,C:\Windows\System32\en-US\lpq.exe.mui,File027
iorate.sys.mui,C:\Windows\System32\drivers\en-US\iorate.sys.mui,File005
IndirectKmd.sys.mui,C:\Windows\System32\drivers\en-US\IndirectKmd.sys.mui,File024
iphlpapi.dll.mui,C:\Windows\System32\en-US\iphlpapi.dll.mui,File160
HvService.sys.mui,C:\Windows\System32\drivers\en-US\HvService.sys.mui,File005
hidbatt.sys.mui,C:\Windows\System32\drivers\en-US\hidbatt.sys.mui,File005
InternetMailCsp.dll.mui,C:\Windows\System32\en-US\InternetMailCsp.dll.mui,File024
icsigd.dll.mui,C:\Windows\System32\en-US\icsigd.dll.mui,File160
CAD.sys.mui,C:\Windows\System32\drivers\en-US\CAD.sys.mui,File005
ikeext.dll.mui,C:\Windows\System32\en-US\ikeext.dll.mui,File160
kbdhid.sys.mui,C:\Windows\System32\drivers\en-US\kbdhid.sys.mui,File024
grb.rs.mui,C:\Windows\System32\en-US\grb.rs.mui,File027
imaadp32.acm.mui,C:\Windows\System32\en-US\imaadp32.acm.mui,File160
i8042prt.sys.mui,C:\Windows\System32\drivers\en-US\i8042prt.sys.mui,File001
cdrom.sys.mui,C:\Windows\System32\drivers\en-US\cdrom.sys.mui,File024
isapnp.sys.mui,C:\Windows\System32\drivers\en-US\isapnp.sys.mui,File160
gpprnext.dll.mui,C:\Windows\System32\en-US\gpprnext.dll.mui,File005
cmimcext.sys.mui,C:\Windows\System32\drivers\en-US\cmimcext.sys.mui,File160
dmwappushsvc.dll.mui,C:\Windows\System32\en-US\dmwappushsvc.dll.mui,File024
licmgr10.dll.mui,C:\Windows\System32\en-US\licmgr10.dll.mui,File160
dnsrslvr.dll.mui,C:\Windows\System32\en-US\dnsrslvr.dll.mui,File027
Docking.VirtualInput.dll.mui,C:\Windows\System32\en-US\Docking.VirtualInput.dll.mui,File005
LockAppBroker.dll.mui,C:\Windows\System32\en-US\LockAppBroker.dll.mui,File027
LockScreenContent.dll.mui,C:\Windows\System32\en-US\LockScreenContent.dll.mui,File024
DocumentPerformanceEvents.dll.mui,C:\Windows\System32\en-US\DocumentPerformanceEvents.dll.mui,File024
domgmt.dll.mui,C:\Windows\System32\en-US\domgmt.dll.mui,File027
doskey.exe.mui,C:\Windows\System32\en-US\doskey.exe.mui,File005
logoncli.dll.mui,C:\Windows\System32\en-US\logoncli.dll.mui,File071
dosvc.dll.mui,C:\Windows\System32\en-US\dosvc.dll.mui,File027
dot3api.dll.mui,C:\Windows\System32\en-US\dot3api.dll.mui,File024
lpasvc.dll.mui,C:\Windows\System32\en-US\lpasvc.dll.mui,File024
dot3gpclnt.dll.mui,C:\Windows\System32\en-US\dot3gpclnt.dll.mui,File160
dot3msm.dll.mui,C:\Windows\System32\en-US\dot3msm.dll.mui,File024
dpapimig.exe.mui,C:\Windows\System32\en-US\dpapimig.exe.mui,File160
dpapisrv.dll.mui,C:\Windows\System32\en-US\dpapisrv.dll.mui,File042
Usb4DeviceRouter.SYS.mui,C:\Windows\System32\DriverStore\en-US\Usb4DeviceRouter.SYS.mui,File160
DpiScaling.exe.mui,C:\Windows\System32\en-US\DpiScaling.exe.mui,File024
drprov.dll.mui,C:\Windows\System32\en-US\drprov.dll.mui,File024
DscProxy.dll.mui,C:\Windows\System32\en-US\DscProxy.dll.mui,File005
DscTimer.dll.mui,C:\Windows\System32\en-US\DscTimer.dll.mui,File024
dsound.dll.mui,C:\Windows\System32\en-US\dsound.dll.mui,File024
dsregcmd.exe.mui,C:\Windows\System32\en-US\dsregcmd.exe.mui,File024
dsregtask.dll.mui,C:\Windows\System32\en-US\dsregtask.dll.mui,File024
mapstoasttask.dll.mui,C:\Windows\System32\en-US\mapstoasttask.dll.mui,File024
dssvc.dll.mui,C:\Windows\System32\en-US\dssvc.dll.mui,File024
Dsui.dll.mui,C:\Windows\System32\en-US\Dsui.dll.mui,File027
bthenum.sys.mui,C:\Windows\System32\drivers\en-US\bthenum.sys.mui,File005
uefi.sys.mui,C:\Windows\System32\DriverStore\en-US\uefi.sys.mui,File160
duser.dll.mui,C:\Windows\System32\en-US\duser.dll.mui,File027
dwmapi.dll.mui,C:\Windows\System32\en-US\dwmapi.dll.mui,File027
dwmcore.dll.mui,C:\Windows\System32\en-US\dwmcore.dll.mui,File071
dwminit.dll.mui,C:\Windows\System32\en-US\dwminit.dll.mui,File024
dwmredir.dll.mui,C:\Windows\System32\en-US\dwmredir.dll.mui,File024
DWrite.dll.mui,C:\Windows\System32\en-US\DWrite.dll.mui,File005
dxpserver.exe.mui,C:\Windows\System32\en-US\dxpserver.exe.mui,File024
eappcfgui.dll.mui,C:\Windows\System32\en-US\eappcfgui.dll.mui,File160
EapTeapAuth.dll.mui,C:\Windows\System32\en-US\EapTeapAuth.dll.mui,File024
EapTeapExt.dll.mui,C:\Windows\System32\en-US\EapTeapExt.dll.mui,File160
easconsent.dll.mui,C:\Windows\System32\en-US\easconsent.dll.mui,File024
EASPolicyManagerBrokerHost.exe.mui,C:\Windows\System32\en-US\EASPolicyManagerBrokerHost.exe.mui,File024
EcoScoreTask.dll.mui,C:\Windows\System32\en-US\EcoScoreTask.dll.mui,File005
main.cpl.mui,C:\Windows\System32\en-US\main.cpl.mui,File101
EditionUpgradeHelper.dll.mui,C:\Windows\System32\en-US\EditionUpgradeHelper.dll.mui,File024
edptask.dll.mui,C:\Windows\System32\en-US\edptask.dll.mui,File027
edputil.dll.mui,C:\Windows\System32\en-US\edputil.dll.mui,File024
efsext.dll.mui,C:\Windows\System32\en-US\efsext.dll.mui,File027
efssvc.dll.mui,C:\Windows\System32\en-US\efssvc.dll.mui,File024
EhStorShell.dll.mui,C:\Windows\System32\en-US\EhStorShell.dll.mui,File024
cewmdm.dll.mui,C:\Windows\System32\en-US\cewmdm.dll.mui,File027
cfgbkend.dll.mui,C:\Windows\System32\en-US\cfgbkend.dll.mui,File160
gpapi.dll.mui,C:\Windows\System32\en-US\gpapi.dll.mui,File160
gptext.dll.mui,C:\Windows\System32\en-US\gptext.dll.mui,File024
chkdsk.exe.mui,C:\Windows\System32\en-US\chkdsk.exe.mui,File005
chkntfs.exe.mui,C:\Windows\System32\en-US\chkntfs.exe.mui,File005
grpconv.exe.mui,C:\Windows\System32\en-US\grpconv.exe.mui,File024
cic.dll.mui,C:\Windows\System32\en-US\cic.dll.mui,File005
hdwwiz.exe.mui,C:\Windows\System32\en-US\hdwwiz.exe.mui,File005
pdc.sys.mui,C:\Windows\System32\drivers\en-US\pdc.sys.mui,File005
clfs.sys.mui,C:\Windows\System32\en-US\clfs.sys.mui,File005
hid.dll.mui,C:\Windows\System32\en-US\hid.dll.mui,File005
hidphone.tsp.mui,C:\Windows\System32\en-US\hidphone.tsp.mui,File027
hidserv.dll.mui,C:\Windows\System32\en-US\hidserv.dll.mui,File024
ClipboardServer.dll.mui,C:\Windows\System32\en-US\ClipboardServer.dll.mui,File024
hlink.dll.mui,C:\Windows\System32\en-US\hlink.dll.mui,File024
Clipc.dll.mui,C:\Windows\System32\en-US\Clipc.dll.mui,File071
partmgr.sys.mui,C:\Windows\System32\drivers\en-US\partmgr.sys.mui,File160
clipsvc.dll.mui,C:\Windows\System32\en-US\clipsvc.dll.mui,File071
hnetcfgclient.dll.mui,C:\Windows\System32\en-US\hnetcfgclient.dll.mui,File024
CloudDomainJoinAUG.dll.mui,C:\Windows\System32\en-US\CloudDomainJoinAUG.dll.mui,File024
CloudExperienceHostCommon.dll.mui,C:\Windows\System32\en-US\CloudExperienceHostCommon.dll.mui,File024
hostname.exe.mui,C:\Windows\System32\en-US\hostname.exe.mui,File024
qwavedrv.sys.mui,C:\Windows\System32\drivers\en-US\qwavedrv.sys.mui,File024
CloudNotifications.exe.mui,C:\Windows\System32\en-US\CloudNotifications.exe.mui,File024
html.iec.mui,C:\Windows\System32\en-US\html.iec.mui,File001
httpapi.dll.mui,C:\Windows\System32\en-US\httpapi.dll.mui,File005
cmcfg32.dll.mui,C:\Windows\System32\en-US\cmcfg32.dll.mui,File027
ias.dll.mui,C:\Windows\System32\en-US\ias.dll.mui,File027
iasacct.dll.mui,C:\Windows\System32\en-US\iasacct.dll.mui,File005
cmdl32.exe.mui,C:\Windows\System32\en-US\cmdl32.exe.mui,File024
iasads.dll.mui,C:\Windows\System32\en-US\iasads.dll.mui,File005
cmlua.dll.mui,C:\Windows\System32\en-US\cmlua.dll.mui,File005
iashlpr.dll.mui,C:\Windows\System32\en-US\iashlpr.dll.mui,File005
iasrad.dll.mui,C:\Windows\System32\en-US\iasrad.dll.mui,File024
cmstplua.dll.mui,C:\Windows\System32\en-US\cmstplua.dll.mui,File005
icsvcext.dll.mui,C:\Windows\System32\en-US\icsvcext.dll.mui,File024
cngcredui.dll.mui,C:\Windows\System32\en-US\cngcredui.dll.mui,File027
cob-au.rs.mui,C:\Windows\System32\en-US\cob-au.rs.mui,File027
cofire.exe.mui,C:\Windows\System32\en-US\cofire.exe.mui,File160
MTConfig.sys.mui,C:\Windows\System32\drivers\en-US\MTConfig.sys.mui,File024
ie4uinit.exe.mui,C:\Windows\System32\en-US\ie4uinit.exe.mui,File160
cofiredm.dll.mui,C:\Windows\System32\en-US\cofiredm.dll.mui,File101
colorcpl.exe.mui,C:\Windows\System32\en-US\colorcpl.exe.mui,File024
iertutil.dll.mui,C:\Windows\System32\en-US\iertutil.dll.mui,File024
ieui.dll.mui,C:\Windows\System32\en-US\ieui.dll.mui,File027
comp.exe.mui,C:\Windows\System32\en-US\comp.exe.mui,File005
ieunatt.exe.mui,C:\Windows\System32\en-US\ieunatt.exe.mui,File005
compact.exe.mui,C:\Windows\System32\en-US\compact.exe.mui,File071
CompatTelRunner.exe.mui,C:\Windows\System32\en-US\CompatTelRunner.exe.mui,File024
mshidumdf.sys.mui,C:\Windows\System32\drivers\en-US\mshidumdf.sys.mui,File024
CompMgmtLauncher.exe.mui,C:\Windows\System32\en-US\CompMgmtLauncher.exe.mui,File005
imageres.dll.mui,C:\Windows\System32\en-US\imageres.dll.mui,File005
imapi.dll.mui,C:\Windows\System32\en-US\imapi.dll.mui,File024
mountmgr.sys.mui,C:\Windows\System32\drivers\en-US\mountmgr.sys.mui,File024
computelibeventlog.dll.mui,C:\Windows\System32\en-US\computelibeventlog.dll.mui,File160
computenetwork.dll.mui,C:\Windows\System32\en-US\computenetwork.dll.mui,File005
pnpmem.sys.mui,C:\Windows\System32\drivers\en-US\pnpmem.sys.mui,File024
ComputerDefaults.exe.mui,C:\Windows\System32\en-US\ComputerDefaults.exe.mui,File024
immersivetpmvscmgrsvr.exe.mui,C:\Windows\System32\en-US\immersivetpmvscmgrsvr.exe.mui,File024
Conhost.exe.mui,C:\Windows\System32\en-US\Conhost.exe.mui,File160
inetpp.dll.mui,C:\Windows\System32\en-US\inetpp.dll.mui,File005
mouhid.sys.mui,C:\Windows\System32\drivers\en-US\mouhid.sys.mui,File024
ipsecsvc.dll.mui,C:\Windows\System32\en-US\ipsecsvc.dll.mui,File005
consent.exe.mui,C:\Windows\System32\en-US\consent.exe.mui,File027
InfDefaultInstall.exe.mui,C:\Windows\System32\en-US\InfDefaultInstall.exe.mui,File005
ConsentUxClient.dll.mui,C:\Windows\System32\en-US\ConsentUxClient.dll.mui,File024
iprtrmgr.dll.mui,C:\Windows\System32\en-US\iprtrmgr.dll.mui,File024
InputSwitchToastHandler.exe.mui,C:\Windows\System32\en-US\InputSwitchToastHandler.exe.mui,File005
ConsoleLogon.dll.mui,C:\Windows\System32\en-US\ConsoleLogon.dll.mui,File160
modem.sys.mui,C:\Windows\System32\drivers\en-US\modem.sys.mui,File160
inseng.dll.mui,C:\Windows\System32\en-US\inseng.dll.mui,File027
ContentDeliveryManager.Utilities.dll.mui,C:\Windows\System32\en-US\ContentDeliveryManager.Utilities.dll.mui,File024
CredDialogBroker.dll.mui,C:\Windows\System32\en-US\CredDialogBroker.dll.mui,File005
invagent.dll.mui,C:\Windows\System32\en-US\invagent.dll.mui,File024
Microsoft.Bluetooth.AvrcpTransport.sys.mui,C:\Windows\System32\drivers\en-US\Microsoft.Bluetooth.AvrcpTransport.sys.mui,File024
CredentialEnrollmentManager.exe.mui,C:\Windows\System32\en-US\CredentialEnrollmentManager.exe.mui,File024
InventorySvc.dll.mui,C:\Windows\System32\en-US\InventorySvc.dll.mui,File024
CredProv2faHelper.dll.mui,C:\Windows\System32\en-US\CredProv2faHelper.dll.mui,File024
credprovhost.dll.mui,C:\Windows\System32\en-US\credprovhost.dll.mui,File042
credprovs.dll.mui,C:\Windows\System32\en-US\credprovs.dll.mui,File042
IPNATHLPCLIENT.dll.mui,C:\Windows\System32\en-US\IPNATHLPCLIENT.dll.mui,File024
credprovslegacy.dll.mui,C:\Windows\System32\en-US\credprovslegacy.dll.mui,File042
iscsicpl.exe.mui,C:\Windows\System32\en-US\iscsicpl.exe.mui,File005
kswdmcap.ax.mui,C:\Windows\System32\en-US\kswdmcap.ax.mui,File042
cryptsvc.dll.mui,C:\Windows\System32\en-US\cryptsvc.dll.mui,File160
CustomInstallExec.exe.mui,C:\Windows\System32\en-US\CustomInstallExec.exe.mui,File024
iyuv_32.dll.mui,C:\Windows\System32\en-US\iyuv_32.dll.mui,File027
cryptxml.dll.mui,C:\Windows\System32\en-US\cryptxml.dll.mui,File027
joinproviderol.dll.mui,C:\Windows\System32\en-US\joinproviderol.dll.mui,File027
cscript.exe.mui,C:\Windows\System32\en-US\cscript.exe.mui,File071
CSRR.rs.mui,C:\Windows\System32\en-US\CSRR.rs.mui,File160
csrss.exe.mui,C:\Windows\System32\en-US\csrss.exe.mui,File005
ksproxy.ax.mui,C:\Windows\System32\en-US\ksproxy.ax.mui,File160
LanguagePackDiskCleanup.dll.mui,C:\Windows\System32\en-US\LanguagePackDiskCleanup.dll.mui,File024
ctfmon.exe.mui,C:\Windows\System32\en-US\ctfmon.exe.mui,File005
LanguageComponentsInstaller.dll.mui,C:\Windows\System32\en-US\LanguageComponentsInstaller.dll.mui,File027
LanguageOverlayServer.dll.mui,C:\Windows\System32\en-US\LanguageOverlayServer.dll.mui,File160
cttune.exe.mui,C:\Windows\System32\en-US\cttune.exe.mui,File001
cttunesvr.exe.mui,C:\Windows\System32\en-US\cttunesvr.exe.mui,File005
vaultsvc.dll.mui,C:\Windows\System32\en-US\vaultsvc.dll.mui,File024
VaultRoaming.dll.mui,C:\Windows\System32\en-US\VaultRoaming.dll.mui,File027
wosc.dll.mui,C:\Windows\System32\en-US\wosc.dll.mui,File024
wship6.dll.mui,C:\Windows\System32\en-US\wship6.dll.mui,File005
wshtcpip.dll.mui,C:\Windows\System32\en-US\wshtcpip.dll.mui,File005
wshrm.dll.mui,C:\Windows\System32\en-US\wshrm.dll.mui,File024
usbceip.dll.mui,C:\Windows\System32\en-US\usbceip.dll.mui,File027
WWAApi.dll.mui,C:\Windows\System32\en-US\WWAApi.dll.mui,File027
WUDFHost.exe.mui,C:\Windows\System32\en-US\WUDFHost.exe.mui,File005
wuaueng.dll.mui,C:\Windows\System32\en-US\wuaueng.dll.mui,File071
wuapi.dll.mui,C:\Windows\System32\en-US\wuapi.dll.mui,File027
wtd.sys.mui,C:\Windows\System32\en-US\wtd.sys.mui,File005
wshqos.dll.mui,C:\Windows\System32\en-US\wshqos.dll.mui,File024
UpgradeResultsUI.exe.mui,C:\Windows\System32\en-US\UpgradeResultsUI.exe.mui,File027
upnp.dll.mui,C:\Windows\System32\en-US\upnp.dll.mui,File024
TtlsAuth.dll.mui,C:\Windows\System32\en-US\TtlsAuth.dll.mui,File160
tzautoupdate.dll.mui,C:\Windows\System32\en-US\tzautoupdate.dll.mui,File027
ubpm.dll.mui,C:\Windows\System32\en-US\ubpm.dll.mui,File024
tzsyncres.dll.mui,C:\Windows\System32\en-US\tzsyncres.dll.mui,File160
uDWM.dll.mui,C:\Windows\System32\en-US\uDWM.dll.mui,File027
uicom.dll.mui,C:\Windows\System32\en-US\uicom.dll.mui,File005
pnpclean.dll.mui,C:\Windows\System32\en-US\pnpclean.dll.mui,File160
smbwmiv2.dll.mui,C:\Windows\System32\en-US\smbwmiv2.dll.mui,File101
RDXTaskFactory.dll.mui,C:\Windows\System32\en-US\RDXTaskFactory.dll.mui,File005
PowerGridForecastTask.dll.mui,C:\Windows\System32\en-US\PowerGridForecastTask.dll.mui,File024
ptpprov.dll.mui,C:\Windows\System32\en-US\ptpprov.dll.mui,File101
powercpl.dll.mui,C:\Windows\System32\en-US\powercpl.dll.mui,File101
RMActivate_isv.exe.mui,C:\Windows\System32\en-US\RMActivate_isv.exe.mui,File005
svsvc.dll.mui,C:\Windows\System32\en-US\svsvc.dll.mui,File024
RMActivate_ssp.exe.mui,C:\Windows\System32\en-US\RMActivate_ssp.exe.mui,File005
swprv.dll.mui,C:\Windows\System32\en-US\swprv.dll.mui,File024
rasdiag.dll.mui,C:\Windows\System32\en-US\rasdiag.dll.mui,File160
psmsrv.dll.mui,C:\Windows\System32\en-US\psmsrv.dll.mui,File027
print.exe.mui,C:\Windows\System32\en-US\print.exe.mui,File005
Print.PrintSupport.Source.dll.mui,C:\Windows\System32\en-US\Print.PrintSupport.Source.dll.mui,File024
PrintDeviceConfigurationService.dll.mui,C:\Windows\System32\en-US\PrintDeviceConfigurationService.dll.mui,File024
PrintWSDAHost.dll.mui,C:\Windows\System32\en-US\PrintWSDAHost.dll.mui,File005
setspn.exe.mui,C:\Windows\System32\en-US\setspn.exe.mui,File101
PNPXAssocPrx.dll.mui,C:\Windows\System32\en-US\PNPXAssocPrx.dll.mui,File024
svchost.exe.mui,C:\Windows\System32\en-US\svchost.exe.mui,File005
pstask.dll.mui,C:\Windows\System32\en-US\pstask.dll.mui,File005
RMActivate.exe.mui,C:\Windows\System32\en-US\RMActivate.exe.mui,File005
profext.dll.mui,C:\Windows\System32\en-US\profext.dll.mui,File027
PrintWorkflowService.dll.mui,C:\Windows\System32\en-US\PrintWorkflowService.dll.mui,File160
RMActivate_ssp_isv.exe.mui,C:\Windows\System32\en-US\RMActivate_ssp_isv.exe.mui,File024
PlutonTasks.dll.mui,C:\Windows\System32\en-US\PlutonTasks.dll.mui,File005
PushToInstall.dll.mui,C:\Windows\System32\en-US\PushToInstall.dll.mui,File160
route.exe.mui,C:\Windows\System32\en-US\route.exe.mui,File101
Search.ProtocolHandler.MAPI2.dll.mui,C:\Windows\System32\en-US\Search.ProtocolHandler.MAPI2.dll.mui,File160
Ninput.dll.mui,C:\Windows\System32\en-US\Ninput.dll.mui,File024
netiougc.exe.mui,C:\Windows\System32\en-US\netiougc.exe.mui,File005
sberes.dll.mui,C:\Windows\System32\en-US\sberes.dll.mui,File005
sdrsvc.dll.mui,C:\Windows\System32\en-US\sdrsvc.dll.mui,File005
PlayToManager.dll.mui,C:\Windows\System32\en-US\PlayToManager.dll.mui,File160
nlhtml.dll.mui,C:\Windows\System32\en-US\nlhtml.dll.mui,File024
PeopleBand.dll.mui,C:\Windows\System32\en-US\PeopleBand.dll.mui,File005
sdbinst.exe.mui,C:\Windows\System32\en-US\sdbinst.exe.mui,File001
sechost.dll.mui,C:\Windows\System32\en-US\sechost.dll.mui,File005
ntprint.exe.mui,C:\Windows\System32\en-US\ntprint.exe.mui,File005
SettingsHandlers_OptionalFeatures.dll.mui,C:\Windows\System32\en-US\SettingsHandlers_OptionalFeatures.dll.mui,File024
NPSMDesktopProvider.dll.mui,C:\Windows\System32\en-US\NPSMDesktopProvider.dll.mui,File005
ncsi.dll.mui,C:\Windows\System32\en-US\ncsi.dll.mui,File101
NfcRadioMedia.dll.mui,C:\Windows\System32\en-US\NfcRadioMedia.dll.mui,File005
securityhealthsso.dll.mui,C:\Windows\System32\en-US\securityhealthsso.dll.mui,File024
NgcRecovery.dll.mui,C:\Windows\System32\en-US\NgcRecovery.dll.mui,File005
sdchange.exe.mui,C:\Windows\System32\en-US\sdchange.exe.mui,File005
pcalua.exe.mui,C:\Windows\System32\en-US\pcalua.exe.mui,File005
SetNetworkLocation.dll.mui,C:\Windows\System32\en-US\SetNetworkLocation.dll.mui,File005
sensrsvc.dll.mui,C:\Windows\System32\en-US\sensrsvc.dll.mui,File027
rtutils.dll.mui,C:\Windows\System32\en-US\rtutils.dll.mui,File024
netbtugc.exe.mui,C:\Windows\System32\en-US\netbtugc.exe.mui,File005
regsvc.dll.mui,C:\Windows\System32\en-US\regsvc.dll.mui,File024
seclogon.dll.mui,C:\Windows\System32\en-US\seclogon.dll.mui,File024
rundll32.exe.mui,C:\Windows\System32\en-US\rundll32.exe.mui,File024
RunLegacyCPLElevated.exe.mui,C:\Windows\System32\en-US\RunLegacyCPLElevated.exe.mui,File024
SensorsCpl.dll.mui,C:\Windows\System32\en-US\SensorsCpl.dll.mui,File024
SettingsHandlers_CapabilityAccess.dll.mui,C:\Windows\System32\en-US\SettingsHandlers_CapabilityAccess.dll.mui,File024
netprofm.dll.mui,C:\Windows\System32\en-US\netprofm.dll.mui,File001
runonce.exe.mui,C:\Windows\System32\en-US\runonce.exe.mui,File024
Netplwiz.exe.mui,C:\Windows\System32\en-US\Netplwiz.exe.mui,File005
samlib.dll.mui,C:\Windows\System32\en-US\samlib.dll.mui,File024
PlayToDevice.dll.mui,C:\Windows\System32\en-US\PlayToDevice.dll.mui,File005
PCPKsp.dll.mui,C:\Windows\System32\en-US\PCPKsp.dll.mui,File160
newdev.exe.mui,C:\Windows\System32\en-US\newdev.exe.mui,File005
pcbp.rs.mui,C:\Windows\System32\en-US\pcbp.rs.mui,File027
ResetEngOnline.dll.mui,C:\Windows\System32\en-US\ResetEngOnline.dll.mui,File005
NetworkDesktopSettings.dll.mui,C:\Windows\System32\en-US\NetworkDesktopSettings.dll.mui,File024
sensordataservice.exe.mui,C:\Windows\System32\en-US\sensordataservice.exe.mui,File024
NetworkIcon.dll.mui,C:\Windows\System32\en-US\NetworkIcon.dll.mui,File027
ncpa.cpl.mui,C:\Windows\System32\en-US\ncpa.cpl.mui,File005
semgrsvc.dll.mui,C:\Windows\System32\en-US\semgrsvc.dll.mui,File024
sdiagnhost.exe.mui,C:\Windows\System32\en-US\sdiagnhost.exe.mui,File005
RpcNs4.dll.mui,C:\Windows\System32\en-US\RpcNs4.dll.mui,File160
ScDeviceEnum.dll.mui,C:\Windows\System32\en-US\ScDeviceEnum.dll.mui,File160
ngctasks.dll.mui,C:\Windows\System32\en-US\ngctasks.dll.mui,File027
sdshext.dll.mui,C:\Windows\System32\en-US\sdshext.dll.mui,File027
NetworkItemFactory.dll.mui,C:\Windows\System32\en-US\NetworkItemFactory.dll.mui,File005
ncrypt.dll.mui,C:\Windows\System32\en-US\ncrypt.dll.mui,File071
sens.dll.mui,C:\Windows\System32\en-US\sens.dll.mui,File024
PlaySndSrv.dll.mui,C:\Windows\System32\en-US\PlaySndSrv.dll.mui,File005
ngcsvc.dll.mui,C:\Windows\System32\en-US\ngcsvc.dll.mui,File160
pcwutl.dll.mui,C:\Windows\System32\en-US\pcwutl.dll.mui,File024
ntasn1.dll.mui,C:\Windows\System32\en-US\ntasn1.dll.mui,File024
SensorsApi.dll.mui,C:\Windows\System32\en-US\SensorsApi.dll.mui,File024
scavengeui.dll.mui,C:\Windows\System32\en-US\scavengeui.dll.mui,File024
NPSM.dll.mui,C:\Windows\System32\en-US\NPSM.dll.mui,File005
SensorService.dll.mui,C:\Windows\System32\en-US\SensorService.dll.mui,File027
ntvdm64.dll.mui,C:\Windows\System32\en-US\ntvdm64.dll.mui,File024
serwvdrv.dll.mui,C:\Windows\System32\en-US\serwvdrv.dll.mui,File024
rtffilt.dll.mui,C:\Windows\System32\en-US\rtffilt.dll.mui,File005
PasswordOnWakeSettingFlyout.exe.mui,C:\Windows\System32\en-US\PasswordOnWakeSettingFlyout.exe.mui,File024
sessionmsg.exe.mui,C:\Windows\System32\en-US\sessionmsg.exe.mui,File027
sessenv.dll.mui,C:\Windows\System32\en-US\sessenv.dll.mui,File027
sppnp.dll.mui,C:\Windows\System32\en-US\sppnp.dll.mui,File024
rasphone.exe.mui,C:\Windows\System32\en-US\rasphone.exe.mui,File027
msoert2.dll.mui,C:\Windows\System32\en-US\msoert2.dll.mui,File027
spaceman.exe.mui,C:\Windows\System32\en-US\spaceman.exe.mui,File005
spoolsvworker.exe.mui,C:\Windows\System32\en-US\spoolsvworker.exe.mui,File024
softkbd.dll.mui,C:\Windows\System32\en-US\softkbd.dll.mui,File024
PhoneUtilRes.dll.mui,C:\Windows\System32\en-US\PhoneUtilRes.dll.mui,File027
PerformanceTraceHandler.dll.mui,C:\Windows\System32\en-US\PerformanceTraceHandler.dll.mui,File160
SrEvents.dll.mui,C:\Windows\System32\en-US\SrEvents.dll.mui,File024
raserver.exe.mui,C:\Windows\System32\en-US\raserver.exe.mui,File024
msprivs.dll.mui,C:\Windows\System32\zh-TW\msprivs.dll.mui,File027
rasmans.dll.mui,C:\Windows\System32\en-US\rasmans.dll.mui,File024
rasmbmgr.dll.mui,C:\Windows\System32\en-US\rasmbmgr.dll.mui,File024
p9rdrservice.dll.mui,C:\Windows\System32\en-US\p9rdrservice.dll.mui,File005
sppcomapi.dll.mui,C:\Windows\System32\en-US\sppcomapi.dll.mui,File160
spoolsv.exe.mui,C:\Windows\System32\en-US\spoolsv.exe.mui,File024
mssign32.dll.mui,C:\Windows\System32\en-US\mssign32.dll.mui,File160
rdpclip.exe.mui,C:\Windows\System32\en-US\rdpclip.exe.mui,File027
OpenWith.exe.mui,C:\Windows\System32\en-US\OpenWith.exe.mui,File005
osbaseln.dll.mui,C:\Windows\System32\en-US\osbaseln.dll.mui,File024
perfproc.dll.mui,C:\Windows\System32\en-US\perfproc.dll.mui,File160
sort.exe.mui,C:\Windows\System32\en-US\sort.exe.mui,File042
SpaceAgent.exe.mui,C:\Windows\System32\en-US\SpaceAgent.exe.mui,File024
ping.exe.mui,C:\Windows\System32\en-US\ping.exe.mui,File042
OneSettingsClient.dll.mui,C:\Windows\System32\en-US\OneSettingsClient.dll.mui,File024
rasplap.dll.mui,C:\Windows\System32\en-US\rasplap.dll.mui,File160
OneBackupHandler.dll.mui,C:\Windows\System32\en-US\OneBackupHandler.dll.mui,File160
OptionalFeatures.exe.mui,C:\Windows\System32\en-US\OptionalFeatures.exe.mui,File005
msiexec.exe.mui,C:\Windows\System32\en-US\msiexec.exe.mui,File005
taskhostw.exe.mui,C:\Windows\System32\en-US\taskhostw.exe.mui,File005
sysreseterr.exe.mui,C:\Windows\System32\en-US\sysreseterr.exe.mui,File024
SystemPropertiesDataExecutionPrevention.exe.mui,C:\Windows\System32\en-US\SystemPropertiesDataExecutionPrevention.exe.mui,File024
SystemPropertiesHardware.exe.mui,C:\Windows\System32\en-US\SystemPropertiesHardware.exe.mui,File005
SystemPropertiesProtection.exe.mui,C:\Windows\System32\en-US\SystemPropertiesProtection.exe.mui,File005
SystemPropertiesRemote.exe.mui,C:\Windows\System32\en-US\SystemPropertiesRemote.exe.mui,File005
SystemSettingsRemoveDevice.exe.mui,C:\Windows\System32\en-US\SystemSettingsRemoveDevice.exe.mui,File024
TabSvc.dll.mui,C:\Windows\System32\en-US\TabSvc.dll.mui,File024
tapi32.dll.mui,C:\Windows\System32\en-US\tapi32.dll.mui,File005
Microsoft.Windows.Whea.WheaMemoryPolicy.dll,C:\Windows\System32\WindowsPowerShell\v1.0\Modules\Whea\Microsoft.Windows.Whea.WheaMemoryPolicy.dll,File071
Taskbar.dll.mui,C:\Windows\System32\en-US\Taskbar.dll.mui,File101
WSCollect.exe.mui,C:\Windows\System32\en-US\WSCollect.exe.mui,File024
wscript.exe.mui,C:\Windows\System32\en-US\wscript.exe.mui,File001
wscsvc.dll.mui,C:\Windows\System32\en-US\wscsvc.dll.mui,File001
wsock32.dll.mui,C:\Windows\System32\en-US\wsock32.dll.mui,File042
wsp_sr.dll.mui,C:\Windows\System32\en-US\wsp_sr.dll.mui,File005
wusa.exe.mui,C:\Windows\System32\en-US\wusa.exe.mui,File042
XInput9_1_0.dll.mui,C:\Windows\System32\en-US\XInput9_1_0.dll.mui,File005
ShareHost.dll.mui,C:\Windows\System32\en-US\ShareHost.dll.mui,File027
XboxGipRadioManager.dll.mui,C:\Windows\System32\en-US\XboxGipRadioManager.dll.mui,File005
XInput1_4.dll.mui,C:\Windows\System32\en-US\XInput1_4.dll.mui,File005
xwtpdui.dll.mui,C:\Windows\System32\en-US\xwtpdui.dll.mui,File027
xmlfilter.dll.mui,C:\Windows\System32\en-US\xmlfilter.dll.mui,File005
xwtpw32.dll.mui,C:\Windows\System32\en-US\xwtpw32.dll.mui,File024
Mystify.scr.mui,C:\Windows\System32\en-US\Mystify.scr.mui,File101
xboxgipsvc.dll.mui,C:\Windows\System32\en-US\xboxgipsvc.dll.mui,File024
napinsp.dll.mui,C:\Windows\System32\en-US\napinsp.dll.mui,File005
fms.dll.mui,C:\Windows\System32\ja-jp\fms.dll.mui,File001
sfc.exe.mui,C:\Windows\System32\en-US\sfc.exe.mui,File042
SHCore.dll.mui,C:\Windows\System32\en-US\SHCore.dll.mui,File024
msprivs.dll.mui,C:\Windows\System32\ja-jp\msprivs.dll.mui,File160
mtstocom.exe.mui,C:\Windows\System32\en-US\mtstocom.exe.mui,File005
shimgvw.dll.mui,C:\Windows\System32\en-US\shimgvw.dll.mui,File024
MultiDigiMon.exe.mui,C:\Windows\System32\en-US\MultiDigiMon.exe.mui,File027
setupugc.exe.mui,C:\Windows\System32\en-US\setupugc.exe.mui,File160
themeservice.dll.mui,C:\Windows\System32\en-US\themeservice.dll.mui,File005
wlandlg.dll.mui,C:\Windows\System32\en-US\wlandlg.dll.mui,File160
scrcons.exe.mui,C:\Windows\System32\wbem\en-US\scrcons.exe.mui,File005
Themes.SsfDownload.ScheduledTask.dll.mui,C:\Windows\System32\en-US\Themes.SsfDownload.ScheduledTask.dll.mui,File024
themeui.dll.mui,C:\Windows\System32\en-US\themeui.dll.mui,File042
vdswmi.dll.mui,C:\Windows\System32\wbem\en-US\vdswmi.dll.mui,File024
TCPMON.dll.mui,C:\Windows\System32\en-US\TCPMON.dll.mui,File024
TCPMonUI.dll.mui,C:\Windows\System32\en-US\TCPMonUI.dll.mui,File042
telephon.cpl.mui,C:\Windows\System32\en-US\telephon.cpl.mui,File005
TelephonyInteractiveUserRes.dll.mui,C:\Windows\System32\en-US\TelephonyInteractiveUserRes.dll.mui,File027
termmgr.dll.mui,C:\Windows\System32\en-US\termmgr.dll.mui,File160
TetheringMgr.dll.mui,C:\Windows\System32\en-US\TetheringMgr.dll.mui,File024
waitfor.exe.mui,C:\Windows\System32\en-US\waitfor.exe.mui,File042
RacWmiProv.dll.mui,C:\Windows\System32\wbem\en-US\RacWmiProv.dll.mui,File005
TetheringStation.dll.mui,C:\Windows\System32\en-US\TetheringStation.dll.mui,File024
WpdBusEnum.dll.mui,C:\Windows\System32\en-US\WpdBusEnum.dll.mui,File024
SettingsHandlers_OneDriveBackup.dll.mui,C:\Windows\System32\en-US\SettingsHandlers_OneDriveBackup.dll.mui,File160
wpnpinst.exe.mui,C:\Windows\System32\en-US\wpnpinst.exe.mui,File027
SettingsHandlers_InstalledUpdates.dll.mui,C:\Windows\System32\en-US\SettingsHandlers_InstalledUpdates.dll.mui,File027
UserDeviceRegistration.dll.mui,C:\Windows\System32\en-US\UserDeviceRegistration.dll.mui,File024
SettingsHandlers_Geolocation.dll.mui,C:\Windows\System32\en-US\SettingsHandlers_Geolocation.dll.mui,File027
SettingsHandlers_Resume.dll.mui,C:\Windows\System32\en-US\SettingsHandlers_Resume.dll.mui,File005
userinit.exe.mui,C:\Windows\System32\en-US\userinit.exe.mui,File027
wpnprv.dll.mui,C:\Windows\System32\en-US\wpnprv.dll.mui,File024
SettingsHandlers_ForceSync.dll.mui,C:\Windows\System32\en-US\SettingsHandlers_ForceSync.dll.mui,File024
vbscript.dll.mui,C:\Windows\System32\en-US\vbscript.dll.mui,File042
SettingsHandlers_StorageSense.dll.mui,C:\Windows\System32\en-US\SettingsHandlers_StorageSense.dll.mui,File160
usermgr.dll.mui,C:\Windows\System32\en-US\usermgr.dll.mui,File024
WPDShextAutoplay.exe.mui,C:\Windows\System32\en-US\WPDShextAutoplay.exe.mui,File005
SettingsHandlers_UserAccount.dll.mui,C:\Windows\System32\en-US\SettingsHandlers_UserAccount.dll.mui,File024
setupcl.exe.mui,C:\Windows\System32\en-US\setupcl.exe.mui,File005
NaturalAuth.dll.mui,C:\Windows\System32\en-US\NaturalAuth.dll.mui,File027
SettingsHandlers_Display.dll.mui,C:\Windows\System32\en-US\SettingsHandlers_Display.dll.mui,File027
nbtstat.exe.mui,C:\Windows\System32\en-US\nbtstat.exe.mui,File001
WpcRefreshTask.dll.mui,C:\Windows\System32\en-US\WpcRefreshTask.dll.mui,File160
usk.rs.mui,C:\Windows\System32\en-US\usk.rs.mui,File027
utcutil.dll.mui,C:\Windows\System32\en-US\utcutil.dll.mui,File024
wpnservice.dll.mui,C:\Windows\System32\en-US\wpnservice.dll.mui,File024
SettingsHandlers_SIUF.dll.mui,C:\Windows\System32\en-US\SettingsHandlers_SIUF.dll.mui,File024
userinitext.dll.mui,C:\Windows\System32\en-US\userinitext.dll.mui,File027
WpnUserService.dll.mui,C:\Windows\System32\en-US\WpnUserService.dll.mui,File024
wptaskscheduler.dll.mui,C:\Windows\System32\en-US\wptaskscheduler.dll.mui,File005
SettingsHandlers_WorkAccess.dll.mui,C:\Windows\System32\en-US\SettingsHandlers_WorkAccess.dll.mui,File160
usosvc.dll.mui,C:\Windows\System32\en-US\usosvc.dll.mui,File027
UserDeviceRegistration.Ngc.dll.mui,C:\Windows\System32\en-US\UserDeviceRegistration.Ngc.dll.mui,File024
UserAccountControlSettings.dll.mui,C:\Windows\System32\en-US\UserAccountControlSettings.dll.mui,File001
sscore.dll.mui,C:\Windows\System32\en-US\sscore.dll.mui,File024
playtomenu.dll.mui,C:\Windows\System32\en-US\playtomenu.dll.mui,File024
SrTasks.exe.mui,C:\Windows\System32\en-US\SrTasks.exe.mui,File005
sihclient.exe.mui,C:\Windows\System32\en-US\sihclient.exe.mui,File160
mssrch.dll.mui,C:\Windows\System32\en-US\mssrch.dll.mui,File027
mskeyprotcli.dll.mui,C:\Windows\System32\en-US\mskeyprotcli.dll.mui,File005
racengn.dll.mui,C:\Windows\System32\en-US\racengn.dll.mui,File160
mskeyprotect.dll.mui,C:\Windows\System32\en-US\mskeyprotect.dll.mui,File005
srumsvc.dll.mui,C:\Windows\System32\en-US\srumsvc.dll.mui,File160
msvidc32.dll.mui,C:\Windows\System32\en-US\msvidc32.dll.mui,File027
srumapi.dll.mui,C:\Windows\System32\en-US\srumapi.dll.mui,File160
mswsock.dll.mui,C:\Windows\System32\en-US\mswsock.dll.mui,File071
wbemcore.dll.mui,C:\Windows\System32\wbem\en-US\wbemcore.dll.mui,File027
srvsvc.dll.mui,C:\Windows\System32\en-US\srvsvc.dll.mui,File160
srpapi.dll.mui,C:\Windows\System32\en-US\srpapi.dll.mui,File042
WinMgmt.exe.mui,C:\Windows\System32\wbem\en-US\WinMgmt.exe.mui,File042
snmptrap.exe.mui,C:\Windows\System32\en-US\snmptrap.exe.mui,File005
MsiCofire.dll.mui,C:\Windows\System32\en-US\MsiCofire.dll.mui,File027
smss.exe.mui,C:\Windows\System32\en-US\smss.exe.mui,File005
qdvd.dll.mui,C:\Windows\System32\en-US\qdvd.dll.mui,File042
pots.dll.mui,C:\Windows\System32\en-US\pots.dll.mui,File027
WMIsvc.dll.mui,C:\Windows\System32\wbem\en-US\WMIsvc.dll.mui,File027
polstore.dll.mui,C:\Windows\System32\en-US\polstore.dll.mui,File160
mssph.dll.mui,C:\Windows\System32\en-US\mssph.dll.mui,File024
RdpSa.exe.mui,C:\Windows\System32\en-US\RdpSa.exe.mui,File024
ntlanman.dll.mui,C:\Windows\System32\en-US\ntlanman.dll.mui,File027
nsisvc.dll.mui,C:\Windows\System32\en-US\nsisvc.dll.mui,File024
RdpLite.dll.mui,C:\Windows\System32\en-US\RdpLite.dll.mui,File027
wlidcli.dll.mui,C:\Windows\System32\en-US\wlidcli.dll.mui,File005
wlgpclnt.dll.mui,C:\Windows\System32\en-US\wlgpclnt.dll.mui,File160
syncreg.dll.mui,C:\Windows\System32\en-US\syncreg.dll.mui,File024
wavemsp.dll.mui,C:\Windows\System32\en-US\wavemsp.dll.mui,File005
msg711.acm.mui,C:\Windows\System32\en-US\msg711.acm.mui,File024
WofTasks.dll.mui,C:\Windows\System32\en-US\WofTasks.dll.mui,File024
msctfui.dll.mui,C:\Windows\System32\en-US\msctfui.dll.mui,File005
StartTileData.dll.mui,C:\Windows\System32\en-US\StartTileData.dll.mui,File027
WMPhoto.dll.mui,C:\Windows\System32\en-US\WMPhoto.dll.mui,File024
vdsvd.dll.mui,C:\Windows\System32\en-US\vdsvd.dll.mui,File005
GazeInputInternal.winmd,C:\Windows\SystemApps\Microsoft.ECApp_8wekyb3d8bbwe\GazeInputInternal.winmd,File042
MSchedExe.exe.mui,C:\Windows\System32\en-US\MSchedExe.exe.mui,File005
msimtf.dll.mui,C:\Windows\System32\en-US\msimtf.dll.mui,File005
sysclass.dll.mui,C:\Windows\System32\en-US\sysclass.dll.mui,File160
Startupscan.dll.mui,C:\Windows\System32\en-US\Startupscan.dll.mui,File024
wmiprop.dll.mui,C:\Windows\System32\en-US\wmiprop.dll.mui,File027
WorkFoldersShell.Dll.mui,C:\Windows\System32\en-US\WorkFoldersShell.Dll.mui,File160
wlrmdr.exe.mui,C:\Windows\System32\en-US\wlrmdr.exe.mui,File005
WLIDSvc.dll.mui,C:\Windows\System32\en-US\WLIDSvc.dll.mui,File024
mscandui.dll.mui,C:\Windows\System32\en-US\mscandui.dll.mui,File024
msdtc.exe.mui,C:\Windows\System32\en-US\msdtc.exe.mui,File005
MsCtfMonitor.dll.mui,C:\Windows\System32\en-US\MsCtfMonitor.dll.mui,File024
msftedit.dll.mui,C:\Windows\System32\en-US\msftedit.dll.mui,File024
wldap32.dll.mui,C:\Windows\System32\en-US\wldap32.dll.mui,File042
msfeedsbs.dll.mui,C:\Windows\System32\en-US\msfeedsbs.dll.mui,File005
wlanutil.dll.mui,C:\Windows\System32\en-US\wlanutil.dll.mui,File005
mshta.exe.mui,C:\Windows\System32\en-US\mshta.exe.mui,File005
Windows.Media.Renewal.dll.mui,C:\Windows\System32\en-US\Windows.Media.Renewal.dll.mui,File027
tsgqec.dll.mui,C:\Windows\System32\en-US\tsgqec.dll.mui,File024
webclnt.dll.mui,C:\Windows\System32\en-US\webclnt.dll.mui,File027
whesvc.dll.mui,C:\Windows\System32\en-US\whesvc.dll.mui,File005
IEChooser.exe.mui,C:\Windows\System32\F12\en-US\IEChooser.exe.mui,File027
miracastreceiver.dll.mui,C:\Windows\System32\en-US\miracastreceiver.dll.mui,File024
minglobinputhost.dll.mui,C:\Windows\System32\en-US\minglobinputhost.dll.mui,File101
SpeechUXWiz.exe.mui,C:\Windows\System32\Speech\SpeechUX\en-US\SpeechUXWiz.exe.mui,File005
mimefilt.dll.mui,C:\Windows\System32\en-US\mimefilt.dll.mui,File005
wephostsvc.dll.mui,C:\Windows\System32\en-US\wephostsvc.dll.mui,File160
Midi2.KSTransport.dll.mui,C:\Windows\System32\en-US\Midi2.KSTransport.dll.mui,File024
srloc.dll.mui,C:\Windows\System32\Speech\Engines\SR\en-US\srloc.dll.mui,File160
Microsoft-Windows-Internal-Shell-NearShareExperience.dll.mui,C:\Windows\System32\en-US\Microsoft-Windows-Internal-Shell-NearShareExperience.dll.mui,File160
Windows.Globalization.dll.mui,C:\Windows\System32\en-US\Windows.Globalization.dll.mui,File005
Midi2.VirtualMidiTransport.dll.mui,C:\Windows\System32\en-US\Midi2.VirtualMidiTransport.dll.mui,File024
wer.dll.mui,C:\Windows\System32\en-US\wer.dll.mui,File042
MidiSrv.exe.mui,C:\Windows\System32\en-US\MidiSrv.exe.mui,File024
webthreatdefusersvc.dll.mui,C:\Windows\System32\en-US\webthreatdefusersvc.dll.mui,File024
webthreatdefsvc.dll.mui,C:\Windows\System32\en-US\webthreatdefsvc.dll.mui,File024
Midi2.UMP2BSTransform.dll.mui,C:\Windows\System32\en-US\Midi2.UMP2BSTransform.dll.mui,File005
miguiresource.dll.mui,C:\Windows\System32\en-US\miguiresource.dll.mui,File024
mgmtrefreshcredprov.dll.mui,C:\Windows\System32\en-US\mgmtrefreshcredprov.dll.mui,File160
wercplsupport.dll.mui,C:\Windows\System32\en-US\wercplsupport.dll.mui,File024
wevtapi.dll.mui,C:\Windows\System32\en-US\wevtapi.dll.mui,File160
wersvc.dll.mui,C:\Windows\System32\en-US\wersvc.dll.mui,File160
Windows.Media.MediaControl.dll.mui,C:\Windows\System32\en-US\Windows.Media.MediaControl.dll.mui,File160
ipmiprr.dll.mui,C:\Windows\System32\wbem\en-US\ipmiprr.dll.mui,File160
SecurityHealthSSO.dll.mui,C:\Windows\System32\SecurityHealth\10.0.29510.1001-0\vi-VN\SecurityHealthSSO.dll.mui,File024
SecurityHealthSSO.dll.mui,C:\Windows\System32\SecurityHealth\10.0.29510.1001-0\zh-CN\SecurityHealthSSO.dll.mui,File024
SecurityHealthSSO.dll.mui,C:\Windows\System32\SecurityHealth\10.0.29510.1001-0\uk-UA\SecurityHealthSSO.dll.mui,File027
SecurityHealthSSO.dll.mui,C:\Windows\System32\SecurityHealth\10.0.29510.1001-0\zh-TW\SecurityHealthSSO.dll.mui,File024
msprivs.dll.mui,C:\Windows\System32\ko-KR\msprivs.dll.mui,File160
Windows.UI.Input.Inking.dll.mui,C:\Windows\System32\en-US\Windows.UI.Input.Inking.dll.mui,File024
Windows.System.Profile.HardwareId.dll.mui,C:\Windows\System32\en-US\Windows.System.Profile.HardwareId.dll.mui,File024
Windows.System.Profile.SystemManufacturers.dll.mui,C:\Windows\System32\en-US\Windows.System.Profile.SystemManufacturers.dll.mui,File024
fms.dll.mui,C:\Windows\System32\ko-KR\fms.dll.mui,File001
Windows.UI.AppDefaults.dll.mui,C:\Windows\System32\en-US\Windows.UI.AppDefaults.dll.mui,File160
Windows.Storage.Search.dll.mui,C:\Windows\System32\en-US\Windows.Storage.Search.dll.mui,File027
APHostRes.dll.mui,C:\Windows\System32\ko-KR\APHostRes.dll.mui,File001
wintypes.dll.mui,C:\Windows\System32\en-US\wintypes.dll.mui,File005
WinSCard.dll.mui,C:\Windows\System32\en-US\WinSCard.dll.mui,File027
wlanext.exe.mui,C:\Windows\System32\en-US\wlanext.exe.mui,File005
WMVENCOD.dll.mui,C:\Windows\System32\en-US\WMVENCOD.dll.mui,File024
wmpdui.dll.mui,C:\Windows\System32\en-US\wmpdui.dll.mui,File027
windows.ui.xaml.dll.mui,C:\Windows\System32\ko-KR\windows.ui.xaml.dll.mui,File101
wmpshell.dll.mui,C:\Windows\System32\en-US\wmpshell.dll.mui,File027
WSAIFabricHost.dll.mui,C:\Windows\System32\en-US\WSAIFabricHost.dll.mui,File024
WMVDECOD.dll.mui,C:\Windows\System32\en-US\WMVDECOD.dll.mui,File024
WorkFoldersGPExt.dll.mui,C:\Windows\System32\en-US\WorkFoldersGPExt.dll.mui,File005
XblAuthManager.dll.mui,C:\Windows\System32\en-US\XblAuthManager.dll.mui,File024
SecurityHealthSSO.dll.mui,C:\Windows\System32\SecurityHealth\10.0.29510.1001-0\sk-SK\SecurityHealthSSO.dll.mui,File024
SecurityHealthSSO.dll.mui,C:\Windows\System32\SecurityHealth\10.0.29510.1001-0\ru-RU\SecurityHealthSSO.dll.mui,File027
SecurityHealthSSO.dll.mui,C:\Windows\System32\SecurityHealth\10.0.29510.1001-0\ro-RO\SecurityHealthSSO.dll.mui,File027
SecurityHealthSSO.dll.mui,C:\Windows\System32\SecurityHealth\10.0.29510.1001-0\sl-SI\SecurityHealthSSO.dll.mui,File027
SecurityHealthSSO.dll.mui,C:\Windows\System32\SecurityHealth\10.0.29510.1001-0\fr-FR\SecurityHealthSSO.dll.mui,File024
SecurityHealthSSO.dll.mui,C:\Windows\System32\SecurityHealth\10.0.29510.1001-0\es-MX\SecurityHealthSSO.dll.mui,File024
SecurityHealthSSO.dll.mui,C:\Windows\System32\SecurityHealth\10.0.29510.1001-0\pt-PT\SecurityHealthSSO.dll.mui,File024
SecurityHealthSSO.dll.mui,C:\Windows\System32\SecurityHealth\10.0.29510.1001-0\es-ES\SecurityHealthSSO.dll.mui,File024
SecurityHealthSSO.dll.mui,C:\Windows\System32\SecurityHealth\10.0.29510.1001-0\pt-BR\SecurityHealthSSO.dll.mui,File024
SecurityHealthSSO.dll.mui,C:\Windows\System32\SecurityHealth\10.0.29510.1001-0\pl-PL\SecurityHealthSSO.dll.mui,File027
SecurityHealthSSO.dll.mui,C:\Windows\System32\SecurityHealth\10.0.29510.1001-0\nl-NL\SecurityHealthSSO.dll.mui,File024
SecurityHealthSSO.dll.mui,C:\Windows\System32\SecurityHealth\10.0.29510.1001-0\he-IL\SecurityHealthSSO.dll.mui,File024
SecurityHealthSSO.dll.mui,C:\Windows\System32\SecurityHealth\10.0.29510.1001-0\et-EE\SecurityHealthSSO.dll.mui,File024
SecurityHealthSSO.dll.mui,C:\Windows\System32\SecurityHealth\10.0.29510.1001-0\nb-NO\SecurityHealthSSO.dll.mui,File024
SecurityHealthSSO.dll.mui,C:\Windows\System32\SecurityHealth\10.0.29510.1001-0\lv-LV\SecurityHealthSSO.dll.mui,File024
SecurityHealthSSO.dll.mui,C:\Windows\System32\SecurityHealth\10.0.29510.1001-0\fr-CA\SecurityHealthSSO.dll.mui,File027
SecurityHealthSSO.dll.mui,C:\Windows\System32\SecurityHealth\10.0.29510.1001-0\ko-KR\SecurityHealthSSO.dll.mui,File024
SecurityHealthSSO.dll.mui,C:\Windows\System32\SecurityHealth\10.0.29510.1001-0\fi-FI\SecurityHealthSSO.dll.mui,File024
SecurityHealthSSO.dll.mui,C:\Windows\System32\SecurityHealth\10.0.29510.1001-0\sr-Latn-RS\SecurityHealthSSO.dll.mui,File027
SecurityHealthSSO.dll.mui,C:\Windows\System32\SecurityHealth\10.0.29510.1001-0\ja-JP\SecurityHealthSSO.dll.mui,File024
SecurityHealthSSO.dll.mui,C:\Windows\System32\SecurityHealth\10.0.29510.1001-0\lt-LT\SecurityHealthSSO.dll.mui,File024
SecurityHealthSSO.dll.mui,C:\Windows\System32\SecurityHealth\10.0.29510.1001-0\sv-SE\SecurityHealthSSO.dll.mui,File024
mmcshext.dll.mui,C:\Windows\System32\en-US\mmcshext.dll.mui,File005
MessagingService.dll.mui,C:\Windows\System32\en-US\MessagingService.dll.mui,File024
Midi2.KSAggregateTransport.dll.mui,C:\Windows\System32\en-US\Midi2.KSAggregateTransport.dll.mui,File024
mcicda.dll.mui,C:\Windows\System32\en-US\mcicda.dll.mui,File024
Midi2.LoopbackMidiTransport.dll.mui,C:\Windows\System32\en-US\Midi2.LoopbackMidiTransport.dll.mui,File027
mcmsvc.dll.mui,C:\Windows\System32\en-US\mcmsvc.dll.mui,File024
TrustedSignalCredProv.dll.mui,C:\Windows\System32\en-US\TrustedSignalCredProv.dll.mui,File027
MMDevAPI.dll.mui,C:\Windows\System32\en-US\MMDevAPI.dll.mui,File005
MDEServer.exe.mui,C:\Windows\System32\en-US\MDEServer.exe.mui,File005
McpManagementService.dll.mui,C:\Windows\System32\en-US\McpManagementService.dll.mui,File024
Midi2.BS2UMPTransform.dll.mui,C:\Windows\System32\en-US\Midi2.BS2UMPTransform.dll.mui,File005
Midi2.DiagnosticsTransport.dll.mui,C:\Windows\System32\en-US\Midi2.DiagnosticsTransport.dll.mui,File024
trkwks.dll.mui,C:\Windows\System32\en-US\trkwks.dll.mui,File024
mciseq.dll.mui,C:\Windows\System32\en-US\mciseq.dll.mui,File005
Midi2.UmpProtocolDownscalerTransform.dll.mui,C:\Windows\System32\en-US\Midi2.UmpProtocolDownscalerTransform.dll.mui,File024
wsdapi.dll.mui,C:\Windows\System32\en-US\wsdapi.dll.mui,File005
ntevt.dll.mui,C:\Windows\System32\wbem\en-US\ntevt.dll.mui,File005
MdRes.exe.mui,C:\Windows\System32\en-US\MdRes.exe.mui,File024
KrnlProv.dll.mui,C:\Windows\System32\wbem\en-US\KrnlProv.dll.mui,File005
APHostRes.dll.mui,C:\Windows\System32\ja-jp\APHostRes.dll.mui,File071
ResetEngine.dll.mui,C:\Windows\System32\en-US\ResetEngine.dll.mui,File160
StorageContextHandler.dll.mui,C:\Windows\System32\en-US\StorageContextHandler.dll.mui,File024
TpmTool.exe.mui,C:\Windows\System32\en-US\TpmTool.exe.mui,File001
PenService.dll.mui,C:\Windows\System32\en-US\PenService.dll.mui,File005
TSTheme.exe.mui,C:\Windows\System32\en-US\TSTheme.exe.mui,File005
tpmcompc.dll.mui,C:\Windows\System32\en-US\tpmcompc.dll.mui,File027
TokenBroker.dll.mui,C:\Windows\System32\en-US\TokenBroker.dll.mui,File024
TimeSyncTask.dll.mui,C:\Windows\System32\en-US\TimeSyncTask.dll.mui,File024
SystemPropertiesPerformance.exe.mui,C:\Windows\System32\en-US\SystemPropertiesPerformance.exe.mui,File005
RdpAvenc.dll.mui,C:\Windows\System32\en-US\RdpAvenc.dll.mui,File027
SettingsHandlers_OneCore_BatterySaver.dll.mui,C:\Windows\System32\en-US\SettingsHandlers_OneCore_BatterySaver.dll.mui,File071
TetheringIeProvider.dll.mui,C:\Windows\System32\en-US\TetheringIeProvider.dll.mui,File024
tpmvscmgrsvr.exe.mui,C:\Windows\System32\en-US\tpmvscmgrsvr.exe.mui,File005
UpdatePolicy.dll.mui,C:\Windows\System32\en-US\UpdatePolicy.dll.mui,File024
tapi3.dll.mui,C:\Windows\System32\en-US\tapi3.dll.mui,File071
SystemPropertiesAdvanced.exe.mui,C:\Windows\System32\en-US\SystemPropertiesAdvanced.exe.mui,File005
F12Platform.dll.mui,C:\Windows\System32\F12\en-US\F12Platform.dll.mui,File005
SystemPropertiesComputerName.exe.mui,C:\Windows\System32\en-US\SystemPropertiesComputerName.exe.mui,File005
SystemSettingsAdminFlows.exe.mui,C:\Windows\System32\en-US\SystemSettingsAdminFlows.exe.mui,File024
pla.dll.mui,C:\Windows\System32\en-US\pla.dll.mui,File001
subst.exe.mui,C:\Windows\System32\en-US\subst.exe.mui,File005
pwsso.dll.mui,C:\Windows\System32\en-US\pwsso.dll.mui,File024
PlayToStatusProvider.dll.mui,C:\Windows\System32\en-US\PlayToStatusProvider.dll.mui,File005
TsUsbGDCoInstaller.dll.mui,C:\Windows\System32\en-US\TsUsbGDCoInstaller.dll.mui,File005
Windows.Devices.SmartCards.dll.mui,C:\Windows\System32\en-US\Windows.Devices.SmartCards.dll.mui,File027
AAD.Core.winmd,C:\Windows\SystemApps\Microsoft.AAD.BrokerPlugin_cw5n1h2txyewy\AAD.Core.winmd,File027
F12Platform2.dll.mui,C:\Windows\System32\F12\en-US\F12Platform2.dll.mui,File005
windows.ui.xaml.dll.mui,C:\Windows\System32\zh-CN\windows.ui.xaml.dll.mui,File071
msprivs.dll.mui,C:\Windows\System32\zh-CN\msprivs.dll.mui,File027
Microsoft.AAD.BrokerPlugin.winmd,C:\Windows\SystemApps\Microsoft.AAD.BrokerPlugin_cw5n1h2txyewy\Microsoft.AAD.BrokerPlugin.winmd,File024
WWAHost.exe.mui,C:\Windows\System32\zh-CN\WWAHost.exe.mui,File071
windows.ui.xaml.dll.mui,C:\Windows\System32\zh-TW\windows.ui.xaml.dll.mui,File071
mlang.dll.mui,C:\Windows\System32\zh-CN\mlang.dll.mui,File071
WWAHost.exe.mui,C:\Windows\System32\zh-TW\WWAHost.exe.mui,File071
mfpmp.exe.mui,C:\Windows\System32\en-US\mfpmp.exe.mui,File005
ssdpsrv.dll.mui,C:\Windows\System32\en-US\ssdpsrv.dll.mui,File027
msadp32.acm.mui,C:\Windows\System32\en-US\msadp32.acm.mui,File024
msacm32.drv.mui,C:\Windows\System32\en-US\msacm32.drv.mui,File005
MessagingDataModel2.dll.mui,C:\Windows\System32\en-US\MessagingDataModel2.dll.mui,File005
Midi2.SchedulerTransform.dll.mui,C:\Windows\System32\en-US\Midi2.SchedulerTransform.dll.mui,File024
Midi2.MidiSrvTransport.dll.mui,C:\Windows\System32\en-US\Midi2.MidiSrvTransport.dll.mui,File005
mfmp4srcsnk.dll.mui,C:\Windows\System32\en-US\mfmp4srcsnk.dll.mui,File024
microsoft-windows-storage-tiering-events.dll.mui,C:\Windows\System32\en-US\microsoft-windows-storage-tiering-events.dll.mui,File027
Microsoft.Graphics.Display.DisplayEnhancementService.dll.mui,C:\Windows\System32\en-US\Microsoft.Graphics.Display.DisplayEnhancementService.dll.mui,File024
WmiApRes.dll.mui,C:\Windows\System32\wbem\en-US\WmiApRes.dll.mui,File024
Microsoft.Data.UsageAndQualityInsights.dll.mui,C:\Windows\System32\en-US\Microsoft.Data.UsageAndQualityInsights.dll.mui,File024
MMFUtil.dll.mui,C:\Windows\System32\wbem\en-US\MMFUtil.dll.mui,File160
Microsoft.Bluetooth.Audio.dll.mui,C:\Windows\System32\en-US\Microsoft.Bluetooth.Audio.dll.mui,File005
NCProv.dll.mui,C:\Windows\System32\wbem\en-US\NCProv.dll.mui,File005
MitigationConfiguration.dll.mui,C:\Windows\System32\en-US\MitigationConfiguration.dll.mui,File024
ModernExecServer.dll.mui,C:\Windows\System32\en-US\ModernExecServer.dll.mui,File024
WmiApSrv.exe.mui,C:\Windows\System32\wbem\en-US\WmiApSrv.exe.mui,File024
moshost.dll.mui,C:\Windows\System32\en-US\moshost.dll.mui,File160
WmiApRpl.dll.mui,C:\Windows\System32\wbem\en-US\WmiApRpl.dll.mui,File024
WiFiDisplay.dll.mui,C:\Windows\System32\en-US\WiFiDisplay.dll.mui,File027
wiarpc.dll.mui,C:\Windows\System32\en-US\wiarpc.dll.mui,File024
wiadss.dll.mui,C:\Windows\System32\en-US\wiadss.dll.mui,File024
WFDSConMgrSvc.dll.mui,C:\Windows\System32\en-US\WFDSConMgrSvc.dll.mui,File024
SecurityHealthSSO.dll.mui,C:\Windows\System32\SecurityHealth\10.0.29510.1001-0\th-TH\SecurityHealthSSO.dll.mui,File024
SxsMigPlugin.dll.mui,C:\Windows\System32\migration\en-US\SxsMigPlugin.dll.mui,File005
wiaacmgr.exe.mui,C:\Windows\System32\en-US\wiaacmgr.exe.mui,File001
wiaservc.dll.mui,C:\Windows\System32\en-US\wiaservc.dll.mui,File024
win32spl.dll.mui,C:\Windows\System32\en-US\win32spl.dll.mui,File024
WiFiTask.exe.mui,C:\Windows\System32\en-US\WiFiTask.exe.mui,File024
winbioext.dll.mui,C:\Windows\System32\en-US\winbioext.dll.mui,File005
wincredui.dll.mui,C:\Windows\System32\en-US\wincredui.dll.mui,File042
windiag.dll.mui,C:\Windows\System32\en-US\windiag.dll.mui,File027
ndadmin.exe.mui,C:\Windows\System32\en-US\ndadmin.exe.mui,File005
Windows.Devices.Background.dll.mui,C:\Windows\System32\en-US\Windows.Devices.Background.dll.mui,File024
Windows.Devices.Picker.dll.mui,C:\Windows\System32\en-US\Windows.Devices.Picker.dll.mui,File024
Windows.Gaming.Input.dll.mui,C:\Windows\System32\en-US\Windows.Gaming.Input.dll.mui,File024
Windows.ApplicationModel.Store.TestingFramework.dll.mui,C:\Windows\System32\en-US\Windows.ApplicationModel.Store.TestingFramework.dll.mui,File024
Windows.Devices.Custom.dll.mui,C:\Windows\System32\en-US\Windows.Devices.Custom.dll.mui,File005
Windows.CloudStore.dll.mui,C:\Windows\System32\en-US\Windows.CloudStore.dll.mui,File042
Windows.Devices.Lights.dll.mui,C:\Windows\System32\en-US\Windows.Devices.Lights.dll.mui,File027
windows.internal.shell.broker.dll.mui,C:\Windows\System32\en-US\windows.internal.shell.broker.dll.mui,File024
Windows.Internal.CapturePicker.dll.mui,C:\Windows\System32\en-US\Windows.Internal.CapturePicker.dll.mui,File005
Windows.Internal.CapturePicker.Desktop.dll.mui,C:\Windows\System32\en-US\Windows.Internal.CapturePicker.Desktop.dll.mui,File024
windows.internal.shellcommon.shareexperience.dll.mui,C:\Windows\System32\en-US\windows.internal.shellcommon.shareexperience.dll.mui,File160
SecurityHealthSSO.dll.mui,C:\Windows\System32\SecurityHealth\10.0.29510.1001-0\tr-TR\SecurityHealthSSO.dll.mui,File024
Windows.ImmersiveShell.ServiceProvider.dll.mui,C:\Windows\System32\en-US\Windows.ImmersiveShell.ServiceProvider.dll.mui,File027
Windows.Internal.Management.dll.mui,C:\Windows\System32\en-US\Windows.Internal.Management.dll.mui,File027
Windows.Internal.ShellCommon.dll.mui,C:\Windows\System32\en-US\Windows.Internal.ShellCommon.dll.mui,File024
printercleanuptask.dll.mui,C:\Windows\System32\en-US\printercleanuptask.dll.mui,File027
replace.exe.mui,C:\Windows\System32\en-US\replace.exe.mui,File005
RemoveDeviceContextHandler.dll.mui,C:\Windows\System32\en-US\RemoveDeviceContextHandler.dll.mui,File027
sdohlp.dll.mui,C:\Windows\System32\en-US\sdohlp.dll.mui,File160
resutils.dll.mui,C:\Windows\System32\en-US\resutils.dll.mui,File005
PrintScanBrokerService.dll.mui,C:\Windows\System32\en-US\PrintScanBrokerService.dll.mui,File024
scrnsave.scr.mui,C:\Windows\System32\en-US\scrnsave.scr.mui,File024
RemoveDeviceElevated.dll.mui,C:\Windows\System32\en-US\RemoveDeviceElevated.dll.mui,File005
SettingsHandlers_CloudPC.dll.mui,C:\Windows\System32\en-US\SettingsHandlers_CloudPC.dll.mui,File005
regidle.dll.mui,C:\Windows\System32\en-US\regidle.dll.mui,File024
remotepg.dll.mui,C:\Windows\System32\en-US\remotepg.dll.mui,File042
Query.dll.mui,C:\Windows\System32\en-US\Query.dll.mui,File024
printui.exe.mui,C:\Windows\System32\en-US\printui.exe.mui,File005
SettingsHandlers_DesktopTaskbar.dll.mui,C:\Windows\System32\en-US\SettingsHandlers_DesktopTaskbar.dll.mui,File024
SecurityHealthSSO.dll.mui,C:\Windows\System32\SecurityHealth\10.0.29510.1001-0\en-US\SecurityHealthSSO.dll.mui,File024
SecurityHealthSSO.dll.mui,C:\Windows\System32\SecurityHealth\10.0.29510.1001-0\en-GB\SecurityHealthSSO.dll.mui,File024
SecurityHealthSSO.dll.mui,C:\Windows\System32\SecurityHealth\10.0.29510.1001-0\de-DE\SecurityHealthSSO.dll.mui,File024
SecurityHealthSSO.dll.mui,C:\Windows\System32\SecurityHealth\10.0.29510.1001-0\da-DK\SecurityHealthSSO.dll.mui,File024
SecurityHealthSSO.dll.mui,C:\Windows\System32\SecurityHealth\10.0.29510.1001-0\it-IT\SecurityHealthSSO.dll.mui,File027
rasauto.dll.mui,C:\Windows\System32\en-US\rasauto.dll.mui,File024
portabledevicestatus.dll.mui,C:\Windows\System32\en-US\portabledevicestatus.dll.mui,File027
SecurityHealthSSO.dll.mui,C:\Windows\System32\SecurityHealth\10.0.29510.1001-0\cs-CZ\SecurityHealthSSO.dll.mui,File024
SecurityHealthSSO.dll.mui,C:\Windows\System32\SecurityHealth\10.0.29510.1001-0\hr-HR\SecurityHealthSSO.dll.mui,File024
pnppolicy.dll.mui,C:\Windows\System32\en-US\pnppolicy.dll.mui,File005
SecurityHealthSSO.dll.mui,C:\Windows\System32\SecurityHealth\10.0.29510.1001-0\ca-ES\SecurityHealthSSO.dll.mui,File027
SecurityHealthSSO.dll.mui,C:\Windows\System32\SecurityHealth\10.0.29510.1001-0\bg-BG\SecurityHealthSSO.dll.mui,File027
rasautou.exe.mui,C:\Windows\System32\en-US\rasautou.exe.mui,File005
SecurityHealthSSO.dll.mui,C:\Windows\System32\SecurityHealth\10.0.29510.1001-0\ar-SA\SecurityHealthSSO.dll.mui,File024
rasctrs.dll.mui,C:\Windows\System32\en-US\rasctrs.dll.mui,File160
SecurityHealthSSO.dll.mui,C:\Windows\System32\SecurityHealth\10.0.29510.1001-0\hu-HU\SecurityHealthSSO.dll.mui,File024
SecurityHealthSSO.dll.mui,C:\Windows\System32\SecurityHealth\10.0.29510.1001-0\id-ID\SecurityHealthSSO.dll.mui,File024
SecurityHealthSSO.dll.mui,C:\Windows\System32\SecurityHealth\10.0.29510.1001-0\el-GR\SecurityHealthSSO.dll.mui,File027
TsUsbRedirectionGroupPolicyExtension.dll.mui,C:\Windows\System32\en-US\TsUsbRedirectionGroupPolicyExtension.dll.mui,File024
ncryptprov.dll.mui,C:\Windows\System32\en-US\ncryptprov.dll.mui,File027
SettingsHandlers_Devices.dll.mui,C:\Windows\System32\en-US\SettingsHandlers_Devices.dll.mui,File024
Wisp.dll.mui,C:\Windows\System32\en-US\Wisp.dll.mui,File024
wdi.dll.mui,C:\Windows\System32\en-US\wdi.dll.mui,File027
winver.exe.mui,C:\Windows\System32\en-US\winver.exe.mui,File005
RDXService.dll.mui,C:\Windows\System32\en-US\RDXService.dll.mui,File027
RmClient.exe.mui,C:\Windows\System32\en-US\RmClient.exe.mui,File005
wdmaud.drv.mui,C:\Windows\System32\en-US\wdmaud.drv.mui,File024
reagent.dll.mui,C:\Windows\System32\en-US\reagent.dll.mui,File001
recover.exe.mui,C:\Windows\System32\en-US\recover.exe.mui,File005
WinREAgent.dll.mui,C:\Windows\System32\en-US\WinREAgent.dll.mui,File027
windowsudkservices.shellcommon.dll.mui,C:\Windows\System32\en-US\windowsudkservices.shellcommon.dll.mui,File024
WEB.rs.mui,C:\Windows\System32\en-US\WEB.rs.mui,File024
Windows.Web.Http.dll.mui,C:\Windows\System32\en-US\Windows.Web.Http.dll.mui,File101
Windows.Networking.Sockets.PushEnabledApplication.dll.mui,C:\Windows\System32\en-US\Windows.Networking.Sockets.PushEnabledApplication.dll.mui,File160
wdmaud2.drv.mui,C:\Windows\System32\en-US\wdmaud2.drv.mui,File024
rdvvmtransport.dll.mui,C:\Windows\System32\en-US\rdvvmtransport.dll.mui,File005
Windows.SharedPC.CredentialProvider.dll.mui,C:\Windows\System32\en-US\Windows.SharedPC.CredentialProvider.dll.mui,File024
Windows.Perception.Stub.dll.mui,C:\Windows\System32\en-US\Windows.Perception.Stub.dll.mui,File160
WindowsActionDialog.exe.mui,C:\Windows\System32\en-US\WindowsActionDialog.exe.mui,File024
refsdedupsvc.exe.mui,C:\Windows\System32\en-US\refsdedupsvc.exe.mui,File042
offFilt.dll.mui,C:\Windows\System32\en-US\offFilt.dll.mui,File005
witnesswmiv2provider.dll.mui,C:\Windows\System32\en-US\witnesswmiv2provider.dll.mui,File027
ReAgentTask.dll.mui,C:\Windows\System32\en-US\ReAgentTask.dll.mui,File024
rmapi.dll.mui,C:\Windows\System32\en-US\rmapi.dll.mui,File024
odbcad32.exe.mui,C:\Windows\System32\en-US\odbcad32.exe.mui,File005
BarcodeScannerProtocolProvider.dll.mui,C:\Windows\System32\PointOfService\ProtocolProviders\en-US\BarcodeScannerProtocolProvider.dll.mui,File024
PrinterProtocolProvider.dll.mui,C:\Windows\System32\PointOfService\ProtocolProviders\en-US\PrinterProtocolProvider.dll.mui,File005
TimeBrokerServer.dll.mui,C:\Windows\System32\en-US\TimeBrokerServer.dll.mui,File160
audit.exe.mui,C:\Windows\System32\oobe\en-US\audit.exe.mui,File160
CashDrawerProtocolProvider.dll.mui,C:\Windows\System32\PointOfService\ProtocolProviders\en-US\CashDrawerProtocolProvider.dll.mui,File024
PerceptionSimulationService.exe.mui,C:\Windows\System32\PerceptionSimulation\en-US\PerceptionSimulationService.exe.mui,File024
mprdim.dll.mui,C:\Windows\System32\en-US\mprdim.dll.mui,File024
WinLGDep.dll.mui,C:\Windows\System32\oobe\en-US\WinLGDep.dll.mui,File027
SetupCleanupTask.dll.mui,C:\Windows\System32\oobe\en-US\SetupCleanupTask.dll.mui,File024
UserOOBE.dll.mui,C:\Windows\System32\oobe\en-US\UserOOBE.dll.mui,File024
mpsdrv.sys.mui,C:\Windows\System32\en-US\mpsdrv.sys.mui,File024
mpeval.dll.mui,C:\Windows\System32\en-US\mpeval.dll.mui,File027
Microsoft.BitLocker.Structures.dll,C:\Windows\System32\WindowsPowerShell\v1.0\Modules\BitLocker\Microsoft.BitLocker.Structures.dll,File101
PITRTask.dll.mui,C:\Windows\System32\oobe\en-US\PITRTask.dll.mui,File005
mpr.dll.mui,C:\Windows\System32\en-US\mpr.dll.mui,File005
mprext.dll.mui,C:\Windows\System32\en-US\mprext.dll.mui,File160
msoobeplugins.dll.mui,C:\Windows\System32\oobe\en-US\msoobeplugins.dll.mui,File027
oobeldr.exe.mui,C:\Windows\System32\oobe\en-US\oobeldr.exe.mui,File160
PITR.dll.mui,C:\Windows\System32\oobe\en-US\PITR.dll.mui,File005
thumbcache.dll.mui,C:\Windows\System32\en-US\thumbcache.dll.mui,File024
ShMig.dll.mui,C:\Windows\System32\migration\en-US\ShMig.dll.mui,File160
Microsoft.CloudExperienceHost.winmd,C:\Windows\SystemApps\Microsoft.Windows.CloudExperienceHost_cw5n1h2txyewy\Microsoft.CloudExperienceHost.winmd,File160
ScreenClippingHost.exe,C:\Windows\SystemApps\MicrosoftWindows.Client.Core_cw5n1h2txyewy\ScreenClippingHost.exe,File001
MicrosoftAccount.TokenProvider.winmd,C:\Windows\SystemApps\Microsoft.Windows.CloudExperienceHost_cw5n1h2txyewy\MicrosoftAccount.TokenProvider.winmd,File005
MicrosoftAccount.TokenProvider.Core.winmd,C:\Windows\SystemApps\Microsoft.Windows.CloudExperienceHost_cw5n1h2txyewy\MicrosoftAccount.TokenProvider.Core.winmd,File101
GetStarted.Eligibility.dll,C:\Windows\SystemApps\MicrosoftWindows.Client.CBS_cw5n1h2txyewy\GetStarted.Eligibility.dll,File155
Microsoft.UI.Xaml.Phone.dll.mui,C:\Windows\SystemApps\Microsoft.WindowsAppRuntime.CBS_8wekyb3d8bbwe\en-US\Microsoft.UI.Xaml.Phone.dll.mui,File160
Microsoft.UI.Xaml.Phone.dll.mui,C:\Windows\SystemApps\Microsoft.WindowsAppRuntime.vNext.CBS_8wekyb3d8bbwe\en-US\Microsoft.UI.Xaml.Phone.dll.mui,File160
ApplicationLogMessages.dll.mui,C:\Windows\SystemApps\MicrosoftWindows.Client.CBS_cw5n1h2txyewy\en-US\ApplicationLogMessages.dll.mui,File005
dmdskres2.dll,C:\Windows\SysWOW64\dmdskres2.dll,File005
dmdskres.dll,C:\Windows\SysWOW64\dmdskres.dll,File005
DMAppsRes.dll,C:\Windows\SysWOW64\DMAppsRes.dll,File005
chcp.com,C:\Windows\SysWOW64\chcp.com,File101
C_ISCII.DLL,C:\Windows\SysWOW64\C_ISCII.DLL,File101
ETWCoreUIComponentsResources.dll,C:\Windows\SysWOW64\ETWCoreUIComponentsResources.dll,File005
efsui.exe,C:\Windows\SysWOW64\efsui.exe,File101
ApplicationLogMessages.dll.mui,C:\Windows\SystemApps\Shared\EventLog\en-US\ApplicationLogMessages.dll.mui,File005
dvdplay.exe,C:\Windows\SysWOW64\dvdplay.exe,File101
InfDefaultInstall.exe,C:\Windows\SysWOW64\InfDefaultInstall.exe,File101
icmp.dll,C:\Windows\SysWOW64\icmp.dll,File005
dmcommandlineutils.dll,C:\Windows\SysWOW64\dmcommandlineutils.dll,File071
CHxReadingStringIME.dll,C:\Windows\SysWOW64\CHxReadingStringIME.dll,File042
comres.dll,C:\Windows\SysWOW64\comres.dll,File005
iscsicpl.exe,C:\Windows\SysWOW64\iscsicpl.exe,File001
iologmsg.dll,C:\Windows\SysWOW64\iologmsg.dll,File005
GameChatOverlayExt.dll,C:\Windows\SysWOW64\GameChatOverlayExt.dll,File101
apprepapi.dll,C:\Windows\SysWOW64\apprepapi.dll,File042
FirewallUX.dll.mun,C:\Windows\SystemResources\FirewallUX.dll.mun,File005
EapTeapExt.dll.mun,C:\Windows\SystemResources\EapTeapExt.dll.mun,File005
asferror.dll,C:\Windows\SysWOW64\asferror.dll,File005
advapi32res.dll,C:\Windows\SysWOW64\advapi32res.dll,File005
c_GSM7.DLL,C:\Windows\SysWOW64\c_GSM7.DLL,File101
imagesp1.dll,C:\Windows\SysWOW64\imagesp1.dll,File005
imageres.dll,C:\Windows\SysWOW64\imageres.dll,File005
icsunattend.exe,C:\Windows\SysWOW64\icsunattend.exe,File025
KBDCMK.DLL,C:\Windows\SysWOW64\KBDCMK.DLL,File001
IconCodecService.dll,C:\Windows\SysWOW64\IconCodecService.dll,File101
iprop.dll,C:\Windows\SysWOW64\iprop.dll,File005
DDOIProxy.dll,C:\Windows\SysWOW64\DDOIProxy.dll,File071
dcomcnfg.exe,C:\Windows\SysWOW64\dcomcnfg.exe,File001
dmloader.dll,C:\Windows\SysWOW64\dmloader.dll,File213
DeviceUxRes.dll,C:\Windows\SysWOW64\DeviceUxRes.dll,File101
panmap.dll,C:\Windows\SysWOW64\panmap.dll,File101
msxml6r.dll,C:\Windows\SysWOW64\msxml6r.dll,File005
neth.dll,C:\Windows\SysWOW64\neth.dll,File005
msxml3r.dll,C:\Windows\SysWOW64\msxml3r.dll,File005
api-ms-win-base-util-l1-1-0.dll,C:\Windows\SysWOW64\downlevel\api-ms-win-base-util-l1-1-0.dll,File177
tzres.dll,C:\Windows\SysWOW64\tzres.dll,File005
VscMgrPS.dll,C:\Windows\SysWOW64\VscMgrPS.dll,File042
TpmCertResources.dll,C:\Windows\SysWOW64\TpmCertResources.dll,File027
VirtualDisplayManager.ProxyStubs.dll,C:\Windows\SysWOW64\PerceptionSimulation\VirtualDisplayManager.ProxyStubs.dll,File101
SetupCleanupTask.dll.mui,C:\Windows\SysWOW64\oobe\en-US\SetupCleanupTask.dll.mui,File024
SixDofControllerManager.ProxyStubs.dll,C:\Windows\SysWOW64\PerceptionSimulation\SixDofControllerManager.ProxyStubs.dll,File071
windows.ui.xaml.dll.mui,C:\Windows\SysWOW64\ko-KR\windows.ui.xaml.dll.mui,File101
odbcji32.dll,C:\Windows\SysWOW64\odbcji32.dll,File001
APHostRes.dll.mui,C:\Windows\SysWOW64\ko-KR\APHostRes.dll.mui,File001
MapControlStringsRes.dll,C:\Windows\SysWOW64\MapControlStringsRes.dll,File005
LaunchTM.exe,C:\Windows\SysWOW64\LaunchTM.exe,File001
moricons.dll,C:\Windows\SysWOW64\moricons.dll,File005
tapiperf.dll,C:\Windows\SysWOW64\tapiperf.dll,File101
TapiSysprep.dll,C:\Windows\SysWOW64\TapiSysprep.dll,File101
tapiui.dll,C:\Windows\SysWOW64\tapiui.dll,File005
TCPSVCS.EXE,C:\Windows\SysWOW64\TCPSVCS.EXE,File001
srloc.dll.mui,C:\Windows\SysWOW64\Speech\Engines\SR\en-US\srloc.dll.mui,File160
telephon.cpl.mui,C:\Windows\SysWOW64\en-US\telephon.cpl.mui,File005
tapi32.dll.mui,C:\Windows\SysWOW64\en-US\tapi32.dll.mui,File005
termmgr.dll.mui,C:\Windows\SysWOW64\en-US\termmgr.dll.mui,File160
tsgqec.dll.mui,C:\Windows\SysWOW64\en-US\tsgqec.dll.mui,File024
wavemsp.dll.mui,C:\Windows\SysWOW64\en-US\wavemsp.dll.mui,File005
TtlsAuth.dll.mui,C:\Windows\SysWOW64\en-US\TtlsAuth.dll.mui,File160
tapi3.dll.mui,C:\Windows\SysWOW64\en-US\tapi3.dll.mui,File071
StorageContextHandler.dll.mui,C:\Windows\SysWOW64\en-US\StorageContextHandler.dll.mui,File024
wpnclient.dll,C:\Windows\SysWOW64\wpnclient.dll,File148
WpPortingLibrary.dll,C:\Windows\SysWOW64\WpPortingLibrary.dll,File071
Startupscan.dll.mui,C:\Windows\SysWOW64\en-US\Startupscan.dll.mui,File024
wscproxystub.dll,C:\Windows\SysWOW64\wscproxystub.dll,File042
serwvdrv.dll.mui,C:\Windows\SysWOW64\en-US\serwvdrv.dll.mui,File024
wship6.dll,C:\Windows\SysWOW64\wship6.dll,File042
themeui.dll.mui,C:\Windows\SysWOW64\en-US\themeui.dll.mui,File042
rasplap.dll.mui,C:\Windows\SysWOW64\en-US\rasplap.dll.mui,File160
scrnsave.scr.mui,C:\Windows\SysWOW64\en-US\scrnsave.scr.mui,File024
WSHTCPIP.DLL,C:\Windows\SysWOW64\WSHTCPIP.DLL,File001
RpcNs4.dll.mui,C:\Windows\SysWOW64\en-US\RpcNs4.dll.mui,File160
RMActivate_ssp_isv.exe.mui,C:\Windows\SysWOW64\en-US\RMActivate_ssp_isv.exe.mui,File024
rtutils.dll.mui,C:\Windows\SysWOW64\en-US\rtutils.dll.mui,File024
RMActivate_ssp.exe.mui,C:\Windows\SysWOW64\en-US\RMActivate_ssp.exe.mui,File005
RemoveDeviceContextHandler.dll.mui,C:\Windows\SysWOW64\en-US\RemoveDeviceContextHandler.dll.mui,File027
RMActivate.exe.mui,C:\Windows\SysWOW64\en-US\RMActivate.exe.mui,File005
netmsg.dll,C:\Windows\SysWOW64\netmsg.dll,File005
qdvd.dll.mui,C:\Windows\SysWOW64\en-US\qdvd.dll.mui,File042
RemoveDeviceElevated.dll.mui,C:\Windows\SysWOW64\en-US\RemoveDeviceElevated.dll.mui,File005
XAudio2_8.dll,C:\Windows\SysWOW64\XAudio2_8.dll,File027
nddeapi.dll,C:\Windows\SysWOW64\nddeapi.dll,File001
ndadmin.exe,C:\Windows\SysWOW64\ndadmin.exe,File213
DevicePairingProxy.dll.mui,C:\Windows\WinSxS\amd64_devicepairingproxy.resources_31bf3856ad364e35_10.0.26100.1_en-us_7dcae7f47e24d227\DevicePairingProxy.dll.mui,File005
oleacchooks.dll,C:\Windows\SysWOW64\oleacchooks.dll,File001
msrating.dll,C:\Windows\SysWOW64\msrating.dll,File001
cdrom.sys.mui,C:\Windows\WinSxS\amd64_cdrom.inf.resources_31bf3856ad364e35_10.0.26100.1_en-us_35ae75e2c01d5cef\cdrom.sys.mui,File024
srchadmin.dll,C:\Windows\WinSxS\amd64_desktop_shell-search-srchadmin_31bf3856ad364e35_7.0.26100.7462_none_df2ee77b84f6c370\srchadmin.dll,File148
PhoneutilRes.dll,C:\Windows\SysWOW64\PhoneutilRes.dll,File005
Nlsdl.dll,C:\Windows\SysWOW64\Nlsdl.dll,File001
PhoneUtilRes.dll.mui,C:\Windows\SysWOW64\en-US\PhoneUtilRes.dll.mui,File027
msoert2.dll.mui,C:\Windows\SysWOW64\en-US\msoert2.dll.mui,File027
ntlanman.dll.mui,C:\Windows\SysWOW64\en-US\ntlanman.dll.mui,File027
msvidc32.dll.mui,C:\Windows\SysWOW64\en-US\msvidc32.dll.mui,File027
ncpa.cpl.mui,C:\Windows\SysWOW64\en-US\ncpa.cpl.mui,File005
osbaseln.dll.mui,C:\Windows\SysWOW64\en-US\osbaseln.dll.mui,File024
mshta.exe.mui,C:\Windows\SysWOW64\en-US\mshta.exe.mui,File005
XpsToTiffConverter.dll,C:\Windows\SysWOW64\XpsToTiffConverter.dll,File213
olecli32.dll.mui,C:\Windows\SysWOW64\en-US\olecli32.dll.mui,File027
Ninput.dll.mui,C:\Windows\SysWOW64\en-US\Ninput.dll.mui,File024
mswstr10.dll.mui,C:\Windows\SysWOW64\en-US\mswstr10.dll.mui,File024
IBSProvider.dll.mui,C:\Windows\SysWOW64\Dism\en-US\IBSProvider.dll.mui,File005
msftedit.dll.mui,C:\Windows\SysWOW64\en-US\msftedit.dll.mui,File024
PlayToStatusProvider.dll.mui,C:\Windows\SysWOW64\en-US\PlayToStatusProvider.dll.mui,File005
mmcshext.dll.mui,C:\Windows\SysWOW64\en-US\mmcshext.dll.mui,File005
msfeedsbs.dll.mui,C:\Windows\SysWOW64\en-US\msfeedsbs.dll.mui,File005
portabledevicestatus.dll.mui,C:\Windows\SysWOW64\en-US\portabledevicestatus.dll.mui,File027
RMActivate_isv.exe.mui,C:\Windows\SysWOW64\en-US\RMActivate_isv.exe.mui,File005
MsCtfMonitor.dll.mui,C:\Windows\SysWOW64\en-US\MsCtfMonitor.dll.mui,File024
msafd.dll,C:\Windows\SysWOW64\msafd.dll,File005
mscpxl32.dll.mui,C:\Windows\SysWOW64\en-US\mscpxl32.dll.mui,File160
msacm32.drv.mui,C:\Windows\SysWOW64\en-US\msacm32.drv.mui,File005
miguiresource.dll.mui,C:\Windows\SysWOW64\en-US\miguiresource.dll.mui,File024
MessagingDataModel2.dll.mui,C:\Windows\SysWOW64\en-US\MessagingDataModel2.dll.mui,File005
NetworkItemFactory.dll.mui,C:\Windows\SysWOW64\en-US\NetworkItemFactory.dll.mui,File005
MCCSEngineShared.dll.mui,C:\Windows\SysWOW64\en-US\MCCSEngineShared.dll.mui,File024
mscpx32r.dLL,C:\Windows\SysWOW64\mscpx32r.dLL,File005
iyuv_32.dll.mui,C:\Windows\SysWOW64\en-US\iyuv_32.dll.mui,File027
LockAppBroker.dll.mui,C:\Windows\SysWOW64\en-US\LockAppBroker.dll.mui,File027
imapi.dll.mui,C:\Windows\SysWOW64\en-US\imapi.dll.mui,File024
inseng.dll.mui,C:\Windows\SysWOW64\en-US\inseng.dll.mui,File027
ieui.dll.mui,C:\Windows\SysWOW64\en-US\ieui.dll.mui,File027
licmgr10.dll.mui,C:\Windows\SysWOW64\en-US\licmgr10.dll.mui,File160
iertutil.dll.mui,C:\Windows\SysWOW64\en-US\iertutil.dll.mui,File024
DismProv.dll.mui,C:\Windows\SysWOW64\Dism\en-US\DismProv.dll.mui,File005
ieunatt.exe.mui,C:\Windows\SysWOW64\en-US\ieunatt.exe.mui,File005
FolderProvider.dll.mui,C:\Windows\SysWOW64\Dism\en-US\FolderProvider.dll.mui,File005
wuauengcore.dll.mui,C:\Windows\UUS\amd64\en-US\wuauengcore.dll.mui,File042
WaaSMedicSvcImpl.dll.mui,C:\Windows\UUS\amd64\en-US\WaaSMedicSvcImpl.dll.mui,File027
Wisp.dll.mui,C:\Windows\SysWOW64\en-US\Wisp.dll.mui,File024
wmiprop.dll.mui,C:\Windows\SysWOW64\en-US\wmiprop.dll.mui,File027
wlgpclnt.dll.mui,C:\Windows\SysWOW64\en-US\wlgpclnt.dll.mui,File160
uicom.dll.mui,C:\Windows\SysWOW64\en-US\uicom.dll.mui,File005
wlandlg.dll.mui,C:\Windows\SysWOW64\en-US\wlandlg.dll.mui,File160
XInput1_4.dll.mui,C:\Windows\SysWOW64\en-US\XInput1_4.dll.mui,File005
wlanutil.dll.mui,C:\Windows\SysWOW64\en-US\wlanutil.dll.mui,File005
WWAApi.dll.mui,C:\Windows\SysWOW64\en-US\WWAApi.dll.mui,File027
xwtpdui.dll.mui,C:\Windows\SysWOW64\en-US\xwtpdui.dll.mui,File027
wlanext.exe.mui,C:\Windows\SysWOW64\en-US\wlanext.exe.mui,File005
F12Platform2.dll.mui,C:\Windows\SysWOW64\F12\en-US\F12Platform2.dll.mui,File005
wlancfg.dll,C:\Windows\SysWOW64\wlancfg.dll,File148
wldap32.dll.mui,C:\Windows\SysWOW64\en-US\wldap32.dll.mui,File042
Windows.System.Profile.HardwareId.dll.mui,C:\Windows\SysWOW64\en-US\Windows.System.Profile.HardwareId.dll.mui,File024
winver.exe.mui,C:\Windows\SysWOW64\en-US\winver.exe.mui,File005
Windows.ApplicationModel.Store.TestingFramework.dll.mui,C:\Windows\SysWOW64\en-US\Windows.ApplicationModel.Store.TestingFramework.dll.mui,File024
Windows.Gaming.Input.dll.mui,C:\Windows\SysWOW64\en-US\Windows.Gaming.Input.dll.mui,File024
wmerror.dll,C:\Windows\SysWOW64\wmerror.dll,File005
xwtpw32.dll.mui,C:\Windows\SysWOW64\en-US\xwtpw32.dll.mui,File024
F12Platform.dll.mui,C:\Windows\SysWOW64\F12\en-US\F12Platform.dll.mui,File005
UserDeviceRegistration.dll.mui,C:\Windows\SysWOW64\en-US\UserDeviceRegistration.dll.mui,File024
XInput9_1_0.dll.mui,C:\Windows\SysWOW64\en-US\XInput9_1_0.dll.mui,File005
wmploc.DLL,C:\Windows\SysWOW64\wmploc.DLL,File005
UserDeviceRegistration.Ngc.dll.mui,C:\Windows\SysWOW64\en-US\UserDeviceRegistration.Ngc.dll.mui,File024
wiadss.dll.mui,C:\Windows\SysWOW64\en-US\wiadss.dll.mui,File024
Windows.UI.Input.Inking.dll.mui,C:\Windows\SysWOW64\en-US\Windows.UI.Input.Inking.dll.mui,File024
wuauengcore.dll.mui,C:\Windows\UUS\Packages\Preview\amd64\en-US\wuauengcore.dll.mui,File042
hh.exe.mui,C:\Windows\SysWOW64\en-US\hh.exe.mui,File005
g711codc.ax.mui,C:\Windows\SysWOW64\en-US\g711codc.ax.mui,File024
Fondue.exe.mui,C:\Windows\SysWOW64\en-US\Fondue.exe.mui,File027
MsuProvider.dll.mui,C:\Windows\SysWOW64\Dism\en-US\MsuProvider.dll.mui,File027
OfflineSetupProvider.dll.mui,C:\Windows\SysWOW64\Dism\en-US\OfflineSetupProvider.dll.mui,File005
OSProvider.dll.mui,C:\Windows\SysWOW64\Dism\en-US\OSProvider.dll.mui,File024
gpapi.dll.mui,C:\Windows\SysWOW64\en-US\gpapi.dll.mui,File160
SmiProvider.dll.mui,C:\Windows\SysWOW64\Dism\en-US\SmiProvider.dll.mui,File005
gptext.dll.mui,C:\Windows\SysWOW64\en-US\gptext.dll.mui,File024
SysprepProvider.dll.mui,C:\Windows\SysWOW64\Dism\en-US\SysprepProvider.dll.mui,File024
fixmapi.exe.mui,C:\Windows\SysWOW64\en-US\fixmapi.exe.mui,File005
dot3api.dll.mui,C:\Windows\SysWOW64\en-US\dot3api.dll.mui,File024
dot3msm.dll.mui,C:\Windows\SysWOW64\en-US\dot3msm.dll.mui,File024
hlink.dll.mui,C:\Windows\SysWOW64\en-US\hlink.dll.mui,File024
regedt32.exe,C:\Windows\SysWOW64\regedt32.exe,File001
hidphone.tsp.mui,C:\Windows\SysWOW64\en-US\hidphone.tsp.mui,File027
Dsui.dll.mui,C:\Windows\SysWOW64\en-US\Dsui.dll.mui,File027
windows.ui.xaml.dll.mui,C:\Windows\SysWOW64\zh-TW\windows.ui.xaml.dll.mui,File071
DavSyncProvider.dll.mui,C:\Windows\SysWOW64\en-US\DavSyncProvider.dll.mui,File071
DevicePairingProxy.dll.mui,C:\Windows\SysWOW64\en-US\DevicePairingProxy.dll.mui,File005
dabapi.dll.mui,C:\Windows\SysWOW64\en-US\dabapi.dll.mui,File005
recover.exe,C:\Windows\SysWOW64\recover.exe,File101
API-MS-Win-Core-Kernel32-Private-L1-1-1.dll,C:\Windows\SysWOW64\downlevel\API-MS-Win-Core-Kernel32-Private-L1-1-1.dll,File177
cmdl32.exe.mui,C:\Windows\SysWOW64\en-US\cmdl32.exe.mui,File024
html.iec.mui,C:\Windows\SysWOW64\en-US\html.iec.mui,File001
api-ms-win-core-localization-l1-2-1.dll,C:\Windows\SysWOW64\downlevel\api-ms-win-core-localization-l1-2-1.dll,File177
DeviceDisplayStatusManager.dll.mui,C:\Windows\SysWOW64\en-US\DeviceDisplayStatusManager.dll.mui,File005
DeviceSetupStatusProvider.dll.mui,C:\Windows\SysWOW64\en-US\DeviceSetupStatusProvider.dll.mui,File160
dot3gpclnt.dll.mui,C:\Windows\SysWOW64\en-US\dot3gpclnt.dll.mui,File160
cmlua.dll.mui,C:\Windows\SysWOW64\en-US\cmlua.dll.mui,File005
cmstplua.dll.mui,C:\Windows\SysWOW64\en-US\cmstplua.dll.mui,File005
DevDispItemProvider.dll.mui,C:\Windows\SysWOW64\en-US\DevDispItemProvider.dll.mui,File024
cic.dll.mui,C:\Windows\SysWOW64\en-US\cic.dll.mui,File005
cmcfg32.dll.mui,C:\Windows\SysWOW64\en-US\cmcfg32.dll.mui,File027
rnr20.dll,C:\Windows\SysWOW64\rnr20.dll,File071
authfwgp.dll.mui,C:\Windows\SysWOW64\en-US\authfwgp.dll.mui,File160
qedwipes.dll,C:\Windows\SysWOW64\qedwipes.dll,File005
updatepolicycore.dll.mui,C:\Windows\UUS\Packages\Preview\amd64\en-US\updatepolicycore.dll.mui,File001
autoplay.dll.mui,C:\Windows\SysWOW64\en-US\autoplay.dll.mui,File160
Apphlpdm.dll.mui,C:\Windows\SysWOW64\en-US\Apphlpdm.dll.mui,File160
lz32.dll,C:\Windows\SysWOW64\lz32.dll,File005
apphelp.dll.mui,C:\Windows\SysWOW64\en-US\apphelp.dll.mui,File027
CloudNotifications.exe.mui,C:\Windows\SysWOW64\en-US\CloudNotifications.exe.mui,File024
avifil32.dll.mui,C:\Windows\SysWOW64\en-US\avifil32.dll.mui,File160
windows.ui.xaml.dll.mui,C:\Windows\SysWOW64\zh-CN\windows.ui.xaml.dll.mui,File071
RdpSaPs.dll,C:\Windows\SysWOW64\RdpSaPs.dll,File071
mmres.dll,C:\Windows\SysWOW64\mmres.dll,File027
sc.exe,C:\Windows\SysWOW64\sc.exe,File213
SensorsCpl.dll,C:\Windows\SysWOW64\SensorsCpl.dll,File005
sberes.dll,C:\Windows\SysWOW64\sberes.dll,File213
MMFUtil.dll.mui,C:\Windows\SysWOW64\wbem\en-US\MMFUtil.dll.mui,File160
SensApi.dll,C:\Windows\SysWOW64\SensApi.dll,File071
IEChooser.exe.mui,C:\Windows\SysWOW64\F12\en-US\IEChooser.exe.mui,File027
iccvid.dll.mui,C:\Windows\SysWOW64\en-US\iccvid.dll.mui,File027
icsigd.dll.mui,C:\Windows\SysWOW64\en-US\icsigd.dll.mui,File160
ipmiprr.dll,C:\Windows\SysWOW64\wbem\ipmiprr.dll,File027
softpub.dll,C:\Windows\SysWOW64\softpub.dll,File001
spwinsat.dll,C:\Windows\SysWOW64\spwinsat.dll,File101
spwmp.dll,C:\Windows\SysWOW64\spwmp.dll,File071
SyncRes.dll,C:\Windows\SysWOW64\SyncRes.dll,File005
ipmiprr.dll.mui,C:\Windows\SysWOW64\wbem\en-US\ipmiprr.dll.mui,File160
Microsoft.BitLocker.Structures.dll,C:\Windows\SysWOW64\WindowsPowerShell\v1.0\Modules\BitLocker\Microsoft.BitLocker.Structures.dll,File101
pwrshmsg.dll,C:\Windows\SysWOW64\WindowsPowerShell\v1.0\pwrshmsg.dll,File005
WmiApRpl.dll.mui,C:\Windows\SysWOW64\wbem\en-US\WmiApRpl.dll.mui,File024
wmi2xml.dll,C:\Windows\SysWOW64\wbem\xml\wmi2xml.dll,File213
wbemcore.dll.mui,C:\Windows\SysWOW64\wbem\en-US\wbemcore.dll.mui,File027
WinMgmt.exe.mui,C:\Windows\SysWOW64\wbem\en-US\WinMgmt.exe.mui,File042
vdswmi.dll.mui,C:\Windows\SysWOW64\wbem\en-US\vdswmi.dll.mui,File024
msvcr100_clr0400.dll,C:\Windows\SysWOW64\msvcr100_clr0400.dll,File101
c2wtsres.dll.mui,C:\Windows\WinSxS\amd64_c2wtsres.resources_31bf3856ad364e35_10.0.26100.1_en-us_d8f0b92a52b78458\c2wtsres.dll.mui,File024
msvcirt.dll,C:\Windows\SysWOW64\msvcirt.dll,File213
API-MS-Win-Security-Lsalookup-L2-1-1.dll,C:\Windows\SysWOW64\downlevel\API-MS-Win-Security-Lsalookup-L2-1-1.dll,File177
acpi.sys.mui,C:\Windows\WinSxS\amd64_acpi.inf.resources_31bf3856ad364e35_10.0.26100.1_en-us_b0a6872a31719f53\acpi.sys.mui,File001
msorc32r.dll,C:\Windows\SysWOW64\msorc32r.dll,File005
BTHUSB.SYS.mui,C:\Windows\WinSxS\amd64_bth.inf.resources_31bf3856ad364e35_10.0.26100.1_en-us_557f59f0e24373b2\BTHUSB.SYS.mui,File027
bthenum.sys.mui,C:\Windows\WinSxS\amd64_bth.inf.resources_31bf3856ad364e35_10.0.26100.1_en-us_557f59f0e24373b2\bthenum.sys.mui,File005
NdisImPlatform.sys.mui,C:\Windows\SysWOW64\Drivers\en-US\NdisImPlatform.sys.mui,File071
wfplwfs.sys.mui,C:\Windows\SysWOW64\Drivers\en-US\wfplwfs.sys.mui,File027
bthudtask.exe.mui,C:\Windows\WinSxS\amd64_bth-user.resources_31bf3856ad364e35_10.0.26100.1_en-us_63ae1f32e17a2b05\bthudtask.exe.mui,File024
AppInstallerPrompt.Desktop.dll.mui,C:\Windows\WinSxS\amd64_appinstallerprompt-desktop.resources_31bf3856ad364e35_10.0.26100.1_en-us_ebd781dded5c1871\AppInstallerPrompt.Desktop.dll.mui,File005
CAD.sys.mui,C:\Windows\WinSxS\amd64_chargearbitration.inf.resources_31bf3856ad364e35_10.0.26100.1_en-us_9a64560169c09ddb\CAD.sys.mui,File005
ApplicationLogMessages.dll.mui,C:\Windows\WinSxS\amd64_applicationlogmessages.resources_31bf3856ad364e35_10.0.26100.7705_en-us_598b9e98e27381e3\ApplicationLogMessages.dll.mui,File005
ApplicationLogMessages.dll.mui,C:\Windows\WinSxS\amd64_applicationlogmessages.resources_31bf3856ad364e35_10.0.26100.7309_en-us_59b68328e25378a3\ApplicationLogMessages.dll.mui,File005
AccountsRT.dll.mui,C:\Windows\SysWOW64\en-US\AccountsRT.dll.mui,File024
wlanutil.dll,C:\Windows\SysWOW64\wlanutil.dll,File024
AccountAccessor.dll.mui,C:\Windows\SysWOW64\en-US\AccountAccessor.dll.mui,File027
ws2help.dll,C:\Windows\SysWOW64\ws2help.dll,File160
lpk.dll,C:\Windows\SysWOW64\lpk.dll,File005
SxsMigPlugin.dll.mui,C:\Windows\SysWOW64\migration\en-US\SxsMigPlugin.dll.mui,File005
ShMig.dll.mui,C:\Windows\SysWOW64\migration\en-US\ShMig.dll.mui,File160
APHostRes.dll.mui,C:\Windows\SysWOW64\ja-JP\APHostRes.dll.mui,File071
comrepl.exe.mui,C:\Windows\SysWOW64\Com\en-US\comrepl.exe.mui,File005
Windows.Devices.Background.ps.dll,C:\Windows\SysWOW64\Windows.Devices.Background.ps.dll,File071
MigRegDB.exe.mui,C:\Windows\SysWOW64\Com\en-US\MigRegDB.exe.mui,File005
MigRegDB.exe,C:\Windows\SysWOW64\Com\MigRegDB.exe,File042
padrs404.dll,C:\Windows\SysWOW64\IME\SHARED\res\padrs404.dll,File101
Windows.Graphics.Printing.Workflow.Native.dll,C:\Windows\SysWOW64\Windows.Graphics.Printing.Workflow.Native.dll,File101
CapabilityAccessManager.dll.mui,C:\Windows\WinSxS\amd64_microsoft-onecore-c..s-manager.resources_31bf3856ad364e35_10.0.26100.1_en-us_1e1313998f7d47cc\CapabilityAccessManager.dll.mui,File071
SettingsHandlers_CapabilityAccess.dll.mui,C:\Windows\WinSxS\amd64_microsoft-onecore-c..shandlers.resources_31bf3856ad364e35_10.0.26100.6725_en-us_5355d532dfc1bd8c\SettingsHandlers_CapabilityAccess.dll.mui,File024
mcmsvc.dll.mui,C:\Windows\WinSxS\amd64_microsoft-onecore-mcmsvc.resources_31bf3856ad364e35_10.0.26100.7019_en-us_e67b2a12b0e8605d\mcmsvc.dll.mui,File024
oobeldr.exe.mui,C:\Windows\WinSxS\amd64_microsoft-onecore-o..component.resources_31bf3856ad364e35_10.0.26100.1_en-us_4b094cd38a35a2e2\oobeldr.exe.mui,File160
ramparser.sys.mui,C:\Windows\WinSxS\amd64_microsoft-hyper-v-ram-parser.resources_31bf3856ad364e35_10.0.26100.1_en-us_97c4d929404e3444\ramparser.sys.mui,File005
SettingsHandlers_CapabilityAccess.dll.mui,C:\Windows\WinSxS\amd64_microsoft-onecore-c..shandlers.resources_31bf3856ad364e35_10.0.26100.1_en-us_b4a675ec9830a205\SettingsHandlers_CapabilityAccess.dll.mui,File024
mcmsvc.dll,C:\Windows\WinSxS\amd64_microsoft-onecore-mcmsvc-servercfg_31bf3856ad364e35_10.0.26100.7309_none_34b502e18d1b5384\mcmsvc.dll,File148
msacm32.drv.mui,C:\Windows\WinSxS\amd64_microsoft-onecore-a..ore-other.resources_31bf3856ad364e35_10.0.26100.1_en-us_f0e232ee5173f46e\msacm32.drv.mui,File005
Conhost.exe.mui,C:\Windows\WinSxS\amd64_microsoft-onecore-c..host-core.resources_31bf3856ad364e35_10.0.26100.1_en-us_536fb0be5f1c2f1e\Conhost.exe.mui,File160
actionqueue.dll.mui,C:\Windows\WinSxS\amd64_microsoft-onecore-actionqueue.resources_31bf3856ad364e35_10.0.26100.1_en-us_9f6068b3c0e5f0c1\actionqueue.dll.mui,File027
bcastdvruserservice.dll.mui,C:\Windows\WinSxS\amd64_microsoft-media-cap..adcastdvr.resources_31bf3856ad364e35_10.0.26100.7019_en-us_2c3ace68035aa0f5\bcastdvruserservice.dll.mui,File024
netprofm.dll.mui,C:\Windows\WinSxS\amd64_microsoft-onecore-n..le-common.resources_31bf3856ad364e35_10.0.26100.1_en-us_892bfd692f5d017b\netprofm.dll.mui,File001
wtd.sys.mui,C:\Windows\WinSxS\amd64_microsoft-onecore-w..se-driver.resources_31bf3856ad364e35_10.0.26100.1_en-us_7f6a1eb1aa326433\wtd.sys.mui,File005
webthreatdefusersvc.dll.mui,C:\Windows\WinSxS\amd64_microsoft-onecore-w..r-service.resources_31bf3856ad364e35_10.0.26100.1_en-us_0fa759c08f349754\webthreatdefusersvc.dll.mui,File024
CloudExperienceHostCommon.dll.mui,C:\Windows\WinSxS\amd64_microsoft-onecore-c..ehost-api.resources_31bf3856ad364e35_10.0.26100.1_en-us_170d72958603ae56\CloudExperienceHostCommon.dll.mui,File024
ConsentUxClient.dll.mui,C:\Windows\WinSxS\amd64_microsoft-onecore-c..clientapi.resources_31bf3856ad364e35_10.0.26100.1_en-us_8b23db298563ef71\ConsentUxClient.dll.mui,File024
LanguageOverlayServer.dll.mui,C:\Windows\WinSxS\amd64_microsoft-onecore-l..layserver.resources_31bf3856ad364e35_10.0.26100.1_en-us_5ba75825ebc80bd6\LanguageOverlayServer.dll.mui,File160
webthreatdefsvc.dll.mui,C:\Windows\WinSxS\amd64_microsoft-onecore-w..e-service.resources_31bf3856ad364e35_10.0.26100.1_en-us_cbe42b17a11ba21c\webthreatdefsvc.dll.mui,File024
mcmsvc.dll.mui,C:\Windows\WinSxS\amd64_microsoft-onecore-mcmsvc.resources_31bf3856ad364e35_10.0.26100.4484_en-us_e657589eb10209e8\mcmsvc.dll.mui,File024
bcastdvruserservice.dll.mui,C:\Windows\WinSxS\amd64_microsoft-media-cap..adcastdvr.resources_31bf3856ad364e35_10.0.26100.4946_en-us_2bdcbea003a0a41b\bcastdvruserservice.dll.mui,File024
bcastdvruserservice.dll.mui,C:\Windows\WinSxS\amd64_microsoft-media-cap..adcastdvr.resources_31bf3856ad364e35_10.0.26100.1_en-us_8d411931bc00feb1\bcastdvruserservice.dll.mui,File024
Microsoft.Data.UsageAndQualityInsights.dll.mui,C:\Windows\WinSxS\amd64_microsoft-onecore-d..yinsights.resources_31bf3856ad364e35_10.0.26100.7019_en-us_9b29ca6fce1cab55\Microsoft.Data.UsageAndQualityInsights.dll.mui,File024
bthserv.dll,C:\Windows\WinSxS\amd64_microsoft-onecore-bluetooth-bthserv_31bf3856ad364e35_10.0.26100.7309_none_54a7808618e4966c\bthserv.dll,File148
bthserv.dll,C:\Windows\WinSxS\amd64_microsoft-onecore-bluetooth-bthserv_31bf3856ad364e35_10.0.26100.7705_none_547c9bf619049fac\bthserv.dll,File148
embeddedmodesvc.dll.mui,C:\Windows\WinSxS\amd64_microsoft-onecore-e..edmodesvc.resources_31bf3856ad364e35_10.0.26100.1_en-us_d50c148d1d706ab5\embeddedmodesvc.dll.mui,File024
vmtpm.dll.mui,C:\Windows\WinSxS\amd64_hyperv-vmtpm.resources_31bf3856ad364e35_10.0.26100.1_en-us_378831f9e9da3d94\vmtpm.dll.mui,File027
vmsp.exe.mui,C:\Windows\WinSxS\amd64_hyperv-vmsp.resources_31bf3856ad364e35_10.0.26100.1_en-us_068613b1e47182ba\vmsp.exe.mui,File027
vmemulateddevices.dll.mui,C:\Windows\WinSxS\amd64_hyperv-vmemulateddevices.resources_31bf3856ad364e35_10.0.26100.1_en-us_b91a6c0d6383f431\vmemulateddevices.dll.mui,File027
pvhdparser.sys.mui,C:\Windows\WinSxS\amd64_microsoft-hyper-v-pvhd-parser.resources_31bf3856ad364e35_10.0.26100.1_en-us_53ce3a241aa09b4e\pvhdparser.sys.mui,File005
RemoteFileBrowse.dll.mui,C:\Windows\WinSxS\amd64_microsoft-hyper-v-m..lebrowser.resources_31bf3856ad364e35_10.0.26100.1_en-us_8a766b45f6fc4e10\RemoteFileBrowse.dll.mui,File027
vmicrdv.dll.mui,C:\Windows\WinSxS\amd64_microsoft-hyper-v-i..nents-rdv.resources_31bf3856ad364e35_10.0.26100.1_en-us_fad489e9d1bc7d5f\vmicrdv.dll.mui,File024
SnapInAbout.dll.mui,C:\Windows\WinSxS\amd64_microsoft-hyper-v-m..apinabout.resources_31bf3856ad364e35_10.0.26100.1_en-us_1a178fc80254dcbf\SnapInAbout.dll.mui,File027
pnpmem.sys.mui,C:\Windows\WinSxS\amd64_memory.inf.resources_31bf3856ad364e35_10.0.26100.1_en-us_b1b545d33867c301\pnpmem.sys.mui,File024
i8042prt.sys.mui,C:\Windows\WinSxS\amd64_keyboard.inf.resources_31bf3856ad364e35_10.0.26100.1_en-us_2b9c79e9d4eacf2d\i8042prt.sys.mui,File001
kbdhid.sys.mui,C:\Windows\WinSxS\amd64_keyboard.inf.resources_31bf3856ad364e35_10.0.26100.1_en-us_2b9c79e9d4eacf2d\kbdhid.sys.mui,File024
isapnp.sys.mui,C:\Windows\WinSxS\amd64_machine.inf.resources_31bf3856ad364e35_10.0.26100.1_en-us_4200b9d5569240fb\isapnp.sys.mui,File160
mgtdyn.dll.mui,C:\Windows\WinSxS\amd64_mgtdyn.inf.resources_31bf3856ad364e35_10.0.26100.1_en-us_890c5872918cbb6f\mgtdyn.dll.mui,File001
clipsvc.dll.mui,C:\Windows\WinSxS\amd64_microsoft-client-li..m-service.resources_31bf3856ad364e35_10.0.26100.1_en-us_3f436cbd520195fd\clipsvc.dll.mui,File071
licensingdiag.exe.mui,C:\Windows\WinSxS\amd64_microsoft-client-li..rm-client.resources_31bf3856ad364e35_10.0.26100.1_en-us_4606747177edcd7e\licensingdiag.exe.mui,File160
Clipc.dll.mui,C:\Windows\WinSxS\amd64_microsoft-client-li..rm-client.resources_31bf3856ad364e35_10.0.26100.1_en-us_4606747177edcd7e\Clipc.dll.mui,File071
vmbusvdev.dll.mui,C:\Windows\WinSxS\amd64_hyperv-vmbusvdev.resources_31bf3856ad364e35_10.0.26100.1_en-us_f45ef252df4f238e\vmbusvdev.dll.mui,File027
sbresources.dll.mui,C:\Windows\WinSxS\amd64_hyperv-sbresources.resources_31bf3856ad364e35_10.0.26100.1_en-us_ec9e3cea7c842978\sbresources.dll.mui,File024
idtsec.dll.mui,C:\Windows\WinSxS\amd64_idtsec.inf.resources_31bf3856ad364e35_10.0.26100.1_en-us_5d8f44ad22245710\idtsec.dll.mui,File001
vmcrashdump.dll.mui,C:\Windows\WinSxS\amd64_hyperv-vmcrashdump.resources_31bf3856ad364e35_10.0.26100.1_en-us_1a3d4f3d8845a44e\vmcrashdump.dll.mui,File027
icsvcext.dll.mui,C:\Windows\WinSxS\amd64_hyperv-integrationservicesext.resources_31bf3856ad364e35_10.0.26100.1_en-us_cfb65a1df35a6849\icsvcext.dll.mui,File024
computelibeventlog.dll.mui,C:\Windows\WinSxS\amd64_hyperv-computelib-eventlog.resources_31bf3856ad364e35_10.0.26100.1_en-us_4d6decb8583ed555\computelibeventlog.dll.mui,File160
vmplatformca.exe.mui,C:\Windows\WinSxS\amd64_microsoft-hgattest-catrustlet.resources_31bf3856ad364e35_10.0.26100.1_en-us_e1b19bd97a15b138\vmplatformca.exe.mui,File024
dlnashext.dll.mui,C:\Windows\WinSxS\amd64_microsoft-onecore-m..extension.resources_31bf3856ad364e35_10.0.26100.1_en-us_9c9204e3d9d9dfaf\dlnashext.dll.mui,File160
HvService.sys.mui,C:\Windows\WinSxS\amd64_hvservice.inf.resources_31bf3856ad364e35_10.0.26100.1_en-us_4a9e38414727858d\HvService.sys.mui,File005
miguiresource.dll.mui,C:\Windows\WinSxS\amd64_eventviewersettings.resources_31bf3856ad364e35_10.0.26100.1_en-us_94259ad7fc70f9f0\miguiresource.dll.mui,File024
hid.dll.mui,C:\Windows\WinSxS\amd64_hid-dll.resources_31bf3856ad364e35_10.0.26100.1_en-us_14d00ece9ddf093d\hid.dll.mui,File005
hidbatt.sys.mui,C:\Windows\WinSxS\amd64_hidbatt.inf.resources_31bf3856ad364e35_10.0.26100.1_en-us_64a178fe7958fe8e\hidbatt.sys.mui,File005
hidserv.dll.mui,C:\Windows\WinSxS\amd64_hid-user.resources_31bf3856ad364e35_10.0.26100.1_en-us_6296385c53bf0882\hidserv.dll.mui,File024
VmComputeAgent.exe.mui,C:\Windows\WinSxS\amd64_hyperv-compute-gues..teservice.resources_31bf3856ad364e35_10.0.26100.1_en-us_8c195b25f3ad730c\VmComputeAgent.exe.mui,File024
hidscanner.dll.mui,C:\Windows\WinSxS\amd64_hidscanner.inf.resources_31bf3856ad364e35_10.0.26100.1_en-us_0d597823cfe3ec73\hidscanner.dll.mui,File005
FunDisc.dll.mui,C:\Windows\WinSxS\amd64_fundisc.resources_31bf3856ad364e35_10.0.26100.1_en-us_db2b1bf72545b83f\FunDisc.dll.mui,File042
fdPHost.dll.mui,C:\Windows\WinSxS\amd64_fdphost.resources_31bf3856ad364e35_10.0.26100.1_en-us_05ed5915ba6f30b3\fdPHost.dll.mui,File160
ShareHost.dll.mui,C:\Windows\WinSxS\amd64_microsoft-onecore-sharehost.resources_31bf3856ad364e35_10.0.26100.1_en-us_780e9652cda77db7\ShareHost.dll.mui,File027
bnmanager.dll.mui,C:\Windows\WinSxS\amd64_microsoft-windows-b..onmanager.resources_31bf3856ad364e35_10.0.26100.2454_en-us_8310421ace83fe57\bnmanager.dll.mui,File160
bnmanager.dll.mui,C:\Windows\WinSxS\amd64_microsoft-windows-b..onmanager.resources_31bf3856ad364e35_10.0.26100.1_en-us_e43d6302870df8db\bnmanager.dll.mui,File027
bnmanager.dll.mui,C:\Windows\WinSxS\amd64_microsoft-windows-b..onmanager.resources_31bf3856ad364e35_10.0.26100.7705_en-us_82eac39acea0dedb\bnmanager.dll.mui,File160
bfsvc.exe.mui,C:\Windows\WinSxS\amd64_microsoft-windows-b..servicing.resources_31bf3856ad364e35_10.0.26100.1_en-us_692234687eb91090\bfsvc.exe.mui,File005
bootstr.dll.mui,C:\Windows\WinSxS\amd64_microsoft-windows-b..t-strings.resources_31bf3856ad364e35_10.0.26100.1_en-us_1ac8add72b4bb374\bootstr.dll.mui,File024
offFilt.dll.mui,C:\Windows\WinSxS\amd64_microsoft-windows-c..er-office.resources_31bf3856ad364e35_7.0.26100.1_en-us_f6a2963322380903\offFilt.dll.mui,File005
cofire.exe.mui,C:\Windows\WinSxS\amd64_microsoft-windows-c..erecovery.resources_31bf3856ad364e35_10.0.26100.1_en-us_c70e30be62d28dcb\cofire.exe.mui,File160
cofiredm.dll.mui,C:\Windows\WinSxS\amd64_microsoft-windows-c..erecovery.resources_31bf3856ad364e35_10.0.26100.1_en-us_c70e30be62d28dcb\cofiredm.dll.mui,File101
CBDHSvc.dll.mui,C:\Windows\WinSxS\amd64_microsoft-windows-c..erservice.resources_31bf3856ad364e35_10.0.26100.1_en-us_127f2f2c9e250c53\CBDHSvc.dll.mui,File005
AppResolver.dll.mui,C:\Windows\WinSxS\amd64_microsoft-windows-appresolver.resources_31bf3856ad364e35_10.0.26100.1_en-us_63916748816707bb\AppResolver.dll.mui,File027
browser.dll.mui,C:\Windows\WinSxS\amd64_microsoft-windows-b..erservice.resources_31bf3856ad364e35_10.0.26100.1_en-us_f2776e88b4963769\browser.dll.mui,File027
alg.exe.mui,C:\Windows\WinSxS\amd64_microsoft-windows-alg.resources_31bf3856ad364e35_10.0.26100.1_en-us_519cc59b74d5486c\alg.exe.mui,File024
accessibilitycpl.dll,C:\Windows\WinSxS\amd64_microsoft-windows-accessibilitycpl_31bf3856ad364e35_10.0.26100.7824_none_f4f6113c040145fe\accessibilitycpl.dll,File148
InventorySvc.dll.mui,C:\Windows\WinSxS\amd64_microsoft-windows-a..y-service.resources_31bf3856ad364e35_10.0.26100.1_en-us_c3f1353c5459fd26\InventorySvc.dll.mui,File024
wdmaud.drv.mui,C:\Windows\WinSxS\amd64_microsoft-windows-a..wdm-audio.resources_31bf3856ad364e35_10.0.26100.1_en-us_6da781a56a672a0f\wdmaud.drv.mui,File024
tzautoupdate.dll.mui,C:\Windows\WinSxS\amd64_microsoft-windows-a..r-service.resources_31bf3856ad364e35_10.0.26100.1301_en-us_b0548e4d9214b6e0\tzautoupdate.dll.mui,File027
msg711.acm.mui,C:\Windows\WinSxS\amd64_microsoft-windows-a..orecodecs.resources_31bf3856ad364e35_10.0.26100.1_en-us_4110270a2b46a652\msg711.acm.mui,File024
msadp32.acm.mui,C:\Windows\WinSxS\amd64_microsoft-windows-a..orecodecs.resources_31bf3856ad364e35_10.0.26100.1_en-us_4110270a2b46a652\msadp32.acm.mui,File024
imaadp32.acm.mui,C:\Windows\WinSxS\amd64_microsoft-windows-a..orecodecs.resources_31bf3856ad364e35_10.0.26100.1_en-us_4110270a2b46a652\imaadp32.acm.mui,File160
CustomInstallExec.exe.mui,C:\Windows\WinSxS\amd64_microsoft-windows-a..nt-server.resources_31bf3856ad364e35_10.0.26100.7705_en-us_1d1109d87b58a961\CustomInstallExec.exe.mui,File024
CustomInstallExec.exe.mui,C:\Windows\WinSxS\amd64_microsoft-windows-a..nt-server.resources_31bf3856ad364e35_10.0.26100.7309_en-us_1d3bee687b38a021\CustomInstallExec.exe.mui,File024
aemarebackup.dll.mui,C:\Windows\WinSxS\amd64_microsoft-windows-a..re-backup.resources_31bf3856ad364e35_10.0.26100.1_en-us_c5386a232191188e\aemarebackup.dll.mui,File005
CustomInstallExec.exe.mui,C:\Windows\WinSxS\amd64_microsoft-windows-a..nt-server.resources_31bf3856ad364e35_10.0.26100.5074_en-us_1d63ce4e7b19833c\CustomInstallExec.exe.mui,File024
advapi32.dll.mui,C:\Windows\WinSxS\amd64_microsoft-windows-advapi32.resources_31bf3856ad364e35_10.0.26100.3624_en-us_b43760dc60ea789c\advapi32.dll.mui,File160
adpsvc.dll.mui,C:\Windows\WinSxS\amd64_microsoft-windows-adpsvc.resources_31bf3856ad364e35_10.0.26100.7309_en-us_af914a85e67a2067\adpsvc.dll.mui,File005
acproxy.dll.mui,C:\Windows\WinSxS\amd64_microsoft-windows-acproxy.resources_31bf3856ad364e35_10.0.26100.1_en-us_74764b31545ad3ac\acproxy.dll.mui,File024
advapi32.dll.mui,C:\Windows\WinSxS\amd64_microsoft-windows-advapi32.resources_31bf3856ad364e35_10.0.26100.1_en-us_157d209419618a1c\advapi32.dll.mui,File160
ApxSvc.dll.mui,C:\Windows\WinSxS\amd64_microsoft-windows-a..n-service.resources_31bf3856ad364e35_10.0.26100.1_en-us_ca37d64ded16d3eb\ApxSvc.dll.mui,File024
adpsvc.dll.mui,C:\Windows\WinSxS\amd64_microsoft-windows-adpsvc.resources_31bf3856ad364e35_10.0.26100.5074_en-us_afb92a6be65b0382\adpsvc.dll.mui,File005
accessibilitycpl.dll,C:\Windows\WinSxS\amd64_microsoft-windows-accessibilitycpl_31bf3856ad364e35_10.0.26100.7309_none_f529ae5c03db07c0\accessibilitycpl.dll,File148
dmusic.dll.mui,C:\Windows\WinSxS\amd64_microsoft-windows-audio-dmusic.resources_31bf3856ad364e35_10.0.26100.1_en-us_d3172f73921e8886\dmusic.dll.mui,File005
mcicda.dll.mui,C:\Windows\WinSxS\amd64_microsoft-windows-audio-mci.resources_31bf3856ad364e35_10.0.26100.1_en-us_bb89b634578215e2\mcicda.dll.mui,File024
mciseq.dll.mui,C:\Windows\WinSxS\amd64_microsoft-windows-audio-mci.resources_31bf3856ad364e35_10.0.26100.1_en-us_bb89b634578215e2\mciseq.dll.mui,File005
dsound.dll.mui,C:\Windows\WinSxS\amd64_microsoft-windows-audio-dsound.resources_31bf3856ad364e35_10.0.26100.1_en-us_58ee14acc5dbbaa0\dsound.dll.mui,File024
attrib.exe.mui,C:\Windows\WinSxS\amd64_microsoft-windows-attrib.resources_31bf3856ad364e35_10.0.26100.1_en-us_ddcb691a4f12dce6\attrib.exe.mui,File005
atl.dll.mui,C:\Windows\WinSxS\amd64_microsoft-windows-atl.resources_31bf3856ad364e35_10.0.26100.5074_en-us_3aee64d5b2ec58c4\atl.dll.mui,File005
atl.dll.mui,C:\Windows\WinSxS\amd64_microsoft-windows-atl.resources_31bf3856ad364e35_10.0.26100.1_en-us_9bee3fc76b9898e9\atl.dll.mui,File005
mciwave.dll.mui,C:\Windows\WinSxS\amd64_microsoft-windows-audio-mci.resources_31bf3856ad364e35_10.0.26100.1_en-us_bb89b634578215e2\mciwave.dll.mui,File027
cmcleanup.dll.mui,C:\Windows\WinSxS\amd64_microsoft-windows-c..r-cleanup.resources_31bf3856ad364e35_10.0.26100.1_en-us_425e672ad11a2e24\cmcleanup.dll.mui,File024
cmservice.dll.mui,C:\Windows\WinSxS\amd64_microsoft-windows-c..r-manager.resources_31bf3856ad364e35_10.0.26100.4202_en-us_33a27a8d13de7774\cmservice.dll.mui,File005
CredProv2faHelper.dll.mui,C:\Windows\WinSxS\amd64_microsoft-windows-c..r-library.resources_31bf3856ad364e35_10.0.26100.1_en-us_d0ebbbe2969c8c08\CredProv2faHelper.dll.mui,File024
ComputerDefaults.exe.mui,C:\Windows\WinSxS\amd64_microsoft-windows-c..rdefaults.resources_31bf3856ad364e35_10.0.26100.1_en-us_ae18c354c3f23c45\ComputerDefaults.exe.mui,File024
CaptureService.dll.mui,C:\Windows\WinSxS\amd64_microsoft-windows-c..reservice.resources_31bf3856ad364e35_10.0.26100.1_en-us_7cd82fce6aa65f13\CaptureService.dll.mui,File024
MicrosoftAccount.TokenProvider.Core.winmd,C:\Windows\WinSxS\amd64_microsoft-windows-c..riencehost.appxmain_31bf3856ad364e35_10.0.26100.5074_none_9eac4640fd80504f\MicrosoftAccount.TokenProvider.Core.winmd,File101
Microsoft.CloudExperienceHost.winmd,C:\Windows\WinSxS\amd64_microsoft-windows-c..riencehost.appxmain_31bf3856ad364e35_10.0.26100.5074_none_9eac4640fd80504f\Microsoft.CloudExperienceHost.winmd,File160
MicrosoftAccount.TokenProvider.winmd,C:\Windows\WinSxS\amd64_microsoft-windows-c..riencehost.appxmain_31bf3856ad364e35_10.0.26100.5074_none_9eac4640fd80504f\MicrosoftAccount.TokenProvider.winmd,File005
assignedaccessmanager.dll.mui,C:\Windows\WinSxS\amd64_microsoft-windows-a..imeserver.resources_31bf3856ad364e35_10.0.26100.1_en-us_3c22d73791b0f6e3\assignedaccessmanager.dll.mui,File005
Windows.Media.MediaControl.dll.mui,C:\Windows\WinSxS\amd64_microsoft-windows-a..iacontrol.resources_31bf3856ad364e35_10.0.26100.1_en-us_f3db31dfc5ecc79a\Windows.Media.MediaControl.dll.mui,File160
AuditNativeSnapIn.dll.mui,C:\Windows\WinSxS\amd64_microsoft-windows-a..in-native.resources_31bf3856ad364e35_10.0.26100.4202_en-us_baa7e5d6abc612d4\AuditNativeSnapIn.dll.mui,File027
assignedaccessmanagersvc.dll.mui,C:\Windows\WinSxS\amd64_microsoft-windows-a..imeserver.resources_31bf3856ad364e35_10.0.26100.1_en-us_3c22d73791b0f6e3\assignedaccessmanagersvc.dll.mui,File024
invagent.dll.mui,C:\Windows\WinSxS\amd64_microsoft-windows-a..gram-data.resources_31bf3856ad364e35_10.0.26100.1_en-us_aa45618deb5a9a3b\invagent.dll.mui,File024
AxInstUI.exe.mui,C:\Windows\WinSxS\amd64_microsoft-windows-a..llservice.resources_31bf3856ad364e35_10.0.26100.1_en-us_5ac1ba820bbde2ad\AxInstUI.exe.mui,File005
apphelp.dll.mui,C:\Windows\WinSxS\amd64_microsoft-windows-a..structure.resources_31bf3856ad364e35_10.0.26100.1_en-us_f51bf106ff2d6cf1\apphelp.dll.mui,File027
sdbinst.exe.mui,C:\Windows\WinSxS\amd64_microsoft-windows-a..structure.resources_31bf3856ad364e35_10.0.26100.1_en-us_f51bf106ff2d6cf1\sdbinst.exe.mui,File001
AuditNativeSnapIn.dll.mui,C:\Windows\WinSxS\amd64_microsoft-windows-a..in-native.resources_31bf3856ad364e35_10.0.26100.1_en-us_1bc436fc645bfce1\AuditNativeSnapIn.dll.mui,File027
chkntfs.exe.mui,C:\Windows\WinSxS\amd64_microsoft-windows-a..figurator.resources_31bf3856ad364e35_10.0.26100.1_en-us_bdc1b4f3cdb6bac6\chkntfs.exe.mui,File005
AgentService.exe.mui,C:\Windows\WinSxS\amd64_microsoft-windows-a..evservice.resources_31bf3856ad364e35_10.0.26100.1_en-us_3e7baf504513d9ea\AgentService.exe.mui,File024
UevAgentDriver.sys.mui,C:\Windows\WinSxS\amd64_microsoft-windows-a..evservice.resources_31bf3856ad364e35_10.0.26100.1_en-us_3e7baf504513d9ea\UevAgentDriver.sys.mui,File024
AppReadiness.dll.mui,C:\Windows\WinSxS\amd64_microsoft-windows-a..s-service.resources_31bf3856ad364e35_10.0.26100.1_en-us_c4cd7a009bce1085\AppReadiness.dll.mui,File101
appraiser.dll.mui,C:\Windows\WinSxS\amd64_microsoft-windows-c..appraiser.resources_31bf3856ad364e35_10.0.26100.1_en-us_6cec965f3cbf243c\appraiser.dll.mui,File027
msdtc.exe.mui,C:\Windows\WinSxS\amd64_microsoft-windows-c..c-runtime.resources_31bf3856ad364e35_10.0.26100.1_en-us_f6c8143bb67395d0\msdtc.exe.mui,File005
autotimesvc.dll.mui,C:\Windows\WinSxS\amd64_microsoft-windows-c..ce-modern.resources_31bf3856ad364e35_10.0.26100.1_en-us_2df48ec1ef4e4701\autotimesvc.dll.mui,File024
joinproviderol.dll.mui,C:\Windows\WinSxS\amd64_microsoft-windows-c..deronline.resources_31bf3856ad364e35_10.0.26100.1_en-us_f1ccda6ecefee544\joinproviderol.dll.mui,File027
Apphlpdm.dll.mui,C:\Windows\WinSxS\amd64_microsoft-windows-a..e-apphelp.resources_31bf3856ad364e35_10.0.26100.1_en-us_8311dbc8fa67976c\Apphlpdm.dll.mui,File160
MessagingDataModel2.dll.mui,C:\Windows\WinSxS\amd64_microsoft-windows-a..datamodel.resources_31bf3856ad364e35_10.0.26100.1_en-us_8de10a6f955505d4\MessagingDataModel2.dll.mui,File005
pcalua.exe.mui,C:\Windows\WinSxS\amd64_microsoft-windows-a..assistant.resources_31bf3856ad364e35_10.0.26100.4768_en-us_a5766ffa167fa72c\pcalua.exe.mui,File005
audit.exe.mui,C:\Windows\WinSxS\amd64_microsoft-windows-a..component.resources_31bf3856ad364e35_10.0.26100.1_en-us_51921bda252c3b37\audit.exe.mui,File160
bcrypt.dll.mui,C:\Windows\WinSxS\amd64_microsoft-windows-bcrypt.resources_31bf3856ad364e35_10.0.26100.1_en-us_7556be333c351282\bcrypt.dll.mui,File027
adsldpc.dll.mui,C:\Windows\WinSxS\amd64_microsoft-windows-a..apc-layer.resources_31bf3856ad364e35_10.0.26100.1_en-us_c2ea40abaa896bfc\adsldpc.dll.mui,File024
pcalua.exe.mui,C:\Windows\WinSxS\amd64_microsoft-windows-a..assistant.resources_31bf3856ad364e35_10.0.26100.1_en-us_06c357afcef1d3b4\pcalua.exe.mui,File005
AudioEndpointBuilder.dll.mui,C:\Windows\WinSxS\amd64_microsoft-windows-a..audiocore.resources_31bf3856ad364e35_10.0.26100.5074_en-us_c08260e8ca3df187\AudioEndpointBuilder.dll.mui,File027
mgmtrefreshcredprov.dll.mui,C:\Windows\WinSxS\amd64_microsoft-windows-a..-credprov.resources_31bf3856ad364e35_10.0.26100.4484_en-us_b933a58c235dd524\mgmtrefreshcredprov.dll.mui,File160
mgmtrefreshcredprov.dll.mui,C:\Windows\WinSxS\amd64_microsoft-windows-a..-credprov.resources_31bf3856ad364e35_10.0.26100.1_en-us_1a5dc1c9dbea8955\mgmtrefreshcredprov.dll.mui,File160
audiodg.exe.mui,C:\Windows\WinSxS\amd64_microsoft-windows-a..audiocore.resources_31bf3856ad364e35_10.0.26100.5074_en-us_c08260e8ca3df187\audiodg.exe.mui,File005
AudioEndpointBuilder.dll.mui,C:\Windows\WinSxS\amd64_microsoft-windows-a..audiocore.resources_31bf3856ad364e35_10.0.26100.1_en-us_21823bda82ea31ac\AudioEndpointBuilder.dll.mui,File027
audiodg.exe.mui,C:\Windows\WinSxS\amd64_microsoft-windows-a..audiocore.resources_31bf3856ad364e35_10.0.26100.1_en-us_21823bda82ea31ac\audiodg.exe.mui,File005
LockScreenContent.dll.mui,C:\Windows\WinSxS\amd64_microsoft-windows-a..encontent.resources_31bf3856ad364e35_10.0.26100.1_en-us_ebb2511d58d44515\LockScreenContent.dll.mui,File024
assignedaccessguard.exe.mui,C:\Windows\WinSxS\amd64_microsoft-windows-a..ess-guard.resources_31bf3856ad364e35_10.0.26100.1_en-us_f1b59827c3a4ac08\assignedaccessguard.exe.mui,File024
autoplay.dll.mui,C:\Windows\WinSxS\amd64_microsoft-windows-autoplay.resources_31bf3856ad364e35_10.0.26100.1_en-us_938d2fcb9507405d\autoplay.dll.mui,File160
AuthExt.dll.mui,C:\Windows\WinSxS\amd64_microsoft-windows-authext.resources_31bf3856ad364e35_10.0.26100.1_en-us_a2e8bf83d29b86f5\AuthExt.dll.mui,File024
usermgr.dll.mui,C:\Windows\WinSxS\amd64_microsoft-system-user-service.resources_31bf3856ad364e35_10.0.26100.6725_en-us_0892c34f8bf0fd8e\usermgr.dll.mui,File024
CloudNotifications.exe.mui,C:\Windows\WinSxS\amd64_microsoft-windows-c..fications.resources_31bf3856ad364e35_10.0.26100.1_en-us_4f55b373751f61d1\CloudNotifications.exe.mui,File024
cmimcext.sys.mui,C:\Windows\WinSxS\amd64_microsoft-windows-c..ineconfig.resources_31bf3856ad364e35_10.0.26100.1_en-us_0bedd08339196f96\cmimcext.sys.mui,File027
cmimcext.sys.mui,C:\Windows\WinSxS\amd64_microsoft-windows-c..ineconfig.resources_31bf3856ad364e35_10.0.26100.3323_en-us_aac897578089f0a2\cmimcext.sys.mui,File160
usermgr.dll.mui,C:\Windows\WinSxS\amd64_microsoft-system-user-service.resources_31bf3856ad364e35_10.0.26100.1_en-us_69e36409445fe207\usermgr.dll.mui,File024
AppxApplicabilityEngine.dll.mui,C:\Windows\WinSxS\amd64_microsoft-windows-c..icability.resources_31bf3856ad364e35_10.0.26100.1_en-us_50ebec59f9f44343\AppxApplicabilityEngine.dll.mui,File024
mtstocom.exe.mui,C:\Windows\WinSxS\amd64_microsoft-windows-c..lus-setup.resources_31bf3856ad364e35_10.0.26100.1_en-us_978ab1a1d0d84947\mtstocom.exe.mui,File005
rtffilt.dll.mui,C:\Windows\WinSxS\amd64_microsoft-windows-c..ilter-rtf.resources_31bf3856ad364e35_7.0.26100.1_en-us_d5e4917f6026a673\rtffilt.dll.mui,File005
CmAgent.dll.mui,C:\Windows\WinSxS\amd64_microsoft-windows-c..nt-shared.resources_31bf3856ad364e35_10.0.26100.1_en-us_aeb9b6d939b7b1c5\CmAgent.dll.mui,File024
CloudDomainJoinAUG.dll.mui,C:\Windows\WinSxS\amd64_microsoft-windows-c..injoinaug.resources_31bf3856ad364e35_10.0.26100.1_en-us_06c140ab3b4dcb4a\CloudDomainJoinAUG.dll.mui,File024
CredDialogBroker.dll.mui,C:\Windows\WinSxS\amd64_microsoft-windows-c..logbroker.resources_31bf3856ad364e35_10.0.26100.1_en-us_875f22c05d537873\CredDialogBroker.dll.mui,File005
nlhtml.dll.mui,C:\Windows\WinSxS\amd64_microsoft-windows-c..lter-html.resources_31bf3856ad364e35_7.0.26100.1_en-us_6c48525378e1780e\nlhtml.dll.mui,File024
certcli.dll.mui,C:\Windows\WinSxS\amd64_microsoft-windows-c..ityclient.resources_31bf3856ad364e35_10.0.26100.1_en-us_61b2ff4b086153b8\certcli.dll.mui,File160
xmlfilter.dll.mui,C:\Windows\WinSxS\amd64_microsoft-windows-c..lter-html.resources_31bf3856ad364e35_7.0.26100.1_en-us_6c48525378e1780e\xmlfilter.dll.mui,File005
mimefilt.dll.mui,C:\Windows\WinSxS\amd64_microsoft-windows-c..lter-mime.resources_31bf3856ad364e35_7.0.26100.1_en-us_7e9486aa03499b7f\mimefilt.dll.mui,File005
Query.dll.mui,C:\Windows\WinSxS\amd64_microsoft-windows-c..ng-common.resources_31bf3856ad364e35_10.0.26100.1_en-us_c8164fc81b9bed06\Query.dll.mui,File024
comrepl.exe.mui,C:\Windows\WinSxS\amd64_microsoft-windows-c..n-comrepl.resources_31bf3856ad364e35_10.0.26100.1_en-us_77612b8842d95082\comrepl.exe.mui,File005
ConsoleLogon.dll.mui,C:\Windows\WinSxS\amd64_microsoft-windows-c..n-library.resources_31bf3856ad364e35_10.0.26100.1_en-us_b9ab430c8c1c8aec\ConsoleLogon.dll.mui,File160
CredentialEnrollmentManager.exe.mui,C:\Windows\WinSxS\amd64_microsoft-windows-c..ntmanager.resources_31bf3856ad364e35_10.0.26100.1_en-us_e372863b7e2324e0\CredentialEnrollmentManager.exe.mui,File024
dcomcnfg.exe.mui,C:\Windows\WinSxS\amd64_microsoft-windows-c..omplus-ui.resources_31bf3856ad364e35_10.0.26100.1_en-us_95aee285bf3e355a\dcomcnfg.exe.mui,File005
cmservice.dll.mui,C:\Windows\WinSxS\amd64_microsoft-windows-c..r-manager.resources_31bf3856ad364e35_10.0.26100.1_en-us_94becbb2cc746181\cmservice.dll.mui,File005
MigRegDB.exe.mui,C:\Windows\WinSxS\amd64_microsoft-windows-c..-migregdb.resources_31bf3856ad364e35_10.0.26100.1_en-us_bda5c4888a41a16d\MigRegDB.exe.mui,File005
btpanui.dll.mui,C:\Windows\WinSxS\amd64_microsoft-windows-btpanui-mui.resources_31bf3856ad364e35_10.0.26100.1_en-us_e49f2c403da2b999\btpanui.dll.mui,File160
BrokerLib.dll.mui,C:\Windows\WinSxS\amd64_microsoft-windows-brokerbase.resources_31bf3856ad364e35_10.0.26100.1_en-us_a181fdcdf6db392a\BrokerLib.dll.mui,File005
azroles.dll.mui,C:\Windows\WinSxS\amd64_microsoft-windows-azman.resources_31bf3856ad364e35_10.0.26100.1_en-us_0ea93289d2f18c1d\azroles.dll.mui,File027
AccountHealth.dll.mui,C:\Windows\WinSxS\amd64_microsoft-shellcomm..unthealth.resources_31bf3856ad364e35_10.0.26100.3912_en-us_8f0f8ba010de0b2b\AccountHealth.dll.mui,File160
bitsadmin.exe.mui,C:\Windows\WinSxS\amd64_microsoft-windows-b..bitsadmin.resources_31bf3856ad364e35_10.0.26100.1_en-us_74b96f17cec5a826\bitsadmin.exe.mui,File005
Windows.UI.AppDefaults.dll.mui,C:\Windows\WinSxS\amd64_microsoft-windows-appdefaults.resources_31bf3856ad364e35_10.0.26100.1_en-us_a9ae2bdad3393357\Windows.UI.AppDefaults.dll.mui,File160
srpapi.dll.mui,C:\Windows\WinSxS\amd64_microsoft-windows-appidcore.resources_31bf3856ad364e35_10.0.26100.7309_en-us_f524b001f8a540df\srpapi.dll.mui,File042
srpapi.dll.mui,C:\Windows\WinSxS\amd64_microsoft-windows-appidcore.resources_31bf3856ad364e35_10.0.26100.1_en-us_564c6ad9b132641f\srpapi.dll.mui,File042
appidsvc.dll.mui,C:\Windows\WinSxS\amd64_microsoft-windows-appid.resources_31bf3856ad364e35_10.0.26100.1_en-us_331e316415675f4e\appidsvc.dll.mui,File027
applockercsp.dll.mui,C:\Windows\WinSxS\amd64_microsoft-windows-appidcore.resources_31bf3856ad364e35_10.0.26100.1_en-us_564c6ad9b132641f\applockercsp.dll.mui,File024
applockercsp.dll.mui,C:\Windows\WinSxS\amd64_microsoft-windows-appidcore.resources_31bf3856ad364e35_10.0.26100.7309_en-us_f524b001f8a540df\applockercsp.dll.mui,File024
adsldp.dll,C:\Windows\WinSxS\amd64_microsoft-windows-a..rface-ldap-provider_31bf3856ad364e35_10.0.26100.1150_none_b814ccd9aad37306\adsldp.dll,File148
adsldp.dll,C:\Windows\WinSxS\amd64_microsoft-windows-a..rface-ldap-provider_31bf3856ad364e35_10.0.26100.7019_none_b81ad9f9aacfc74c\adsldp.dll,File148
dpapisrv.dll.mui,C:\Windows\WinSxS\amd64_microsoft-windows-dpapisrv.resources_31bf3856ad364e35_10.0.26100.1_en-us_2ad78bc57315db3b\dpapisrv.dll.mui,File042
duser.dll.mui,C:\Windows\WinSxS\amd64_microsoft-windows-duser.resources_31bf3856ad364e35_10.0.26100.1_en-us_722421038b5c99d7\duser.dll.mui,File027
dpapimig.exe.mui,C:\Windows\WinSxS\amd64_microsoft-windows-dpapi-keys.resources_31bf3856ad364e35_10.0.26100.1_en-us_e5e066f38e6fa6a5\dpapimig.exe.mui,File160
DWrite.dll.mui,C:\Windows\WinSxS\amd64_microsoft-windows-directwrite.resources_31bf3856ad364e35_10.0.26100.1_en-us_8e75f00536c95f8c\DWrite.dll.mui,File005
dot3gpclnt.dll.mui,C:\Windows\WinSxS\amd64_microsoft-windows-dot3gpclient.resources_31bf3856ad364e35_10.0.26100.1_en-us_15da647612d06762\dot3gpclnt.dll.mui,File160
DfsShlEx.dll.mui,C:\Windows\WinSxS\amd64_microsoft-windows-dfsui.resources_31bf3856ad364e35_10.0.26100.1_en-us_f2c7b591db69f4a7\DfsShlEx.dll.mui,File027
windows.ui.xaml.dll.mui,C:\Windows\WinSxS\amd64_microsoft-windows-directui.resources_31bf3856ad364e35_10.0.26100.1301_ko-kr_dc332c0045985591\windows.ui.xaml.dll.mui,File101
DxpTaskSync.dll,C:\Windows\WinSxS\amd64_microsoft-windows-dxptasks-sync_31bf3856ad364e35_10.0.26100.7309_none_2a75eb855da01a6b\DxpTaskSync.dll,File148
dot3api.dll.mui,C:\Windows\WinSxS\amd64_microsoft-windows-dot3svc.resources_31bf3856ad364e35_10.0.26100.1_en-us_040c527aa03deed8\dot3api.dll.mui,File024
dot3msm.dll.mui,C:\Windows\WinSxS\amd64_microsoft-windows-dot3svc.resources_31bf3856ad364e35_10.0.26100.1_en-us_040c527aa03deed8\dot3msm.dll.mui,File024
DpiScaling.exe.mui,C:\Windows\WinSxS\amd64_microsoft-windows-dpiscaling.resources_31bf3856ad364e35_10.0.26100.1_en-us_029b358b61c7a830\DpiScaling.exe.mui,File024
windows.ui.xaml.dll.mui,C:\Windows\WinSxS\amd64_microsoft-windows-directui.resources_31bf3856ad364e35_10.0.26100.1301_zh-tw_6d7baed87a74459d\windows.ui.xaml.dll.mui,File071
DxpTaskSync.dll,C:\Windows\WinSxS\amd64_microsoft-windows-dxptasks-sync_31bf3856ad364e35_10.0.26100.5074_none_2a9dcb6b5d80fd86\DxpTaskSync.dll,File148
windows.ui.xaml.dll.mui,C:\Windows\WinSxS\amd64_microsoft-windows-directui.resources_31bf3856ad364e35_10.0.26100.1301_zh-cn_697f71827d03692d\windows.ui.xaml.dll.mui,File071
desk.cpl.mui,C:\Windows\WinSxS\amd64_microsoft-windows-desk.resources_31bf3856ad364e35_10.0.26100.1_en-us_5785967be11f6b71\desk.cpl.mui,File027
XInput9_1_0.dll.mui,C:\Windows\WinSxS\amd64_microsoft-windows-d..tx-xinput.resources_31bf3856ad364e35_10.0.26100.1_en-us_ff40d674e6818ac4\XInput9_1_0.dll.mui,File005
DeviceSetupStatusProvider.dll.mui,C:\Windows\WinSxS\amd64_microsoft-windows-d..sprovider.resources_31bf3856ad364e35_10.0.26100.4202_en-us_4f48776a40e3533b\DeviceSetupStatusProvider.dll.mui,File160
Docking.VirtualInput.dll.mui,C:\Windows\WinSxS\amd64_microsoft-windows-d..tualinput.resources_31bf3856ad364e35_10.0.26100.1_en-us_ec430ba84dda047a\Docking.VirtualInput.dll.mui,File005
domgmt.dll.mui,C:\Windows\WinSxS\amd64_microsoft-windows-d..tion-mgmt.resources_31bf3856ad364e35_10.0.26100.1_en-us_df6896f1db4a8e5f\domgmt.dll.mui,File027
deskmon.dll.mui,C:\Windows\WinSxS\amd64_microsoft-windows-deskmon.resources_31bf3856ad364e35_10.0.26100.1_en-us_129c1f7764bb4347\deskmon.dll.mui,File027
DeviceDirectoryClient.dll.mui,C:\Windows\WinSxS\amd64_microsoft-windows-d..t-onecore.resources_31bf3856ad364e35_10.0.26100.1_en-us_7f3f611966dc9852\DeviceDirectoryClient.dll.mui,File027
qdvd.dll.mui,C:\Windows\WinSxS\amd64_microsoft-windows-d..vdsupport.resources_31bf3856ad364e35_10.0.26100.1_en-us_43a7e3105fb2bb68\qdvd.dll.mui,File042
DeviceDisplayStatusManager.dll.mui,C:\Windows\WinSxS\amd64_microsoft-windows-d..usmanager.resources_31bf3856ad364e35_10.0.26100.1_en-us_72cde7022a4b30b7\DeviceDisplayStatusManager.dll.mui,File005
DeviceSetupStatusProvider.dll.mui,C:\Windows\WinSxS\amd64_microsoft-windows-d..sprovider.resources_31bf3856ad364e35_10.0.26100.1_en-us_b064c88ff9793d48\DeviceSetupStatusProvider.dll.mui,File160
dwmcore.dll.mui,C:\Windows\WinSxS\amd64_microsoft-windows-d..ompositor.resources_31bf3856ad364e35_10.0.26100.1_en-us_606e0cc8e25c74ff\dwmcore.dll.mui,File071
dwmapi.dll.mui,C:\Windows\WinSxS\amd64_microsoft-windows-d..nager-api.resources_31bf3856ad364e35_10.0.26100.1_en-us_ebb5fe16ec4d587e\dwmapi.dll.mui,File027
DevDispItemProvider.dll.mui,C:\Windows\WinSxS\amd64_microsoft-windows-d..mprovider.resources_31bf3856ad364e35_10.0.26100.1_en-us_2954a5f648a3e0b9\DevDispItemProvider.dll.mui,File024
playtomenu.dll.mui,C:\Windows\WinSxS\amd64_microsoft-windows-d..laytomenu.resources_31bf3856ad364e35_10.0.26100.1_en-us_3b64f62ce204da1b\playtomenu.dll.mui,File024
DisplaySwitch.exe.mui,C:\Windows\WinSxS\amd64_microsoft-windows-d..layswitch.resources_31bf3856ad364e35_10.0.26100.1_en-us_044770421387d6d0\DisplaySwitch.exe.mui,File160
dosvc.dll.mui,C:\Windows\WinSxS\amd64_microsoft-windows-d..imization.resources_31bf3856ad364e35_10.0.26100.7309_en-us_28361808e1e0f841\dosvc.dll.mui,File027
DispBroker.Desktop.dll.mui,C:\Windows\WinSxS\amd64_microsoft-windows-d..ispbroker.resources_31bf3856ad364e35_10.0.26100.1_en-us_b32c84e31c7596dd\DispBroker.Desktop.dll.mui,File160
dosvc.dll.mui,C:\Windows\WinSxS\amd64_microsoft-windows-d..imization.resources_31bf3856ad364e35_10.0.26100.1_en-us_895dd2e09a6e1b81\dosvc.dll.mui,File027
ddraw.dll.mui,C:\Windows\WinSxS\amd64_microsoft-windows-d..irectdraw.resources_31bf3856ad364e35_10.0.26100.1_en-us_6ba8eda9d573c473\ddraw.dll.mui,File024
Windows.Devices.Lights.dll.mui,C:\Windows\WinSxS\amd64_microsoft-windows-d..hts-winrt.resources_31bf3856ad364e35_10.0.26100.3624_en-us_8043f0ff94943d60\Windows.Devices.Lights.dll.mui,File027
DiagPackage.dll.mui,C:\Windows\WinSxS\amd64_microsoft-windows-d..iagnostic.resources_31bf3856ad364e35_10.0.26100.1_en-us_c1edcc2dbf9898e3\DiagPackage.dll.mui,File042
VerifierExt.sys.mui,C:\Windows\WinSxS\amd64_microsoft-windows-d..ifier-xdv.resources_31bf3856ad364e35_10.0.26100.1_en-us_f949c57d5471c989\VerifierExt.sys.mui,File027
DispBroker.Desktop.dll.mui,C:\Windows\WinSxS\amd64_microsoft-windows-d..ispbroker.resources_31bf3856ad364e35_10.0.26100.4768_en-us_51df9d2d64036a55\DispBroker.Desktop.dll.mui,File160
IBSProvider.dll.mui,C:\Windows\WinSxS\amd64_microsoft-windows-d..iders-ibs.resources_31bf3856ad364e35_10.0.26100.1_en-us_041888b022ec87be\IBSProvider.dll.mui,File005
dnsrslvr.dll.mui,C:\Windows\WinSxS\amd64_microsoft-windows-d..ient-core.resources_31bf3856ad364e35_10.0.26100.1591_en-us_b30301a4b143f570\dnsrslvr.dll.mui,File027
mciqtz32.dll.mui,C:\Windows\WinSxS\amd64_microsoft-windows-d..how-other.resources_31bf3856ad364e35_10.0.26100.1_en-us_78bd241c9d545275\mciqtz32.dll.mui,File027
PowerGridForecastTask.dll.mui,C:\Windows\WinSxS\amd64_microsoft-windows-d..ging-task.resources_31bf3856ad364e35_10.0.26100.1_en-us_d07755943f818666\PowerGridForecastTask.dll.mui,File024
dwmredir.dll.mui,C:\Windows\WinSxS\amd64_microsoft-windows-d..ger-redir.resources_31bf3856ad364e35_10.0.26100.1_en-us_df971ef869c300b0\dwmredir.dll.mui,File024
DiagPackage.dll.mui,C:\Windows\WinSxS\amd64_microsoft-windows-d..iagnostic.resources_31bf3856ad364e35_10.0.26100.1_en-us_7268954e59f7d60e\DiagPackage.dll.mui,File027
dpnsvr.exe.mui,C:\Windows\WinSxS\amd64_microsoft-windows-d..8-payload.resources_31bf3856ad364e35_10.0.26100.1_en-us_d27f0a6610a8e8c2\dpnsvr.exe.mui,File005
dmdskres2.dll.mui,C:\Windows\WinSxS\amd64_microsoft-windows-d..anagement.resources_31bf3856ad364e35_10.0.26100.1_en-us_c35fb48741062104\dmdskres2.dll.mui,File160
dggpext.dll.mui,C:\Windows\WinSxS\amd64_microsoft-windows-d..ard-gpext.resources_31bf3856ad364e35_10.0.26100.2033_en-us_4a6dd130511679f7\dggpext.dll.mui,File024
Midi2.KSAggregateTransport.dll.mui,C:\Windows\WinSxS\amd64_microsoft-windows-d..ces-midi2.resources_31bf3856ad364e35_10.0.26100.7705_en-us_1047ffc20027598d\Midi2.KSAggregateTransport.dll.mui,File024
Midi2.BS2UMPTransform.dll.mui,C:\Windows\WinSxS\amd64_microsoft-windows-d..ces-midi2.resources_31bf3856ad364e35_10.0.26100.7705_en-us_1047ffc20027598d\Midi2.BS2UMPTransform.dll.mui,File005
dmwappushsvc.dll.mui,C:\Windows\WinSxS\amd64_microsoft-windows-d..appushsvc.resources_31bf3856ad364e35_10.0.26100.1_en-us_f92cabf85986445b\dmwappushsvc.dll.mui,File024
uDWM.dll.mui,C:\Windows\WinSxS\amd64_microsoft-windows-d..ager-udwm.resources_31bf3856ad364e35_10.0.26100.1_en-us_45cead7df8b8716b\uDWM.dll.mui,File027
Windows.Devices.Background.dll.mui,C:\Windows\WinSxS\amd64_microsoft-windows-d..ackground.resources_31bf3856ad364e35_10.0.26100.1_en-us_11779dbadd8151a8\Windows.Devices.Background.dll.mui,File024
cttune.exe.mui,C:\Windows\WinSxS\amd64_microsoft-windows-cttune.resources_31bf3856ad364e35_10.0.26100.1_en-us_3151038536cdfb69\cttune.exe.mui,File001
csrss.exe.mui,C:\Windows\WinSxS\amd64_microsoft-windows-csrss.resources_31bf3856ad364e35_10.0.26100.1_en-us_d784b37749fd398a\csrss.exe.mui,File005
cryptsvc.dll.mui,C:\Windows\WinSxS\amd64_microsoft-windows-cryptsvc-dll.resources_31bf3856ad364e35_10.0.26100.1_en-us_a1ba7c635f18ddc5\cryptsvc.dll.mui,File160
cryptxml.dll.mui,C:\Windows\WinSxS\amd64_microsoft-windows-cryptxml.resources_31bf3856ad364e35_10.0.26100.1_en-us_698fc1f60c2de547\cryptxml.dll.mui,File027
cttunesvr.exe.mui,C:\Windows\WinSxS\amd64_microsoft-windows-cttunesvr.resources_31bf3856ad364e35_10.0.26100.1_en-us_c0a9b4afbced73ca\cttunesvr.exe.mui,File005
compact.exe.mui,C:\Windows\WinSxS\amd64_microsoft-windows-compact.resources_31bf3856ad364e35_10.0.26100.1_en-us_cab68ee4e3cbdad1\compact.exe.mui,File071
clfs.sys.mui,C:\Windows\WinSxS\amd64_microsoft-windows-commonlog.resources_31bf3856ad364e35_10.0.26100.1_en-us_0f4c638b630dd703\clfs.sys.mui,File005
wudfpf.sys.mui,C:\Windows\WinSxS\amd64_microsoft-windows-d..-usermode.resources_31bf3856ad364e35_10.0.26100.1_en-us_c3d82ef5c0380efa\wudfpf.sys.mui,File024
CompMgmtLauncher.exe.mui,C:\Windows\WinSxS\amd64_microsoft-windows-c..rlauncher.resources_31bf3856ad364e35_10.0.26100.1_en-us_40ccd3d845497fee\CompMgmtLauncher.exe.mui,File005
WUDFHost.exe.mui,C:\Windows\WinSxS\amd64_microsoft-windows-d..-usermode.resources_31bf3856ad364e35_10.0.26100.1_en-us_c3d82ef5c0380efa\WUDFHost.exe.mui,File005
CXHProvisioningServer.dll,C:\Windows\WinSxS\amd64_microsoft-windows-cxhprovisioning_31bf3856ad364e35_10.0.26100.5074_none_f56833b996cca04c\CXHProvisioningServer.dll,File148
DeviceCompanionAppInstall.dll.mui,C:\Windows\WinSxS\amd64_microsoft-windows-d..ppinstall.resources_31bf3856ad364e35_10.0.26100.1_en-us_a259f210bed65a8a\DeviceCompanionAppInstall.dll.mui,File024
SysprepProvider.dll.mui,C:\Windows\WinSxS\amd64_microsoft-windows-d..s-sysprep.resources_31bf3856ad364e35_10.0.26100.1_en-us_9a85a6f53bae2bda\SysprepProvider.dll.mui,File024
Microsoft.Management.OsConfiguration.Commands.Resources.dll,C:\Windows\WinSxS\amd64_microsoft-windows-d..oncmdlets.resources_31bf3856ad364e35_10.0.26100.1_en-us_306a6011ae4bb83e\Microsoft.Management.OsConfiguration.Commands.Resources.dll,File160
CashDrawerProtocolProvider.dll.mui,C:\Windows\WinSxS\amd64_microsoft-windows-d..providers.resources_31bf3856ad364e35_10.0.26100.1_en-us_4b454e041d32d989\CashDrawerProtocolProvider.dll.mui,File024
BarcodeScannerProtocolProvider.dll.mui,C:\Windows\WinSxS\amd64_microsoft-windows-d..providers.resources_31bf3856ad364e35_10.0.26100.1_en-us_4b454e041d32d989\BarcodeScannerProtocolProvider.dll.mui,File024
wintypes.dll.mui,C:\Windows\WinSxS\amd64_microsoft-windows-com-base.resources_31bf3856ad364e35_10.0.26100.7705_en-us_5420c517edc81ebb\wintypes.dll.mui,File005
wintypes.dll.mui,C:\Windows\WinSxS\amd64_microsoft-windows-com-base.resources_31bf3856ad364e35_10.0.26100.6725_en-us_5422c3c5edc65442\wintypes.dll.mui,File005
iyuv_32.dll.mui,C:\Windows\WinSxS\amd64_microsoft-windows-d..onverters.resources_31bf3856ad364e35_10.0.26100.1_en-us_e53ccd785d6abe1d\iyuv_32.dll.mui,File027
GCDEF.dll.mui,C:\Windows\WinSxS\amd64_microsoft-windows-d..rectinput.resources_31bf3856ad364e35_10.0.26100.1_en-us_aa38163518be0599\GCDEF.dll.mui,File042
pnppolicy.dll.mui,C:\Windows\WinSxS\amd64_microsoft-windows-d..ouppolicy.resources_31bf3856ad364e35_10.0.26100.1_en-us_911df262bc90dd51\pnppolicy.dll.mui,File005
PrinterProtocolProvider.dll.mui,C:\Windows\WinSxS\amd64_microsoft-windows-d..providers.resources_31bf3856ad364e35_10.0.26100.1_en-us_4b454e041d32d989\PrinterProtocolProvider.dll.mui,File005
cngcredui.dll.mui,C:\Windows\WinSxS\amd64_microsoft-windows-cngcredui.resources_31bf3856ad364e35_10.0.26100.1_en-us_a03530e3165fec3c\cngcredui.dll.mui,File027
wintypes.dll.mui,C:\Windows\WinSxS\amd64_microsoft-windows-com-base.resources_31bf3856ad364e35_10.0.26100.1_en-us_b573647fa63538bb\wintypes.dll.mui,File005
FntCache.dll.mui,C:\Windows\WinSxS\amd64_microsoft-windows-d..fontcache.resources_31bf3856ad364e35_10.0.26100.1_en-us_cdd15d43f9c7e404\FntCache.dll.mui,File024
Windows.CloudStore.dll.mui,C:\Windows\WinSxS\amd64_microsoft-windows-cloudstore.resources_31bf3856ad364e35_10.0.26100.3323_en-us_f19c70829f182f18\Windows.CloudStore.dll.mui,File042
Windows.CloudStore.dll.mui,C:\Windows\WinSxS\amd64_microsoft-windows-cloudstore.resources_31bf3856ad364e35_10.0.26100.1_en-us_52c1a9ae57a7ae0c\Windows.CloudStore.dll.mui,File042
DataExchangeHost.exe.mui,C:\Windows\WinSxS\amd64_microsoft-windows-d..hangehost.resources_31bf3856ad364e35_10.0.26100.1_en-us_b6e47a40f5d3ba9f\DataExchangeHost.exe.mui,File005
dwminit.dll.mui,C:\Windows\WinSxS\amd64_microsoft-windows-d..extension.resources_31bf3856ad364e35_10.0.26100.1_en-us_dc20aced5fc3cb3f\dwminit.dll.mui,File024
dwmcore.dll.mui,C:\Windows\WinSxS\amd64_microsoft-windows-d..ompositor.resources_31bf3856ad364e35_10.0.26100.5074_en-us_ff6e31d729b034da\dwmcore.dll.mui,File071
dwmcore.dll.mui,C:\Windows\WinSxS\amd64_microsoft-windows-d..ompositor.resources_31bf3856ad364e35_10.0.26100.7840_en-us_ff15108529f35c27\dwmcore.dll.mui,File071
cleanmgr.exe.mui,C:\Windows\WinSxS\amd64_microsoft-windows-cleanmgr.resources_31bf3856ad364e35_10.0.26100.1_en-us_5aca184e01336041\cleanmgr.exe.mui,File071
dcsvc.dll.mui,C:\Windows\WinSxS\amd64_microsoft-windows-d..rationsvc.resources_31bf3856ad364e35_10.0.26100.1_en-us_5c873aff49ea76e6\dcsvc.dll.mui,File024
certenc.dll.mui,C:\Windows\WinSxS\amd64_microsoft-windows-certutil.resources_31bf3856ad364e35_10.0.26100.1_en-us_cd16753c86be756e\certenc.dll.mui,File024
certenc.dll.mui,C:\Windows\WinSxS\amd64_microsoft-windows-certutil.resources_31bf3856ad364e35_10.0.26100.7309_en-us_6beeba64ce31522e\certenc.dll.mui,File024
cdpusersvc.dll.mui,C:\Windows\WinSxS\amd64_microsoft-windows-cdpusersvc.resources_31bf3856ad364e35_10.0.26100.1_en-us_be1e57eec498a8f4\cdpusersvc.dll.mui,File024
cdpsvc.dll.mui,C:\Windows\WinSxS\amd64_microsoft-windows-cdpsvc.resources_31bf3856ad364e35_10.0.26100.1_en-us_f3aa35cab4d49545\cdpsvc.dll.mui,File024
charmap.exe.mui,C:\Windows\WinSxS\amd64_microsoft-windows-charmap.resources_31bf3856ad364e35_10.0.26100.4768_en-us_82e5b514a7e7c96a\charmap.exe.mui,File042
cdp.dll.mui,C:\Windows\WinSxS\amd64_microsoft-windows-cdp.resources_31bf3856ad364e35_10.0.26100.1_en-us_fb991234ba25281b\cdp.dll.mui,File024
credprovslegacy.dll.mui,C:\Windows\WinSxS\amd64_microsoft-windows-c..y-library.resources_31bf3856ad364e35_10.0.26100.6725_en-us_2c176763db123a0f\credprovslegacy.dll.mui,File042
credprovslegacy.dll.mui,C:\Windows\WinSxS\amd64_microsoft-windows-c..y-library.resources_31bf3856ad364e35_10.0.26100.1_en-us_8d68081d93811e88\credprovslegacy.dll.mui,File042
certcredprovider.dll.mui,C:\Windows\WinSxS\amd64_microsoft-windows-c..vider-dll.resources_31bf3856ad364e35_10.0.26100.4484_en-us_46b4641be7252513\certcredprovider.dll.mui,File024
capisp.dll.mui,C:\Windows\WinSxS\amd64_microsoft-windows-capisp-dll.resources_31bf3856ad364e35_10.0.26100.1_en-us_10e53de22fbf06b1\capisp.dll.mui,File024
certcredprovider.dll.mui,C:\Windows\WinSxS\amd64_microsoft-windows-c..vider-dll.resources_31bf3856ad364e35_10.0.26100.1_en-us_a7de80599fb1d944\certcredprovider.dll.mui,File024
credprovhost.dll.mui,C:\Windows\WinSxS\amd64_microsoft-windows-c..t-library.resources_31bf3856ad364e35_10.0.26100.1_en-us_61890db2ffc1536d\credprovhost.dll.mui,File042
CIWmi.dll.mui,C:\Windows\WinSxS\amd64_microsoft-windows-ci-wmi.resources_31bf3856ad364e35_10.0.26100.1_en-us_a354a47fb3e9978a\CIWmi.dll.mui,File024
chkdsk.exe.mui,C:\Windows\WinSxS\amd64_microsoft-windows-chkdsk.resources_31bf3856ad364e35_10.0.26100.1_en-us_531caec2772a3efc\chkdsk.exe.mui,File005
RemoveDeviceContextHandler.dll.mui,C:\Windows\WinSxS\amd64_microsoft-windows-d..xthandler.resources_31bf3856ad364e35_10.0.26100.1_en-us_5b38e62d38579f37\RemoveDeviceContextHandler.dll.mui,File027
StorageContextHandler.dll.mui,C:\Windows\WinSxS\amd64_microsoft-windows-d..xthandler.resources_31bf3856ad364e35_10.0.26100.1_en-us_470a0e20f384b220\StorageContextHandler.dll.mui,File024
XInput1_4.dll.mui,C:\Windows\WinSxS\amd64_microsoft-windows-d..xinput1_4.resources_31bf3856ad364e35_10.0.26100.1_en-us_01f7630d07ff9fe8\XInput1_4.dll.mui,File005
CompatTelRunner.exe.mui,C:\Windows\WinSxS\amd64_microsoft-windows-c..telrunner.resources_31bf3856ad364e35_10.0.26100.1_en-us_d0a0b8d468c1b5aa\CompatTelRunner.exe.mui,File024
devenum.dll.mui,C:\Windows\WinSxS\amd64_microsoft-windows-d..w-devenum.resources_31bf3856ad364e35_10.0.26100.1_en-us_989108173f175a25\devenum.dll.mui,File024
BthMtpContextHandler.dll.mui,C:\Windows\WinSxS\amd64_microsoft-windows-d..xthandler.resources_31bf3856ad364e35_10.0.26100.1_en-us_b0623524f238b20a\BthMtpContextHandler.dll.mui,File024
DocumentPerformanceEvents.dll.mui,C:\Windows\WinSxS\amd64_microsoft-windows-d..rformance.resources_31bf3856ad364e35_10.0.26100.1_en-us_36a9971c004693db\DocumentPerformanceEvents.dll.mui,File024
dafpos.dll.mui,C:\Windows\WinSxS\amd64_microsoft-windows-d..rvice-daf.resources_31bf3856ad364e35_10.0.26100.1_en-us_6416d9cbbe32a5bc\dafpos.dll.mui,File005
SettingsHandlers_DesktopTaskbar.dll.mui,C:\Windows\WinSxS\amd64_microsoft-windows-d..shandlers.resources_31bf3856ad364e35_10.0.26100.1_en-us_f694e39f61363087\SettingsHandlers_DesktopTaskbar.dll.mui,File024
Windows.Devices.SmartCards.dll.mui,C:\Windows\WinSxS\amd64_microsoft-windows-d..rds-winrt.resources_31bf3856ad364e35_10.0.26100.1_en-us_911a26d11da32527\Windows.Devices.SmartCards.dll.mui,File027
ChsRoaming.DLL,C:\Windows\WinSxS\amd64_microsoft-windows-d..se-roaming-binaries_31bf3856ad364e35_10.0.26100.7309_none_600c3d29c1162181\ChsRoaming.DLL,File148
wdi.dll.mui,C:\Windows\WinSxS\amd64_microsoft-windows-d..re-client.resources_31bf3856ad364e35_10.0.26100.1_en-us_ac9c548c73e2af9e\wdi.dll.mui,File027
ChsRoaming.DLL,C:\Windows\WinSxS\amd64_microsoft-windows-d..se-roaming-binaries_31bf3856ad364e35_10.0.26100.5074_none_60341d0fc0f7049c\ChsRoaming.DLL,File148
DeviceProperties.exe.mui,C:\Windows\WinSxS\amd64_microsoft-windows-d..roperties.resources_31bf3856ad364e35_10.0.26100.1_en-us_3c36e89d9762cfd7\DeviceProperties.exe.mui,File005
DefaultPrinterProvider.dll.mui,C:\Windows\WinSxS\amd64_microsoft-windows-d..rprovider.resources_31bf3856ad364e35_10.0.26100.1_en-us_04152c474b586882\DefaultPrinterProvider.dll.mui,File005
Microsoft.CloudExperienceHost.winmd,C:\Windows\WinSxS\amd64_microsoft-windows-c..riencehost.appxmain_31bf3856ad364e35_10.0.26100.7705_none_9e5981cafdbf7674\Microsoft.CloudExperienceHost.winmd,File160
MicrosoftAccount.TokenProvider.winmd,C:\Windows\WinSxS\amd64_microsoft-windows-c..riencehost.appxmain_31bf3856ad364e35_10.0.26100.7705_none_9e5981cafdbf7674\MicrosoftAccount.TokenProvider.winmd,File005
MicrosoftAccount.TokenProvider.Core.winmd,C:\Windows\WinSxS\amd64_microsoft-windows-c..riencehost.appxmain_31bf3856ad364e35_10.0.26100.7705_none_9e5981cafdbf7674\MicrosoftAccount.TokenProvider.Core.winmd,File101
FolderProvider.dll.mui,C:\Windows\WinSxS\amd64_microsoft-windows-d..ment-core.resources_31bf3856ad364e35_10.0.26100.4946_en-us_ad81013971682514\FolderProvider.dll.mui,File005
DismProv.dll.mui,C:\Windows\WinSxS\amd64_microsoft-windows-d..ment-core.resources_31bf3856ad364e35_10.0.26100.4946_en-us_ad81013971682514\DismProv.dll.mui,File005
FolderProvider.dll.mui,C:\Windows\WinSxS\amd64_microsoft-windows-d..ment-core.resources_31bf3856ad364e35_10.0.26100.1_en-us_0ee55bcb29c87faa\FolderProvider.dll.mui,File005
DismProv.dll.mui,C:\Windows\WinSxS\amd64_microsoft-windows-d..ment-core.resources_31bf3856ad364e35_10.0.26100.1_en-us_0ee55bcb29c87faa\DismProv.dll.mui,File005
ContentDeliveryManager.Utilities.dll.mui,C:\Windows\WinSxS\amd64_microsoft-windows-c..rymanager.resources_31bf3856ad364e35_10.0.26100.1_en-us_2b33036467dbc8b8\ContentDeliveryManager.Utilities.dll.mui,File024
credprovhost.dll.mui,C:\Windows\WinSxS\amd64_microsoft-windows-c..t-library.resources_31bf3856ad364e35_10.0.26100.6725_en-us_00386cf947526ef4\credprovhost.dll.mui,File042
SettingsHandlers_CloudPC.dll.mui,C:\Windows\WinSxS\amd64_microsoft-windows-c..shandlers.resources_31bf3856ad364e35_10.0.26100.1_en-us_3d734b4ba35e68bd\SettingsHandlers_CloudPC.dll.mui,File005
FolderProvider.dll.mui,C:\Windows\WinSxS\amd64_microsoft-windows-d..ment-core.resources_31bf3856ad364e35_10.0.26100.7019_en-us_addf1101712221ee\FolderProvider.dll.mui,File005
credprovs.dll.mui,C:\Windows\WinSxS\amd64_microsoft-windows-c..s-library.resources_31bf3856ad364e35_10.0.26100.1301_en-us_2c308415e2be0da7\credprovs.dll.mui,File042
adaminstall.exe.mui,C:\Windows\WinSxS\amd64_microsoft-windows-d..m-install.resources_31bf3856ad364e35_10.0.26100.1_en-us_6bf0409a764cbefb\adaminstall.exe.mui,File024
MDEServer.exe.mui,C:\Windows\WinSxS\amd64_microsoft-windows-d..mdeserver.resources_31bf3856ad364e35_10.0.26100.1_en-us_d4b7cd4926fa5141\MDEServer.exe.mui,File005
DismProv.dll.mui,C:\Windows\WinSxS\amd64_microsoft-windows-d..ment-core.resources_31bf3856ad364e35_10.0.26100.7019_en-us_addf1101712221ee\DismProv.dll.mui,File005
dhcpcsvc.dll.mui,C:\Windows\WinSxS\amd64_microsoft-windows-d..ll-minwin.resources_31bf3856ad364e35_10.0.26100.1_en-us_31de1972e0039c05\dhcpcsvc.dll.mui,File024
volmgrx.sys.mui,C:\Windows\WinSxS\amd64_microsoft-windows-d..memanager.resources_31bf3856ad364e35_10.0.26100.1_en-us_a18734abf077f9b4\volmgrx.sys.mui,File024
Windows.Devices.Custom.dll.mui,C:\Windows\WinSxS\amd64_microsoft-windows-d..es-custom.resources_31bf3856ad364e35_10.0.26100.1_en-us_eb3545005aa6f66b\Windows.Devices.Custom.dll.mui,File005
OSProvider.dll.mui,C:\Windows\WinSxS\amd64_microsoft-windows-d..ers-image.resources_31bf3856ad364e35_10.0.26100.1_en-us_d0c2d5d3ab13a53b\OSProvider.dll.mui,File024
OSProvider.dll.mui,C:\Windows\WinSxS\amd64_microsoft-windows-d..ers-image.resources_31bf3856ad364e35_10.0.26100.5074_en-us_6fc2fae1f2676516\OSProvider.dll.mui,File024
samlib.dll.mui,C:\Windows\WinSxS\amd64_microsoft-windows-d..es-samlib.resources_31bf3856ad364e35_10.0.26100.1_en-us_03b260e0a1de5913\samlib.dll.mui,File024
OfflineSetupProvider.dll.mui,C:\Windows\WinSxS\amd64_microsoft-windows-d..ers-image.resources_31bf3856ad364e35_10.0.26100.1_en-us_d0c2d5d3ab13a53b\OfflineSetupProvider.dll.mui,File005
devquerybroker.dll.mui,C:\Windows\WinSxS\amd64_microsoft-windows-d..erybroker.resources_31bf3856ad364e35_10.0.26100.1_en-us_cbde596e585850ba\devquerybroker.dll.mui,File024
MsuProvider.dll.mui,C:\Windows\WinSxS\amd64_microsoft-windows-d..ers-image.resources_31bf3856ad364e35_10.0.26100.5074_en-us_6fc2fae1f2676516\MsuProvider.dll.mui,File027
dialserver.dll.mui,C:\Windows\WinSxS\amd64_microsoft-windows-d..erver-dll.resources_31bf3856ad364e35_10.0.26100.1_en-us_010ef547d3bd72b9\dialserver.dll.mui,File024
OfflineSetupProvider.dll.mui,C:\Windows\WinSxS\amd64_microsoft-windows-d..ers-image.resources_31bf3856ad364e35_10.0.26100.5074_en-us_6fc2fae1f2676516\OfflineSetupProvider.dll.mui,File005
Windows.Devices.Picker.dll.mui,C:\Windows\WinSxS\amd64_microsoft-windows-d..es-picker.resources_31bf3856ad364e35_10.0.26100.1_en-us_adc617cfe1048e5a\Windows.Devices.Picker.dll.mui,File024
SmiProvider.dll.mui,C:\Windows\WinSxS\amd64_microsoft-windows-d..ers-image.resources_31bf3856ad364e35_10.0.26100.1_en-us_d0c2d5d3ab13a53b\SmiProvider.dll.mui,File005
SmiProvider.dll.mui,C:\Windows\WinSxS\amd64_microsoft-windows-d..ers-image.resources_31bf3856ad364e35_10.0.26100.5074_en-us_6fc2fae1f2676516\SmiProvider.dll.mui,File005
ksproxy.ax.mui,C:\Windows\WinSxS\amd64_microsoft-windows-d..elsupport.resources_31bf3856ad364e35_10.0.26100.1_en-us_c72d33186e9df2e9\ksproxy.ax.mui,File160
DeviceElementSource.dll.mui,C:\Windows\WinSxS\amd64_microsoft-windows-d..entsource.resources_31bf3856ad364e35_10.0.26100.1_en-us_ad313ec21f21e8bf\DeviceElementSource.dll.mui,File027
MicrosoftAccount.TokenProvider.winmd,C:\Windows\WinSxS\amd64_microsoft-windows-c..riencehost.appxmain_31bf3856ad364e35_10.0.26100.7309_none_9e84665afd9f6d34\MicrosoftAccount.TokenProvider.winmd,File005
MicrosoftAccount.TokenProvider.Core.winmd,C:\Windows\WinSxS\amd64_microsoft-windows-c..riencehost.appxmain_31bf3856ad364e35_10.0.26100.7309_none_9e84665afd9f6d34\MicrosoftAccount.TokenProvider.Core.winmd,File101
Microsoft.CloudExperienceHost.winmd,C:\Windows\WinSxS\amd64_microsoft-windows-c..riencehost.appxmain_31bf3856ad364e35_10.0.26100.7309_none_9e84665afd9f6d34\Microsoft.CloudExperienceHost.winmd,File160
CbmrProvider.dll.mui,C:\Windows\WinSxS\amd64_microsoft-windows-d..ders-cbmr.resources_31bf3856ad364e35_10.0.26100.1_en-us_80f8587d359a78d4\CbmrProvider.dll.mui,File005
wdmaud2.drv.mui,C:\Windows\WinSxS\amd64_microsoft-windows-d..ces-midi2.resources_31bf3856ad364e35_10.0.26100.7705_en-us_1047ffc20027598d\wdmaud2.drv.mui,File024
Midi2.UMP2BSTransform.dll.mui,C:\Windows\WinSxS\amd64_microsoft-windows-d..ces-midi2.resources_31bf3856ad364e35_10.0.26100.7705_en-us_1047ffc20027598d\Midi2.UMP2BSTransform.dll.mui,File005
Midi2.UmpProtocolDownscalerTransform.dll.mui,C:\Windows\WinSxS\amd64_microsoft-windows-d..ces-midi2.resources_31bf3856ad364e35_10.0.26100.7705_en-us_1047ffc20027598d\Midi2.UmpProtocolDownscalerTransform.dll.mui,File024
Midi2.KSTransport.dll.mui,C:\Windows\WinSxS\amd64_microsoft-windows-d..ces-midi2.resources_31bf3856ad364e35_10.0.26100.7705_en-us_1047ffc20027598d\Midi2.KSTransport.dll.mui,File024
wdmaud2.drv.mui,C:\Windows\WinSxS\amd64_microsoft-windows-d..ces-midi2.resources_31bf3856ad364e35_10.0.26100.7019_en-us_1094545fffee15d1\wdmaud2.drv.mui,File024
MidiSrv.exe.mui,C:\Windows\WinSxS\amd64_microsoft-windows-d..ces-midi2.resources_31bf3856ad364e35_10.0.26100.7019_en-us_1094545fffee15d1\MidiSrv.exe.mui,File024
Midi2.VirtualMidiTransport.dll.mui,C:\Windows\WinSxS\amd64_microsoft-windows-d..ces-midi2.resources_31bf3856ad364e35_10.0.26100.7019_en-us_1094545fffee15d1\Midi2.VirtualMidiTransport.dll.mui,File024
Midi2.UmpProtocolDownscalerTransform.dll.mui,C:\Windows\WinSxS\amd64_microsoft-windows-d..ces-midi2.resources_31bf3856ad364e35_10.0.26100.7019_en-us_1094545fffee15d1\Midi2.UmpProtocolDownscalerTransform.dll.mui,File005
Midi2.UMP2BSTransform.dll.mui,C:\Windows\WinSxS\amd64_microsoft-windows-d..ces-midi2.resources_31bf3856ad364e35_10.0.26100.7019_en-us_1094545fffee15d1\Midi2.UMP2BSTransform.dll.mui,File005
Midi2.SchedulerTransform.dll.mui,C:\Windows\WinSxS\amd64_microsoft-windows-d..ces-midi2.resources_31bf3856ad364e35_10.0.26100.7019_en-us_1094545fffee15d1\Midi2.SchedulerTransform.dll.mui,File005
Midi2.MidiSrvTransport.dll.mui,C:\Windows\WinSxS\amd64_microsoft-windows-d..ces-midi2.resources_31bf3856ad364e35_10.0.26100.7019_en-us_1094545fffee15d1\Midi2.MidiSrvTransport.dll.mui,File005
Midi2.VirtualMidiTransport.dll.mui,C:\Windows\WinSxS\amd64_microsoft-windows-d..ces-midi2.resources_31bf3856ad364e35_10.0.26100.7705_en-us_1047ffc20027598d\Midi2.VirtualMidiTransport.dll.mui,File024
Midi2.LoopbackMidiTransport.dll.mui,C:\Windows\WinSxS\amd64_microsoft-windows-d..ces-midi2.resources_31bf3856ad364e35_10.0.26100.7019_en-us_1094545fffee15d1\Midi2.LoopbackMidiTransport.dll.mui,File027
MidiSrv.exe.mui,C:\Windows\WinSxS\amd64_microsoft-windows-d..ces-midi2.resources_31bf3856ad364e35_10.0.26100.7705_en-us_1047ffc20027598d\MidiSrv.exe.mui,File024
Midi2.DiagnosticsTransport.dll.mui,C:\Windows\WinSxS\amd64_microsoft-windows-d..ces-midi2.resources_31bf3856ad364e35_10.0.26100.7705_en-us_1047ffc20027598d\Midi2.DiagnosticsTransport.dll.mui,File024
Midi2.KSTransport.dll.mui,C:\Windows\WinSxS\amd64_microsoft-windows-d..ces-midi2.resources_31bf3856ad364e35_10.0.26100.7019_en-us_1094545fffee15d1\Midi2.KSTransport.dll.mui,File024
Midi2.MidiSrvTransport.dll.mui,C:\Windows\WinSxS\amd64_microsoft-windows-d..ces-midi2.resources_31bf3856ad364e35_10.0.26100.7705_en-us_1047ffc20027598d\Midi2.MidiSrvTransport.dll.mui,File005
Midi2.KSAggregateTransport.dll.mui,C:\Windows\WinSxS\amd64_microsoft-windows-d..ces-midi2.resources_31bf3856ad364e35_10.0.26100.7019_en-us_1094545fffee15d1\Midi2.KSAggregateTransport.dll.mui,File024
Midi2.SchedulerTransform.dll.mui,C:\Windows\WinSxS\amd64_microsoft-windows-d..ces-midi2.resources_31bf3856ad364e35_10.0.26100.7705_en-us_1047ffc20027598d\Midi2.SchedulerTransform.dll.mui,File024
Midi2.DiagnosticsTransport.dll.mui,C:\Windows\WinSxS\amd64_microsoft-windows-d..ces-midi2.resources_31bf3856ad364e35_10.0.26100.7019_en-us_1094545fffee15d1\Midi2.DiagnosticsTransport.dll.mui,File024
Dsui.dll.mui,C:\Windows\WinSxS\amd64_microsoft-windows-d..cesetupui.resources_31bf3856ad364e35_10.0.26100.1_en-us_693adb817bf92429\Dsui.dll.mui,File027
Midi2.LoopbackMidiTransport.dll.mui,C:\Windows\WinSxS\amd64_microsoft-windows-d..ces-midi2.resources_31bf3856ad364e35_10.0.26100.7705_en-us_1047ffc20027598d\Midi2.LoopbackMidiTransport.dll.mui,File027
Midi2.BS2UMPTransform.dll.mui,C:\Windows\WinSxS\amd64_microsoft-windows-d..ces-midi2.resources_31bf3856ad364e35_10.0.26100.7019_en-us_1094545fffee15d1\Midi2.BS2UMPTransform.dll.mui,File005
InfDefaultInstall.exe.mui,C:\Windows\WinSxS\amd64_microsoft-windows-i..ltinstall.resources_31bf3856ad364e35_10.0.26100.1_en-us_add06455da2689f9\InfDefaultInstall.exe.mui,File005
XPath.dll.mui,C:\Windows\WinSxS\amd64_microsoft-windows-i..lprovider.resources_31bf3856ad364e35_10.0.26100.1_en-us_8daeb03bee16ecac\XPath.dll.mui,File027
AppHostNavigators.dll.mui,C:\Windows\WinSxS\amd64_microsoft-windows-i..lprovider.resources_31bf3856ad364e35_10.0.26100.1_en-us_8daeb03bee16ecac\AppHostNavigators.dll.mui,File024
Inetmgr.exe.mui,C:\Windows\WinSxS\amd64_microsoft-windows-i..ntconsole.resources_31bf3856ad364e35_10.0.26100.1_en-us_8c6159288e30d8ce\Inetmgr.exe.mui,File024
windows.internal.shell.broker.dll.mui,C:\Windows\WinSxS\amd64_microsoft-windows-i..ll-broker.resources_31bf3856ad364e35_10.0.26100.1_en-us_247aa0e67c67d978\windows.internal.shell.broker.dll.mui,File024
httpapi.dll.mui,C:\Windows\WinSxS\amd64_microsoft-windows-http-api.resources_31bf3856ad364e35_10.0.26100.1_en-us_526603e39adc1b05\httpapi.dll.mui,File005
hh.exe.mui,C:\Windows\WinSxS\amd64_microsoft-windows-htmlhelp.resources_31bf3856ad364e35_10.0.26100.4202_en-us_51259de230fe8f21\hh.exe.mui,File005
hlink.dll.mui,C:\Windows\WinSxS\amd64_microsoft-windows-hlink.resources_31bf3856ad364e35_10.0.26100.1_en-us_c7efa04c56121814\hlink.dll.mui,File024
hnswfpdriver.sys.mui,C:\Windows\WinSxS\amd64_microsoft-windows-h..fp-driver.resources_31bf3856ad364e35_10.0.26100.1_en-us_842dfedef2584fc0\hnswfpdriver.sys.mui,File024
l1vhlwf.sys.mui,C:\Windows\WinSxS\amd64_microsoft-windows-h..ic-switch.resources_31bf3856ad364e35_10.0.26100.7705_en-us_32e444f24d549f77\l1vhlwf.sys.mui,File101
Windows.ImmersiveShell.ServiceProvider.dll.mui,C:\Windows\WinSxS\amd64_microsoft-windows-i..eprovider.resources_31bf3856ad364e35_10.0.26100.1_en-us_93155d605f949f62\Windows.ImmersiveShell.ServiceProvider.dll.mui,File027
Windows.Internal.ShellCommon.dll.mui,C:\Windows\WinSxS\amd64_microsoft-windows-i..ellcommon.resources_31bf3856ad364e35_10.0.26100.1_en-us_176f80f7e4665c19\Windows.Internal.ShellCommon.dll.mui,File024
imapi.dll.mui,C:\Windows\WinSxS\amd64_microsoft-windows-i..egacyshim.resources_31bf3856ad364e35_10.0.26100.1_en-us_2067d7da819f1e9d\imapi.dll.mui,File024
F12Platform.dll.mui,C:\Windows\WinSxS\amd64_microsoft-windows-i..2platform.resources_31bf3856ad364e35_11.0.26100.1_en-us_e57a3c03a199bd36\F12Platform.dll.mui,File005
WindowsActionDialog.exe.mui,C:\Windows\WinSxS\amd64_microsoft-windows-g..omponents.resources_31bf3856ad364e35_10.0.26100.1_en-us_d91ea6de69c26405\WindowsActionDialog.exe.mui,File024
gpapi.dll.mui,C:\Windows\WinSxS\amd64_microsoft-windows-g..licy-base.resources_31bf3856ad364e35_10.0.26100.1_en-us_be2843fbd972ca37\gpapi.dll.mui,File160
Microsoft.Graphics.Display.DisplayEnhancementService.dll.mui,C:\Windows\WinSxS\amd64_microsoft-windows-g..ntservice.resources_31bf3856ad364e35_10.0.26100.1_en-us_f36e764e47c18422\Microsoft.Graphics.Display.DisplayEnhancementService.dll.mui,File024
fsavailux.exe.mui,C:\Windows\WinSxS\amd64_microsoft-windows-fsavailux.resources_31bf3856ad364e35_10.0.26100.1_en-us_4380672b3a4d6a73\fsavailux.exe.mui,File027
fontview.exe.mui,C:\Windows\WinSxS\amd64_microsoft-windows-fontview.resources_31bf3856ad364e35_10.0.26100.1_en-us_d0ffc0a2f65e69c0\fontview.exe.mui,File160
iislog.dll.mui,C:\Windows\WinSxS\amd64_microsoft-windows-i..gbinaries.resources_31bf3856ad364e35_10.0.26100.1_en-us_30819bd2a8c4471a\iislog.dll.mui,File024
fodhelper.exe.mui,C:\Windows\WinSxS\amd64_microsoft-windows-fodhelper-ux.resources_31bf3856ad364e35_10.0.26100.1_en-us_a7015048085a31bb\fodhelper.exe.mui,File024
IndirectKmd.sys.mui,C:\Windows\WinSxS\amd64_microsoft-windows-i..ernelmode.resources_31bf3856ad364e35_10.0.26100.1_en-us_8b2c51890f92d4fc\IndirectKmd.sys.mui,File024
FirewallUX.dll.mun,C:\Windows\WinSxS\amd64_microsoft-windows-firewallux_31bf3856ad364e35_10.0.26100.7309_none_4f8253a663800d38\FirewallUX.dll.mun,File005
FirewallUX.dll.mun,C:\Windows\WinSxS\amd64_microsoft-windows-firewallux_31bf3856ad364e35_10.0.26100.7705_none_4f576f1663a01678\FirewallUX.dll.mun,File005
IPNATHLPCLIENT.dll.mui,C:\Windows\WinSxS\amd64_microsoft-windows-i..hlpclient.resources_31bf3856ad364e35_10.0.26100.1_en-us_db8569ba24c7fcbf\IPNATHLPCLIENT.dll.mui,File024
ieui.dll.mui,C:\Windows\WinSxS\amd64_microsoft-windows-i..i-windows.resources_31bf3856ad364e35_10.0.26100.1_en-us_286322a7796b2b63\ieui.dll.mui,File027
FirewallUX.dll.mun,C:\Windows\WinSxS\amd64_microsoft-windows-firewallux_31bf3856ad364e35_10.0.26100.5074_none_4faa338c6360f053\FirewallUX.dll.mun,File005
h8514oem.fon,C:\Windows\WinSxS\amd64_microsoft-windows-font-bitmap-oem_31bf3856ad364e35_10.0.26100.1_none_fa57c54c16f338be\h8514oem.fon,File164
ie4uinit.exe.mui,C:\Windows\WinSxS\amd64_microsoft-windows-i..p-support.resources_31bf3856ad364e35_11.0.26100.1_en-us_cff64e8c252094d1\ie4uinit.exe.mui,File160
hmmapi.dll.mui,C:\Windows\WinSxS\amd64_microsoft-windows-i..otmailapi.resources_31bf3856ad364e35_10.0.26100.1_en-us_a231d9f8b15695c7\hmmapi.dll.mui,File005
Windows.Internal.CapturePicker.Desktop.dll.mui,C:\Windows\WinSxS\amd64_microsoft-windows-i..r-desktop.resources_31bf3856ad364e35_10.0.26100.1_en-us_bb67120c3348cfb9\Windows.Internal.CapturePicker.Desktop.dll.mui,File024
browscap.dll.mui,C:\Windows\WinSxS\amd64_microsoft-windows-i..pbinaries.resources_31bf3856ad364e35_10.0.26100.1_en-us_724631c6ef02dd0f\browscap.dll.mui,File024
F12Platform2.dll.mui,C:\Windows\WinSxS\amd64_microsoft-windows-i..platform2.resources_31bf3856ad364e35_11.0.26100.1_en-us_4b4096f4deaeeed4\F12Platform2.dll.mui,File005
html.iec.mui,C:\Windows\WinSxS\amd64_microsoft-windows-i..r-enduser.resources_31bf3856ad364e35_10.0.26100.1_en-us_6b95cdc577dae723\html.iec.mui,File001
mshta.exe.mui,C:\Windows\WinSxS\amd64_microsoft-windows-i..plication.resources_31bf3856ad364e35_11.0.26100.1_en-us_86428ff2e2f34939\mshta.exe.mui,File005
computenetwork.dll.mui,C:\Windows\WinSxS\amd64_microsoft-windows-h..ce-client.resources_31bf3856ad364e35_10.0.26100.1_en-us_f4a5d7b5d6fc20ff\computenetwork.dll.mui,File005
fms.dll.mui,C:\Windows\WinSxS\amd64_microsoft-windows-font-fms.resources_31bf3856ad364e35_10.0.26100.1_ko-kr_d1b26b671eeeb760\fms.dll.mui,File001
fms.dll.mui,C:\Windows\WinSxS\amd64_microsoft-windows-font-fms.resources_31bf3856ad364e35_10.0.26100.1_ja-jp_2e488eb22c7df04a\fms.dll.mui,File001
hnetcfgclient.dll.mui,C:\Windows\WinSxS\amd64_microsoft-windows-h..cfgclient.resources_31bf3856ad364e35_10.0.26100.1_en-us_1eb4e22ca30c699e\hnetcfgclient.dll.mui,File024
grpconv.exe.mui,C:\Windows\WinSxS\amd64_microsoft-windows-grpconv.resources_31bf3856ad364e35_10.0.26100.1_en-us_ea4fbd5db5f98279\grpconv.exe.mui,File024
resutils.dll.mui,C:\Windows\WinSxS\amd64_microsoft-windows-f..lientcore.resources_31bf3856ad364e35_10.0.26100.1_en-us_dcc7c012061e0371\resutils.dll.mui,File005
fhshl.dll.mui,C:\Windows\WinSxS\amd64_microsoft-windows-f..tory-core.resources_31bf3856ad364e35_10.0.26100.1_en-us_f5c5a085290a411a\fhshl.dll.mui,File005
fthsvc.dll.mui,C:\Windows\WinSxS\amd64_microsoft-windows-f..rant-heap.resources_31bf3856ad364e35_10.0.26100.1_en-us_08846a944122e497\fthsvc.dll.mui,File027
wosc.dll.mui,C:\Windows\WinSxS\amd64_microsoft-windows-f..ngsclient.resources_31bf3856ad364e35_10.0.26100.1_en-us_fb5cd0bf936ad95d\wosc.dll.mui,File024
fhengine.dll.mui,C:\Windows\WinSxS\amd64_microsoft-windows-f..tory-core.resources_31bf3856ad364e35_10.0.26100.1_en-us_f5c5a085290a411a\fhengine.dll.mui,File005
fhcleanup.dll.mui,C:\Windows\WinSxS\amd64_microsoft-windows-f..tory-core.resources_31bf3856ad364e35_10.0.26100.1_en-us_f5c5a085290a411a\fhcleanup.dll.mui,File024
fhcfg.dll.mui,C:\Windows\WinSxS\amd64_microsoft-windows-f..tory-core.resources_31bf3856ad364e35_10.0.26100.1_en-us_f5c5a085290a411a\fhcfg.dll.mui,File024
wosc.dll.mui,C:\Windows\WinSxS\amd64_microsoft-windows-f..ngsclient.resources_31bf3856ad364e35_10.0.26100.7840_en-us_9a03d47bdb01c085\wosc.dll.mui,File024
wersvc.dll.mui,C:\Windows\WinSxS\amd64_microsoft-windows-f..k-service.resources_31bf3856ad364e35_10.0.26100.1_en-us_7febb5b7cee8a159\wersvc.dll.mui,File160
FlightSettings.dll.mui,C:\Windows\WinSxS\amd64_microsoft-windows-f..-settings.resources_31bf3856ad364e35_10.0.26100.1_en-us_f20d175274df0b82\FlightSettings.dll.mui,File024
fhtask.dll.mui,C:\Windows\WinSxS\amd64_microsoft-windows-f..tory-core.resources_31bf3856ad364e35_10.0.26100.1_en-us_f5c5a085290a411a\fhtask.dll.mui,File024
FileHistory.exe.mui,C:\Windows\WinSxS\amd64_microsoft-windows-f..istory-ui.resources_31bf3856ad364e35_10.0.26100.1_en-us_04fb42bc729a3743\FileHistory.exe.mui,File005
extrac32.exe.mui,C:\Windows\WinSxS\amd64_microsoft-windows-extrac32.resources_31bf3856ad364e35_10.0.26100.1_en-us_0847a87359aa3a60\extrac32.exe.mui,File024
wevtapi.dll.mui,C:\Windows\WinSxS\amd64_microsoft-windows-eventlog-api.resources_31bf3856ad364e35_10.0.26100.7019_en-us_bfc3fe4a0769a867\wevtapi.dll.mui,File160
wevtapi.dll.mui,C:\Windows\WinSxS\amd64_microsoft-windows-eventlog-api.resources_31bf3856ad364e35_10.0.26100.4946_en-us_bf65ee8207afab8d\wevtapi.dll.mui,File160
wevtapi.dll.mui,C:\Windows\WinSxS\amd64_microsoft-windows-eventlog-api.resources_31bf3856ad364e35_10.0.26100.1_en-us_20ca4913c0100623\wevtapi.dll.mui,File160
efssvc.dll.mui,C:\Windows\WinSxS\amd64_microsoft-windows-efs-service.resources_31bf3856ad364e35_10.0.26100.1_en-us_49d6b752b55e2b1a\efssvc.dll.mui,File024
edputil.dll.mui,C:\Windows\WinSxS\amd64_microsoft-windows-edp-util.resources_31bf3856ad364e35_10.0.26100.1_en-us_d12b8b203a11b2ac\edputil.dll.mui,File024
edptask.dll.mui,C:\Windows\WinSxS\amd64_microsoft-windows-edp-task.resources_31bf3856ad364e35_10.0.26100.1_en-us_c5de7d010c7d5615\edptask.dll.mui,File027
edptask.dll.mui,C:\Windows\WinSxS\amd64_microsoft-windows-edp-task.resources_31bf3856ad364e35_10.0.26100.6725_en-us_648ddc47540e719c\edptask.dll.mui,File027
comp.exe.mui,C:\Windows\WinSxS\amd64_microsoft-windows-f..utilities.resources_31bf3856ad364e35_10.0.26100.1_en-us_805e1f84390fb7be\comp.exe.mui,File005
fc.exe.mui,C:\Windows\WinSxS\amd64_microsoft-windows-f..utilities.resources_31bf3856ad364e35_10.0.26100.1_en-us_805e1f84390fb7be\fc.exe.mui,File005
WorkFoldersShell.Dll.mui,C:\Windows\WinSxS\amd64_microsoft-windows-e..sync-host.resources_31bf3856ad364e35_10.0.26100.1_en-us_917ea67433912c4c\WorkFoldersShell.Dll.mui,File160
wer.dll.mui,C:\Windows\WinSxS\amd64_microsoft-windows-e..rtingcore.resources_31bf3856ad364e35_10.0.26100.7019_en-us_9f00e8ace6b2c49b\wer.dll.mui,File042
GazeInputInternal.winmd,C:\Windows\WinSxS\amd64_microsoft-windows-ecapp.appxmain_31bf3856ad364e35_10.0.26100.5074_none_990416ce3c061395\GazeInputInternal.winmd,File042
EnterpriseAppMgmtSvc.dll.mui,C:\Windows\WinSxS\amd64_microsoft-windows-e..t-onecore.resources_31bf3856ad364e35_10.0.26100.1_en-us_db5c575898db78d7\EnterpriseAppMgmtSvc.dll.mui,File024
wer.dll.mui,C:\Windows\WinSxS\amd64_microsoft-windows-e..rtingcore.resources_31bf3856ad364e35_10.0.26100.5074_en-us_9f075884e6ace232\wer.dll.mui,File042
EapTeapAuth.dll.mui,C:\Windows\WinSxS\amd64_microsoft-windows-eapteap.resources_31bf3856ad364e35_10.0.26100.1_en-us_cb75146e0e9cede0\EapTeapAuth.dll.mui,File024
wer.dll.mui,C:\Windows\WinSxS\amd64_microsoft-windows-e..rtingcore.resources_31bf3856ad364e35_10.0.26100.1_en-us_000733769f592257\wer.dll.mui,File042
TtlsAuth.dll.mui,C:\Windows\WinSxS\amd64_microsoft-windows-eapttls.resources_31bf3856ad364e35_10.0.26100.1_en-us_f9aaeebef6432e81\TtlsAuth.dll.mui,File160
evr.dll.mui,C:\Windows\WinSxS\amd64_microsoft-windows-e..orenderer.resources_31bf3856ad364e35_10.0.26100.1_en-us_a6eda4dc9cb7ffa6\evr.dll.mui,File024
eappcfgui.dll.mui,C:\Windows\WinSxS\amd64_microsoft-windows-eappcfgui.resources_31bf3856ad364e35_10.0.26100.1_en-us_c7b8f976b27375a6\eappcfgui.dll.mui,File160
energytask.dll.mui,C:\Windows\WinSxS\amd64_microsoft-windows-e..zard-task.resources_31bf3856ad364e35_10.0.26100.1_en-us_83d40b7d5cde947c\energytask.dll.mui,File024
wercplsupport.dll.mui,C:\Windows\WinSxS\amd64_microsoft-windows-e..ngconsole.resources_31bf3856ad364e35_10.0.26100.1_en-us_7946c9ab0de98393\wercplsupport.dll.mui,File024
EapTeapExt.dll.mui,C:\Windows\WinSxS\amd64_microsoft-windows-eapteapext.resources_31bf3856ad364e35_10.0.26100.1_en-us_24dbfa57735c4461\EapTeapExt.dll.mui,File160
uwfservicingsvc.exe.mui,C:\Windows\WinSxS\amd64_microsoft-windows-e..itefilter.resources_31bf3856ad364e35_10.0.26100.1_en-us_391767c19e139358\uwfservicingsvc.exe.mui,File005
EapTeapExt.dll.mun,C:\Windows\WinSxS\amd64_microsoft-windows-eapteapext_31bf3856ad364e35_10.0.26100.7309_none_3592415318b7452c\EapTeapExt.dll.mun,File005
EapTeapExt.dll.mun,C:\Windows\WinSxS\amd64_microsoft-windows-eapteapext_31bf3856ad364e35_10.0.26100.1150_none_35ada44118a1b66a\EapTeapExt.dll.mun,File005
GazeInputInternal.winmd,C:\Windows\WinSxS\amd64_microsoft-windows-ecapp.appxmain_31bf3856ad364e35_10.0.26100.7309_none_98dc36e83c25307a\GazeInputInternal.winmd,File042
GazeInputInternal.winmd,C:\Windows\WinSxS\amd64_microsoft-windows-ecapp.appxmain_31bf3856ad364e35_10.0.26100.7705_none_98b152583c4539ba\GazeInputInternal.winmd,File042
MitigationConfiguration.dll.mui,C:\Windows\WinSxS\amd64_microsoft-windows-e..iguration.resources_31bf3856ad364e35_10.0.26100.1_en-us_cf880d28a884ba12\MitigationConfiguration.dll.mui,File024
DialogBlockingService.dll.mui,C:\Windows\WinSxS\amd64_microsoft-windows-e..ngservice.resources_31bf3856ad364e35_10.0.26100.1_en-us_140de15c3964fdcb\DialogBlockingService.dll.mui,File005
uwfux.exe.mui,C:\Windows\WinSxS\amd64_microsoft-windows-e..filter-ux.resources_31bf3856ad364e35_10.0.26100.1_en-us_167122412a18c92e\uwfux.exe.mui,File027
DevicePairingExperienceMEM.dll.mui,C:\Windows\WinSxS\amd64_microsoft-windows-i..riencemem.resources_31bf3856ad364e35_10.0.26100.1_en-us_fc7d40fb68775fd3\DevicePairingExperienceMEM.dll.mui,File024
WorkFoldersGPExt.dll.mui,C:\Windows\WinSxS\amd64_microsoft-windows-e..extension.resources_31bf3856ad364e35_10.0.26100.1_en-us_e9122d84f61ee5f9\WorkFoldersGPExt.dll.mui,File005
Windows.Internal.Management.dll.mui,C:\Windows\WinSxS\amd64_microsoft-windows-e..ent-winrt.resources_31bf3856ad364e35_10.0.26100.1_en-us_75618e2ba9267ff5\Windows.Internal.Management.dll.mui,File027
gpapi.dll.mui,C:\Windows\WinSxS\amd64_microsoft-windows-g..licy-base.resources_31bf3856ad364e35_10.0.26100.7705_en-us_5cd5a4942105b037\gpapi.dll.mui,File160
DafGip.dll.mui,C:\Windows\WinSxS\amd64_microsoft-windows-g..fprovider.resources_31bf3856ad364e35_10.0.26100.1_en-us_72703fdfe9276b57\DafGip.dll.mui,File024
ExecModelClient.dll.mui,C:\Windows\WinSxS\amd64_microsoft-windows-e..el-client.resources_31bf3856ad364e35_10.0.26100.1_en-us_f81e20ffa407dd9c\ExecModelClient.dll.mui,File024
gpscript.dll.mui,C:\Windows\WinSxS\amd64_microsoft-windows-g..cy-script.resources_31bf3856ad364e35_10.0.26100.1_en-us_36bf75f7f09ec9dd\gpscript.dll.mui,File024
gptext.dll.mui,C:\Windows\WinSxS\amd64_microsoft-windows-g..cy-gptext.resources_31bf3856ad364e35_10.0.26100.1_en-us_bf821cb8e9dac2a0\gptext.dll.mui,File024
lfsvc.dll.mui,C:\Windows\WinSxS\amd64_microsoft-windows-g..ce-modern.resources_31bf3856ad364e35_10.0.26100.5074_en-us_e36c14dc7bc300b9\lfsvc.dll.mui,File024
lfsvc.dll.mui,C:\Windows\WinSxS\amd64_microsoft-windows-g..ce-modern.resources_31bf3856ad364e35_10.0.26100.1_en-us_446befce346f40de\lfsvc.dll.mui,File024
Windows.Globalization.dll.mui,C:\Windows\WinSxS\amd64_microsoft-windows-g..alization.resources_31bf3856ad364e35_10.0.26100.1_en-us_f01be2a694804fb9\Windows.Globalization.dll.mui,File005
EhStorShell.dll.mui,C:\Windows\WinSxS\amd64_microsoft-windows-e..extension.resources_31bf3856ad364e35_10.0.26100.1_en-us_b4b3925dfc2a2b8a\EhStorShell.dll.mui,File024
EcoScoreTask.dll.mui,C:\Windows\WinSxS\amd64_microsoft-windows-e..core-task.resources_31bf3856ad364e35_10.0.26100.1_en-us_5d379e0656782e29\EcoScoreTask.dll.mui,File005
lfsvc.dll.mui,C:\Windows\WinSxS\amd64_microsoft-windows-g..ce-modern.resources_31bf3856ad364e35_10.0.26100.7309_en-us_e34434f67be21d9e\lfsvc.dll.mui,File024
Microsoft.Graphics.Display.DisplayEnhancementService.dll.mui,C:\Windows\WinSxS\amd64_microsoft-windows-g..ntservice.resources_31bf3856ad364e35_10.0.26100.3915_en-us_92072fc08f63c6bf\Microsoft.Graphics.Display.DisplayEnhancementService.dll.mui,File024
Windows.Internal.Management.dll.mui,C:\Windows\WinSxS\amd64_microsoft-windows-e..ent-winrt.resources_31bf3856ad364e35_10.0.26100.3470_en-us_1436caddf09a4ec2\Windows.Internal.Management.dll.mui,File027
efsext.dll.mui,C:\Windows\WinSxS\amd64_microsoft-windows-e..extension.resources_31bf3856ad364e35_10.0.26100.1_en-us_175097449d68b612\efsext.dll.mui,File027
getmac.exe.mui,C:\Windows\WinSxS\amd64_microsoft-windows-getmac.resources_31bf3856ad364e35_10.0.26100.1_en-us_b5fec2140551d9cb\getmac.exe.mui,File001
elscore.dll.mui,C:\Windows\WinSxS\amd64_microsoft-windows-i..-els-core.resources_31bf3856ad364e35_10.0.26100.1_en-us_f9e3642cffa619f1\elscore.dll.mui,File027
subst.exe.mui,C:\Windows\WinSxS\amd64_microsoft-windows-m..utilities.resources_31bf3856ad364e35_10.0.26100.1_en-us_8273ffd35c310c8d\subst.exe.mui,File005
mapsupdatetask.dll.mui,C:\Windows\WinSxS\amd64_microsoft-windows-mapcontrol.resources_31bf3856ad364e35_10.0.26100.1_en-us_7aa459b75716b68d\mapsupdatetask.dll.mui,File024
ModernExecServer.dll.mui,C:\Windows\WinSxS\amd64_microsoft-windows-m..xecserver.resources_31bf3856ad364e35_10.0.26100.1_en-us_13808a5adddc27fd\ModernExecServer.dll.mui,File024
mapstoasttask.dll.mui,C:\Windows\WinSxS\amd64_microsoft-windows-mapcontrol.resources_31bf3856ad364e35_10.0.26100.1_en-us_7aa459b75716b68d\mapstoasttask.dll.mui,File024
fixmapi.exe.mui,C:\Windows\WinSxS\amd64_microsoft-windows-mapi.resources_31bf3856ad364e35_10.0.26100.1_en-us_276ec89252c4c4c3\fixmapi.exe.mui,File005
moshost.dll.mui,C:\Windows\WinSxS\amd64_microsoft-windows-mapcontrol.resources_31bf3856ad364e35_10.0.26100.1_en-us_7aa459b75716b68d\moshost.dll.mui,File160
main.cpl.mui,C:\Windows\WinSxS\amd64_microsoft-windows-main.resources_31bf3856ad364e35_10.0.26100.3037_en-us_4993b65d91a577b3\main.cpl.mui,File101
replace.exe.mui,C:\Windows\WinSxS\amd64_microsoft-windows-m..utilities.resources_31bf3856ad364e35_10.0.26100.1_en-us_3d66133be7ddeb80\replace.exe.mui,File005
cic.dll.mui,C:\Windows\WinSxS\amd64_microsoft-windows-m..t-console.resources_31bf3856ad364e35_10.0.26100.3915_en-us_00cf8a4aa4053913\cic.dll.mui,File005
find.exe.mui,C:\Windows\WinSxS\amd64_microsoft-windows-m..utilities.resources_31bf3856ad364e35_10.0.26100.1_en-us_3d66133be7ddeb80\find.exe.mui,File005
cic.dll.mui,C:\Windows\WinSxS\amd64_microsoft-windows-m..t-console.resources_31bf3856ad364e35_10.0.26100.1_en-us_6236d0d85c62f676\cic.dll.mui,File005
mmcshext.dll.mui,C:\Windows\WinSxS\amd64_microsoft-windows-m..t-console.resources_31bf3856ad364e35_10.0.26100.1_en-us_6236d0d85c62f676\mmcshext.dll.mui,File005
sensrsvc.dll.mui,C:\Windows\WinSxS\amd64_microsoft-windows-m..s-service.resources_31bf3856ad364e35_10.0.26100.1_en-us_1382fe95b21d03eb\sensrsvc.dll.mui,File027
mmcshext.dll.mui,C:\Windows\WinSxS\amd64_microsoft-windows-m..t-console.resources_31bf3856ad364e35_10.0.26100.3915_en-us_00cf8a4aa4053913\mmcshext.dll.mui,File005
AccountAccessor.dll.mui,C:\Windows\WinSxS\amd64_microsoft-windows-m..taccessor.resources_31bf3856ad364e35_10.0.26100.1_en-us_021e8a44c4e547e7\AccountAccessor.dll.mui,File027
EASPolicyManagerBrokerHost.exe.mui,C:\Windows\WinSxS\amd64_microsoft-windows-m..rokerhost.resources_31bf3856ad364e35_10.0.26100.1_en-us_6ee6483f2f391a70\EASPolicyManagerBrokerHost.exe.mui,File024
syncreg.dll.mui,C:\Windows\WinSxS\amd64_microsoft-windows-m..providers.resources_31bf3856ad364e35_10.0.26100.1_en-us_c6269e022adb0389\syncreg.dll.mui,File024
mfpmp.exe.mui,C:\Windows\WinSxS\amd64_microsoft-windows-m..oundation.resources_31bf3856ad364e35_10.0.26100.7309_en-us_2a7506d36be9db61\mfpmp.exe.mui,File005
mountmgr.sys.mui,C:\Windows\WinSxS\amd64_microsoft-windows-m..ntmanager.resources_31bf3856ad364e35_10.0.26100.1_en-us_3a00d929a7d3a410\mountmgr.sys.mui,File024
DavSyncProvider.dll.mui,C:\Windows\WinSxS\amd64_microsoft-windows-m..cprovider.resources_31bf3856ad364e35_10.0.26100.1_en-us_c5c080582e3868c0\DavSyncProvider.dll.mui,File071
wmplayer.exe.mui,C:\Windows\WinSxS\amd64_microsoft-windows-m..ayer-core.resources_31bf3856ad364e35_10.0.26100.1_en-us_206f6b864a2e8631\wmplayer.exe.mui,File024
APHostRes.dll.mui,C:\Windows\WinSxS\amd64_microsoft-windows-m..aphostres.resources_31bf3856ad364e35_10.0.26100.1_ko-kr_43323f8ab49193da\APHostRes.dll.mui,File001
APHostRes.dll.mui,C:\Windows\WinSxS\amd64_microsoft-windows-m..aphostres.resources_31bf3856ad364e35_10.0.26100.1_ja-jp_9fc862d5c220ccc4\APHostRes.dll.mui,File071
FrameServerMonitor.dll.mui,C:\Windows\WinSxS\amd64_microsoft-windows-m..ameserver.resources_31bf3856ad364e35_10.0.26100.5074_en-us_7a70ee064fb615ed\FrameServerMonitor.dll.mui,File024
Windows.Management.SecureAssessment.Diagnostics.dll.mui,C:\Windows\WinSxS\amd64_microsoft-windows-m..agnostics.resources_31bf3856ad364e35_10.0.26100.1_zh-cn_8991b01a0079b3d8\Windows.Management.SecureAssessment.Diagnostics.dll.mui,File027
AccountsRT.dll.mui,C:\Windows\WinSxS\amd64_microsoft-windows-m..ccountsrt.resources_31bf3856ad364e35_10.0.26100.1_en-us_f37e3322a743f0bf\AccountsRT.dll.mui,File024
Windows.Management.SecureAssessment.Diagnostics.dll.mui,C:\Windows\WinSxS\amd64_microsoft-windows-m..agnostics.resources_31bf3856ad364e35_10.0.26100.1_zh-tw_8d8ded6ffdea9048\Windows.Management.SecureAssessment.Diagnostics.dll.mui,File027
MdRes.exe.mui,C:\Windows\WinSxS\amd64_microsoft-windows-m..c-results.resources_31bf3856ad364e35_10.0.26100.1_en-us_5201a4feaf4f029a\MdRes.exe.mui,File024
McpManagementService.dll.mui,C:\Windows\WinSxS\amd64_microsoft-windows-m..anagement.resources_31bf3856ad364e35_10.0.26100.1_en-us_1d23e19b102e3619\McpManagementService.dll.mui,File024
miracastreceiver.dll.mui,C:\Windows\WinSxS\amd64_microsoft-windows-m..eiver-api.resources_31bf3856ad364e35_10.0.26100.1_en-us_29e7a2e4c36b42cd\miracastreceiver.dll.mui,File024
cdd.dll.mui,C:\Windows\WinSxS\amd64_microsoft-windows-lddmcore.resources_31bf3856ad364e35_10.0.26100.5074_en-us_36f91a69c5eacae7\cdd.dll.mui,File005
lmhsvc.dll.mui,C:\Windows\WinSxS\amd64_microsoft-windows-lmhsvc.resources_31bf3856ad364e35_10.0.26100.1_en-us_e1a80a13742e8fc5\lmhsvc.dll.mui,File027
cdd.dll.mui,C:\Windows\WinSxS\amd64_microsoft-windows-lddmcore.resources_31bf3856ad364e35_10.0.26100.1_en-us_97f8f55b7e970b0c\cdd.dll.mui,File005
msoert2.dll.mui,C:\Windows\WinSxS\amd64_microsoft-windows-m..-comm-dll.resources_31bf3856ad364e35_10.0.26100.1_en-us_baa392c78a97ca1d\msoert2.dll.mui,File027
wldap32.dll.mui,C:\Windows\WinSxS\amd64_microsoft-windows-ldap-client.resources_31bf3856ad364e35_10.0.26100.1_en-us_d85f91bd8f93b391\wldap32.dll.mui,File042
wmpshell.dll.mui,C:\Windows\WinSxS\amd64_microsoft-windows-m..-wmpshell.resources_31bf3856ad364e35_10.0.26100.1_en-us_d11b1146e7b9f0fc\wmpshell.dll.mui,File027
wmlaunch.exe.mui,C:\Windows\WinSxS\amd64_microsoft-windows-m..-autoplay.resources_31bf3856ad364e35_10.0.26100.1_en-us_70213a82145d56fd\wmlaunch.exe.mui,File005
label.exe.mui,C:\Windows\WinSxS\amd64_microsoft-windows-label.resources_31bf3856ad364e35_10.0.26100.1_en-us_e3bb63d10cb8cc06\label.exe.mui,File005
cdd.dll.mui,C:\Windows\WinSxS\amd64_microsoft-windows-lddmcore.resources_31bf3856ad364e35_10.0.26100.7462_en-us_36cd0bcbc60be860\cdd.dll.mui,File005
cdd.dll.mui,C:\Windows\WinSxS\amd64_microsoft-windows-lddmcore.resources_31bf3856ad364e35_10.0.26100.7705_en-us_36a655f3c629f10c\cdd.dll.mui,File005
iorate.sys.mui,C:\Windows\WinSxS\amd64_microsoft-windows-iorate.resources_31bf3856ad364e35_10.0.26100.1_en-us_eafa0bfee3320bea\iorate.sys.mui,File005
ipmiprr.dll.mui,C:\Windows\WinSxS\amd64_microsoft-windows-ipmiprovider.resources_31bf3856ad364e35_10.0.26100.1_en-us_7905e70a3eced99e\ipmiprr.dll.mui,File160
FrameServerMonitor.dll.mui,C:\Windows\WinSxS\amd64_microsoft-windows-m..ameserver.resources_31bf3856ad364e35_10.0.26100.7309_en-us_7a490e204fd532d2\FrameServerMonitor.dll.mui,File024
FrameServerMonitor.dll.mui,C:\Windows\WinSxS\amd64_microsoft-windows-m..ameserver.resources_31bf3856ad364e35_10.0.26100.1_en-us_db70c8f808625612\FrameServerMonitor.dll.mui,File024
FrameServerMonitor.dll.mui,C:\Windows\WinSxS\amd64_microsoft-windows-m..ameserver.resources_31bf3856ad364e35_10.0.26100.7705_en-us_7a1e29904ff53c12\FrameServerMonitor.dll.mui,File024
lpremove.exe.mui,C:\Windows\WinSxS\amd64_microsoft-windows-lpksetup.resources_31bf3856ad364e35_10.0.26100.1_en-us_d2e799b2582d26aa\lpremove.exe.mui,File005
hdwwiz.exe.mui,C:\Windows\WinSxS\amd64_microsoft-windows-legacyhwui.resources_31bf3856ad364e35_10.0.26100.1_en-us_4e08ce92a2496bba\hdwwiz.exe.mui,File005
LanguageComponentsInstallerComHandler.exe.mui,C:\Windows\WinSxS\amd64_microsoft-windows-l..omhandler.resources_31bf3856ad364e35_10.0.26100.1_en-us_3fdad167139cd22e\LanguageComponentsInstallerComHandler.exe.mui,File024
LanguageComponentsInstaller.dll.mui,C:\Windows\WinSxS\amd64_microsoft-windows-l..installer.resources_31bf3856ad364e35_10.0.26100.1_en-us_cd4a98ed0f027d90\LanguageComponentsInstaller.dll.mui,File027
LockAppBroker.dll.mui,C:\Windows\WinSxS\amd64_microsoft-windows-l..ker-winrt.resources_31bf3856ad364e35_10.0.26100.1_en-us_fffe675569780d8c\LockAppBroker.dll.mui,File027
l2bridge.sys.mui,C:\Windows\WinSxS\amd64_microsoft-windows-l..er-driver.resources_31bf3856ad364e35_10.0.26100.1_en-us_7c3a6fceb84cbbc1\l2bridge.sys.mui,File024
ktmutil.exe.mui,C:\Windows\WinSxS\amd64_microsoft-windows-ktmutil.resources_31bf3856ad364e35_10.0.26100.1_en-us_1e23276b089b01e2\ktmutil.exe.mui,File001
keyiso.dll.mui,C:\Windows\WinSxS\amd64_microsoft-windows-keyiso.resources_31bf3856ad364e35_10.0.26100.1_en-us_077ea9a1dc9d4da4\keyiso.dll.mui,File024
mskeyprotect.dll.mui,C:\Windows\WinSxS\amd64_microsoft-windows-m..otect-dll.resources_31bf3856ad364e35_10.0.26100.712_en-us_3ebdd8d7ecce897e\mskeyprotect.dll.mui,File005
mfpmp.exe.mui,C:\Windows\WinSxS\amd64_microsoft-windows-m..oundation.resources_31bf3856ad364e35_10.0.26100.1_en-us_8b9cc1ab2476fea1\mfpmp.exe.mui,File005
mskeyprotcli.dll.mui,C:\Windows\WinSxS\amd64_microsoft-windows-m..otcli-dll.resources_31bf3856ad364e35_10.0.26100.1_en-us_da1051fe17495055\mskeyprotcli.dll.mui,File005
la57setup.exe.mui,C:\Windows\WinSxS\amd64_microsoft-windows-k..tuphelper.resources_31bf3856ad364e35_10.0.26100.1_en-us_8aa942e469b7a367\la57setup.exe.mui,File160
LanguagePackDiskCleanup.dll.mui,C:\Windows\WinSxS\amd64_microsoft-windows-l..skcleanup.resources_31bf3856ad364e35_10.0.26100.1_en-us_eddaed0fdfec232a\LanguagePackDiskCleanup.dll.mui,File024
minglobinputhost.dll.mui,C:\Windows\WinSxS\amd64_microsoft-windows-l..b-onecore.resources_31bf3856ad364e35_10.0.26100.1_en-us_caa063e4065234ad\minglobinputhost.dll.mui,File101
DiagPackage.dll.mui,C:\Windows\WinSxS\amd64_microsoft-windows-k..iagnostic.resources_31bf3856ad364e35_10.0.26100.1_en-us_c57d85b220445042\DiagPackage.dll.mui,File027
minglobinputhost.dll.mui,C:\Windows\WinSxS\amd64_microsoft-windows-l..b-onecore.resources_31bf3856ad364e35_10.0.26100.4484_en-us_697647a64dc5807c\minglobinputhost.dll.mui,File101
kswdmcap.ax.mui,C:\Windows\WinSxS\amd64_microsoft-windows-k..-plug-ins.resources_31bf3856ad364e35_10.0.26100.1_en-us_bb05e60a330576be\kswdmcap.ax.mui,File042
kdcpw.dll.mui,C:\Windows\WinSxS\amd64_microsoft-windows-kdcpw.resources_31bf3856ad364e35_10.0.26100.1_en-us_34eab50f8331a599\kdcpw.dll.mui,File005
imageres.dll.mui,C:\Windows\WinSxS\amd64_microsoft-windows-imageres.resources_31bf3856ad364e35_10.0.26100.1_en-us_1b6b42230a936e63\imageres.dll.mui,File005
imageres.dll.mui,C:\Windows\WinSxS\amd64_microsoft-windows-imageres.resources_31bf3856ad364e35_10.0.26100.7705_en-us_ba18a2bb52265463\imageres.dll.mui,File005
imageres.dll.mui,C:\Windows\WinSxS\amd64_microsoft-windows-imageres.resources_31bf3856ad364e35_10.0.26100.3323_en-us_ba4608f75203ef6f\imageres.dll.mui,File005
imageres.dll.mui,C:\Windows\WinSxS\amd64_microsoft-windows-imageres.resources_31bf3856ad364e35_10.0.26100.7309_en-us_ba43874b52064b23\imageres.dll.mui,File005
inseng.dll.mui,C:\Windows\WinSxS\amd64_microsoft-windows-ie-setup.resources_31bf3856ad364e35_11.0.26100.1_en-us_8212ce7da3c99d2f\inseng.dll.mui,File027
IEChooser.exe.mui,C:\Windows\WinSxS\amd64_microsoft-windows-ie-iechooser.resources_31bf3856ad364e35_11.0.26100.1_en-us_ec9665e1f74aba37\IEChooser.exe.mui,File027
msfeedsbs.dll.mui,C:\Windows\WinSxS\amd64_microsoft-windows-ie-feedsbs.resources_31bf3856ad364e35_11.0.26100.1_en-us_795f11d4ab9cd534\msfeedsbs.dll.mui,File005
ieinstal.exe.mui,C:\Windows\WinSxS\amd64_microsoft-windows-ieinstal.resources_31bf3856ad364e35_11.0.26100.1_en-us_86e1ad6ede50f378\ieinstal.exe.mui,File005
iscomlog.dll.mui,C:\Windows\WinSxS\amd64_microsoft-windows-iis-metabase.resources_31bf3856ad364e35_10.0.26100.1_en-us_85a0659b93e45880\iscomlog.dll.mui,File027
infoctrs.dll.mui,C:\Windows\WinSxS\amd64_microsoft-windows-iis-metabase.resources_31bf3856ad364e35_10.0.26100.1_en-us_85a0659b93e45880\infoctrs.dll.mui,File027
infocomm.dll.mui,C:\Windows\WinSxS\amd64_microsoft-windows-iis-metabase.resources_31bf3856ad364e35_10.0.26100.1_en-us_85a0659b93e45880\infocomm.dll.mui,File005
MessagingService.dll.mui,C:\Windows\WinSxS\amd64_microsoft-windows-m..ngservice.resources_31bf3856ad364e35_10.0.26100.1_en-us_aef468520dbfb92c\MessagingService.dll.mui,File024
odbcad32.exe.mui,C:\Windows\WinSxS\amd64_microsoft-windows-m..nistrator.resources_31bf3856ad364e35_10.0.26100.1_en-us_b245b2e4a29392ff\odbcad32.exe.mui,File005
SensorsCpl.dll.mui,C:\Windows\WinSxS\amd64_microsoft-windows-m..nsors-cpl.resources_31bf3856ad364e35_10.0.26100.1_en-us_87f095af1c2b9449\SensorsCpl.dll.mui,File024
SensorsApi.dll.mui,C:\Windows\WinSxS\amd64_microsoft-windows-m..nsors-api.resources_31bf3856ad364e35_10.0.26100.1_en-us_c63436615c74d162\SensorsApi.dll.mui,File024
ImagingDevices.exe.mui,C:\Windows\WinSxS\amd64_microsoft-windows-i..trolpanel.resources_31bf3856ad364e35_10.0.26100.1_en-us_d428aa8e3ab18fe2\ImagingDevices.exe.mui,File024
licmgr10.dll.mui,C:\Windows\WinSxS\amd64_microsoft-windows-ie-controls.resources_31bf3856ad364e35_11.0.26100.1_en-us_dece3b1e8b49ac08\licmgr10.dll.mui,File160
icsigd.dll.mui,C:\Windows\WinSxS\amd64_microsoft-windows-icsigd.resources_31bf3856ad364e35_10.0.26100.1_en-us_1177621e3e8f61b1\icsigd.dll.mui,File160
appcmd.exe.mui,C:\Windows\WinSxS\amd64_microsoft-windows-i..vercommon.resources_31bf3856ad364e35_10.0.26100.1_en-us_d01d06385cb60881\appcmd.exe.mui,File005
colorcpl.exe.mui,C:\Windows\WinSxS\amd64_microsoft-windows-icm-ui.resources_31bf3856ad364e35_10.0.26100.1_en-us_398607870a3d22bc\colorcpl.exe.mui,File024
iertutil.dll.mui,C:\Windows\WinSxS\amd64_microsoft-windows-i..utilities.resources_31bf3856ad364e35_11.0.26100.1_en-us_fb8706149352c042\iertutil.dll.mui,File024
iissetup.exe.mui,C:\Windows\WinSxS\amd64_microsoft-windows-i..vercommon.resources_31bf3856ad364e35_10.0.26100.1_en-us_d01d06385cb60881\iissetup.exe.mui,File027
Microsoft-Windows-Internal-Shell-NearShareExperience.dll.mui,C:\Windows\WinSxS\amd64_microsoft-windows-i..xperience.resources_31bf3856ad364e35_10.0.26100.1_en-us_f8cfd392e73926b7\Microsoft-Windows-Internal-Shell-NearShareExperience.dll.mui,File160
windows.internal.shellcommon.shareexperience.dll.mui,C:\Windows\WinSxS\amd64_microsoft-windows-i..xperience.resources_31bf3856ad364e35_10.0.26100.1_en-us_678155ef43682aa5\windows.internal.shellcommon.shareexperience.dll.mui,File160
msiexec.exe.mui,C:\Windows\WinSxS\amd64_microsoft-windows-i..xecutable.resources_31bf3856ad364e35_10.0.26100.1_en-us_f594898f68887e7b\msiexec.exe.mui,File005
Windows.Internal.CapturePicker.dll.mui,C:\Windows\WinSxS\amd64_microsoft-windows-i..urepicker.resources_31bf3856ad364e35_10.0.26100.1_en-us_08713ce7f1b8b6c2\Windows.Internal.CapturePicker.dll.mui,File005
consent.exe.mui,C:\Windows\WinSxS\amd64_microsoft-windows-lua.resources_31bf3856ad364e35_10.0.26100.1_en-us_eb7e7262d4dbad5a\consent.exe.mui,File024
msprivs.dll.mui,C:\Windows\WinSxS\amd64_microsoft-windows-lsa-msprivs.resources_31bf3856ad364e35_10.0.26100.1_zh-tw_c7d47ea146103557\msprivs.dll.mui,File027
msprivs.dll.mui,C:\Windows\WinSxS\amd64_microsoft-windows-lsa-msprivs.resources_31bf3856ad364e35_10.0.26100.1_zh-cn_c3d8414b489f58e7\msprivs.dll.mui,File027
iscsicpl.exe.mui,C:\Windows\WinSxS\amd64_microsoft-windows-i..tiator_ui.resources_31bf3856ad364e35_10.0.26100.1_en-us_7967a83a130d426e\iscsicpl.exe.mui,File005
InputSwitchToastHandler.exe.mui,C:\Windows\WinSxS\amd64_microsoft-windows-i..sthandler.resources_31bf3856ad364e35_10.0.26100.1_en-us_e666bae9a62d10c2\InputSwitchToastHandler.exe.mui,File005
msprivs.dll.mui,C:\Windows\WinSxS\amd64_microsoft-windows-lsa-msprivs.resources_31bf3856ad364e35_10.0.26100.1_ko-kr_368bfbc91134454b\msprivs.dll.mui,File160
msprivs.dll.mui,C:\Windows\WinSxS\amd64_microsoft-windows-lsa-msprivs.resources_31bf3856ad364e35_10.0.26100.1_ja-jp_93221f141ec37e35\msprivs.dll.mui,File160
consent.exe.mui,C:\Windows\WinSxS\amd64_microsoft-windows-lua.resources_31bf3856ad364e35_10.0.26100.6725_en-us_8a2dd1a91c6cc8e1\consent.exe.mui,File027
ieunatt.exe.mui,C:\Windows\WinSxS\amd64_microsoft-windows-i..texplorer.resources_31bf3856ad364e35_11.0.26100.1_en-us_6e71964f282bdec0\ieunatt.exe.mui,File005
print.exe.mui,C:\Windows\WinSxS\amd64_microsoft-windows-m..utilities.resources_31bf3856ad364e35_10.0.26100.1_en-us_8273ffd35c310c8d\print.exe.mui,File005
mpvis.dll.mui,C:\Windows\WinSxS\amd64_microsoft-windows-m..layer-vis.resources_31bf3856ad364e35_10.0.26100.1_en-us_fcf040667d30545a\mpvis.dll.mui,File024
ksxbar.ax.mui,C:\Windows\WinSxS\amd64_microsoft-windows-m..kstvtuner.resources_31bf3856ad364e35_10.0.26100.1_en-us_ed59f1ebcf0ce1b9\ksxbar.ax.mui,File160
ActiveSyncCsp.dll.mui,C:\Windows\WinSxS\amd64_microsoft-windows-m..vesynccsp.resources_31bf3856ad364e35_10.0.26100.1_en-us_9d1e63e50973a628\ActiveSyncCsp.dll.mui,File024
doskey.exe.mui,C:\Windows\WinSxS\amd64_microsoft-windows-m..utilities.resources_31bf3856ad364e35_10.0.26100.1_en-us_8273ffd35c310c8d\doskey.exe.mui,File005
MemoryDiagnostic.dll.mui,C:\Windows\WinSxS\amd64_microsoft-windows-m..k-handler.resources_31bf3856ad364e35_10.0.26100.1_en-us_7c08d844e9ce9504\MemoryDiagnostic.dll.mui,File027
MsiCofire.dll.mui,C:\Windows\WinSxS\amd64_microsoft-windows-m..ilerepair.resources_31bf3856ad364e35_10.0.26100.1_en-us_3fd22a7ac23d62f9\MsiCofire.dll.mui,File027
Magnification.dll.mui,C:\Windows\WinSxS\amd64_microsoft-windows-m..ification.resources_31bf3856ad364e35_10.0.26100.1_en-us_9b621abe547f5d4b\Magnification.dll.mui,File024
MCCSEngineShared.dll.mui,C:\Windows\WinSxS\amd64_microsoft-windows-m..ineshared.resources_31bf3856ad364e35_10.0.26100.1_en-us_e0e063ab566c81b6\MCCSEngineShared.dll.mui,File024
mprext.dll.mui,C:\Windows\WinSxS\amd64_microsoft-windows-m..extension.resources_31bf3856ad364e35_10.0.26100.1_en-us_e0a4ffa1b427ee51\mprext.dll.mui,File160
InternetMailCsp.dll.mui,C:\Windows\WinSxS\amd64_microsoft-windows-m..etmailcsp.resources_31bf3856ad364e35_10.0.26100.1_en-us_add4330a03fe960f\InternetMailCsp.dll.mui,File024
pots.dll.mui,C:\Windows\WinSxS\amd64_microsoft-windows-p..leshooter.resources_31bf3856ad364e35_10.0.26100.1_en-us_81e55c7a28b81962\pots.dll.mui,File027
printui.exe.mui,C:\Windows\WinSxS\amd64_microsoft-windows-p..ndprintui.resources_31bf3856ad364e35_10.0.26100.1_en-us_cfe64dddc2158f5a\printui.exe.mui,File005
PerceptionSimulationService.exe.mui,C:\Windows\WinSxS\amd64_microsoft-windows-p..n-service.resources_31bf3856ad364e35_10.0.26100.1_en-us_e4c53c9044e98c9a\PerceptionSimulationService.exe.mui,File024
Windows.Perception.Stub.dll.mui,C:\Windows\WinSxS\amd64_microsoft-windows-p..napi-stub.resources_31bf3856ad364e35_10.0.26100.1_en-us_22acc10f88952088\Windows.Perception.Stub.dll.mui,File160
PlaySndSrv.dll.mui,C:\Windows\WinSxS\amd64_microsoft-windows-p..ndservice.resources_31bf3856ad364e35_10.0.26100.1_en-us_d3d7a3cfcb8e5340\PlaySndSrv.dll.mui,File005
UserOOBE.dll.mui,C:\Windows\WinSxS\amd64_microsoft-windows-oobe-user.resources_31bf3856ad364e35_10.0.26100.1_en-us_57e2fb8ad3c20fcb\UserOOBE.dll.mui,File024
OpenWith.exe.mui,C:\Windows\WinSxS\amd64_microsoft-windows-openwith.resources_31bf3856ad364e35_10.0.26100.1_en-us_20292d7962b08378\OpenWith.exe.mui,File005
cscobj.dll.mui,C:\Windows\WinSxS\amd64_microsoft-windows-o..tend-apis.resources_31bf3856ad364e35_10.0.26100.1_en-us_9cd7d2fac5bc4a79\cscobj.dll.mui,File024
BthAvrcp.dll.mui,C:\Windows\WinSxS\amd64_microsoft-windows-o..oth-avrcp.resources_31bf3856ad364e35_10.0.26100.1_en-us_807db08091f88b29\BthAvrcp.dll.mui,File024
OptionalFeatures.exe.mui,C:\Windows\WinSxS\amd64_microsoft-windows-o..lfeatures.resources_31bf3856ad364e35_10.0.26100.1_en-us_2f9577ee79eea09d\OptionalFeatures.exe.mui,File005
BthAvrcpAppSvc.dll.mui,C:\Windows\WinSxS\amd64_microsoft-windows-o..oth-avrcp.resources_31bf3856ad364e35_10.0.26100.1_en-us_807db08091f88b29\BthAvrcpAppSvc.dll.mui,File024
Microsoft.Bluetooth.Audio.dll.mui,C:\Windows\WinSxS\amd64_microsoft-windows-o..oth-audio.resources_31bf3856ad364e35_10.0.26100.5074_en-us_06e9c922814f02e2\Microsoft.Bluetooth.Audio.dll.mui,File005
BthAvctpSvc.dll.mui,C:\Windows\WinSxS\amd64_microsoft-windows-o..oth-avctp.resources_31bf3856ad364e35_10.0.26100.1_en-us_cd8e418086ec624f\BthAvctpSvc.dll.mui,File024
ntasn1.dll.mui,C:\Windows\WinSxS\amd64_microsoft-windows-ntasn1.resources_31bf3856ad364e35_10.0.26100.1_en-us_5344f191360536c3\ntasn1.dll.mui,File024
das.dll.mui,C:\Windows\WinSxS\amd64_microsoft-windows-o..framework.resources_31bf3856ad364e35_10.0.26100.1_en-us_94d62f5f341d2851\das.dll.mui,File042
nfsrdr.sys,C:\Windows\WinSxS\amd64_microsoft-windows-nfs-clientcore_31bf3856ad364e35_10.0.26100.1150_none_48c9cd2bf27dfea7\nfsrdr.sys,File148
OneSettingsClient.dll.mui,C:\Windows\WinSxS\amd64_microsoft-windows-o..gs-client.resources_31bf3856ad364e35_10.0.26100.1_en-us_c8b698ceb6097e8f\OneSettingsClient.dll.mui,File024
cscmig.dll.mui,C:\Windows\WinSxS\amd64_microsoft-windows-o..iles-core.resources_31bf3856ad364e35_10.0.26100.1_en-us_00a45d80427a5c46\cscmig.dll.mui,File024
newdev.exe.mui,C:\Windows\WinSxS\amd64_microsoft-windows-newdev.resources_31bf3856ad364e35_10.0.26100.3323_en-us_0eda1dc0cc86e335\newdev.exe.mui,File005
newdev.exe.mui,C:\Windows\WinSxS\amd64_microsoft-windows-newdev.resources_31bf3856ad364e35_10.0.26100.1_en-us_6fff56ec85166229\newdev.exe.mui,File005
ndadmin.exe.mui,C:\Windows\WinSxS\amd64_microsoft-windows-newdev.resources_31bf3856ad364e35_10.0.26100.3323_en-us_0eda1dc0cc86e335\ndadmin.exe.mui,File005
ndadmin.exe.mui,C:\Windows\WinSxS\amd64_microsoft-windows-newdev.resources_31bf3856ad364e35_10.0.26100.1_en-us_6fff56ec85166229\ndadmin.exe.mui,File005
NetworkIcon.dll.mui,C:\Windows\WinSxS\amd64_microsoft-windows-networkicon.resources_31bf3856ad364e35_10.0.26100.1_en-us_e7b461d87e3bc107\NetworkIcon.dll.mui,File027
pwsso.dll.mui,C:\Windows\WinSxS\amd64_microsoft-windows-p..paces-sso.resources_31bf3856ad364e35_10.0.26100.1_en-us_267f35ab5735b31f\pwsso.dll.mui,File024
wpnprv.dll.mui,C:\Windows\WinSxS\amd64_microsoft-windows-p..r-library.resources_31bf3856ad364e35_10.0.26100.1_en-us_2d2b4a510fbdff66\wpnprv.dll.mui,File024
win32spl.dll.mui,C:\Windows\WinSxS\amd64_microsoft-windows-p..orkclient.resources_31bf3856ad364e35_10.0.26100.1_en-us_b680bbdd1f3cc318\win32spl.dll.mui,File024
psmsrv.dll.mui,C:\Windows\WinSxS\amd64_microsoft-windows-p..oreserver.resources_31bf3856ad364e35_10.0.26100.1_en-us_1de2a7d7915fa868\psmsrv.dll.mui,File027
gpprnext.dll.mui,C:\Windows\WinSxS\amd64_microsoft-windows-p..ooler-ppc.resources_31bf3856ad364e35_10.0.26100.1_en-us_f7bd904c387fe598\gpprnext.dll.mui,File005
PrintDeviceConfigurationService.dll.mui,C:\Windows\WinSxS\amd64_microsoft-windows-p..onservice.resources_31bf3856ad364e35_10.0.26100.1_en-us_b7e6f47a67f5219d\PrintDeviceConfigurationService.dll.mui,File024
partmgr.sys.mui,C:\Windows\WinSxS\amd64_microsoft-windows-p..onmanager.resources_31bf3856ad364e35_10.0.26100.4768_en-us_99d2864dfac0bf4f\partmgr.sys.mui,File160
partmgr.sys.mui,C:\Windows\WinSxS\amd64_microsoft-windows-p..onmanager.resources_31bf3856ad364e35_10.0.26100.1_en-us_fb1f6e03b332ebd7\partmgr.sys.mui,File160
ncrypt.dll.mui,C:\Windows\WinSxS\amd64_microsoft-windows-ncrypt.resources_31bf3856ad364e35_10.0.26100.1591_en-us_65b9fba6067f38f5\ncrypt.dll.mui,File071
iashlpr.dll.mui,C:\Windows\WinSxS\amd64_microsoft-windows-n..untimeapi.resources_31bf3856ad364e35_10.0.26100.1_en-us_8d32274f08a36d98\iashlpr.dll.mui,File005
napinsp.dll.mui,C:\Windows\WinSxS\amd64_microsoft-windows-n..structure.resources_31bf3856ad364e35_10.0.26100.1_en-us_eb2decd2f836a7ba\napinsp.dll.mui,File005
ncryptprov.dll.mui,C:\Windows\WinSxS\amd64_microsoft-windows-n..tprov-dll.resources_31bf3856ad364e35_10.0.26100.1_en-us_8682985ff7276162\ncryptprov.dll.mui,File027
powershell.exe.mui,C:\Windows\WinSxS\amd64_microsoft-windows-p..shell-mui.resources_31bf3856ad364e35_10.0.26100.1_en-us_3ddd0de4debc3e89\powershell.exe.mui,File071
ndisuio.sys.mui,C:\Windows\WinSxS\amd64_microsoft-windows-ndisuio.resources_31bf3856ad364e35_10.0.26100.1_en-us_9946969da7ffd9c9\ndisuio.sys.mui,File027
lpq.exe.mui,C:\Windows\WinSxS\amd64_microsoft-windows-p..rtmonitor.resources_31bf3856ad364e35_10.0.26100.1_en-us_77767e2963d5459d\lpq.exe.mui,File027
APMon.dll.mui,C:\Windows\WinSxS\amd64_microsoft-windows-p..rtmonitor.resources_31bf3856ad364e35_10.0.26100.1_en-us_612e6f60ac4b0357\APMon.dll.mui,File024
wpnservice.dll.mui,C:\Windows\WinSxS\amd64_microsoft-windows-p..s-service.resources_31bf3856ad364e35_10.0.26100.1_en-us_4d8751e86cc48c38\wpnservice.dll.mui,File024
APMonUI.dll.mui,C:\Windows\WinSxS\amd64_microsoft-windows-p..rtmonitor.resources_31bf3856ad364e35_10.0.26100.1_en-us_612e6f60ac4b0357\APMonUI.dll.mui,File027
TCPMonUI.dll.mui,C:\Windows\WinSxS\amd64_microsoft-windows-p..rtmonitor.resources_31bf3856ad364e35_10.0.26100.1_en-us_522e622685c0a74c\TCPMonUI.dll.mui,File042
ncsi.dll.mui,C:\Windows\WinSxS\amd64_microsoft-windows-ncsi.resources_31bf3856ad364e35_10.0.26100.1_en-us_6d32b7025d5a71a7\ncsi.dll.mui,File101
PlayToStatusProvider.dll.mui,C:\Windows\WinSxS\amd64_microsoft-windows-p..sprovider.resources_31bf3856ad364e35_10.0.26100.1_en-us_4452978101156cb2\PlayToStatusProvider.dll.mui,File005
nbtstat.exe.mui,C:\Windows\WinSxS\amd64_microsoft-windows-nbtstat.resources_31bf3856ad364e35_10.0.26100.1_en-us_b86467978422fcaa\nbtstat.exe.mui,File001
Fondue.exe.mui,C:\Windows\WinSxS\amd64_microsoft-windows-o..es-fondue.resources_31bf3856ad364e35_10.0.26100.1_en-us_0f15f1ed8275afaf\Fondue.exe.mui,File027
msoobeplugins.dll.mui,C:\Windows\WinSxS\amd64_microsoft-windows-o..e-plugins.resources_31bf3856ad364e35_10.0.26100.1_en-us_ed5e9934f768b55c\msoobeplugins.dll.mui,File027
netbtugc.exe.mui,C:\Windows\WinSxS\amd64_microsoft-windows-netbt.resources_31bf3856ad364e35_10.0.26100.1_en-us_4e3490d063f1f0a9\netbtugc.exe.mui,File005
bridgeres.dll.mui,C:\Windows\WinSxS\amd64_microsoft-windows-n..orkbridge.resources_31bf3856ad364e35_10.0.26100.1_en-us_d8f96b33d8be3983\bridgeres.dll.mui,File005
PCPKsp.dll.mui,C:\Windows\WinSxS\amd64_microsoft-windows-n..orage-dll.resources_31bf3856ad364e35_10.0.26100.1_en-us_c201f70dc338c55d\PCPKsp.dll.mui,File160
NPSM.dll.mui,C:\Windows\WinSxS\amd64_microsoft-windows-n..onmanager.resources_31bf3856ad364e35_10.0.26100.1_en-us_21035c581fb7a8c9\NPSM.dll.mui,File005
wshqos.dll.mui,C:\Windows\WinSxS\amd64_microsoft-windows-n..qos-pacer.resources_31bf3856ad364e35_10.0.26100.1_en-us_e83ef0977c349fb6\wshqos.dll.mui,File024
NPSMDesktopProvider.dll.mui,C:\Windows\WinSxS\amd64_microsoft-windows-n..pprovider.resources_31bf3856ad364e35_10.0.26100.1_en-us_89180f8d33847586\NPSMDesktopProvider.dll.mui,File005
Windows.Networking.Sockets.PushEnabledApplication.dll.mui,C:\Windows\WinSxS\amd64_microsoft-windows-n..plication.resources_31bf3856ad364e35_10.0.26100.1_en-us_afac79188ff044e9\Windows.Networking.Sockets.PushEnabledApplication.dll.mui,File160
mssign32.dll.mui,C:\Windows\WinSxS\amd64_microsoft-windows-mssign32-dll.resources_31bf3856ad364e35_10.0.26100.1_en-us_baeaeeff5c6da077\mssign32.dll.mui,File160
ikeext.dll.mui,C:\Windows\WinSxS\amd64_microsoft-windows-n..-security.resources_31bf3856ad364e35_10.0.26100.3915_en-us_e9c22bb3f4c2646e\ikeext.dll.mui,File160
wfplwfs.sys.mui,C:\Windows\WinSxS\amd64_microsoft-windows-n..-security.resources_31bf3856ad364e35_10.0.26100.3915_en-us_e9c22bb3f4c2646e\wfplwfs.sys.mui,File027
hidphone.tsp.mui,C:\Windows\WinSxS\amd64_microsoft-windows-optionaltsps.resources_31bf3856ad364e35_10.0.26100.1_en-us_3f93024bf7f09fa4\hidphone.tsp.mui,File027
Mystify.scr.mui,C:\Windows\WinSxS\amd64_microsoft-windows-mystify.resources_31bf3856ad364e35_10.0.26100.1_en-us_4adcafaf4f3f34f5\Mystify.scr.mui,File101
semgrsvc.dll.mui,C:\Windows\WinSxS\amd64_microsoft-windows-n..anagement.resources_31bf3856ad364e35_10.0.26100.1_en-us_119f57e6ab92fc17\semgrsvc.dll.mui,File024
Print.PrintSupport.Source.dll.mui,C:\Windows\WinSxS\amd64_microsoft-windows-p..-workflow.resources_31bf3856ad364e35_10.0.26100.1_en-us_cc59b2374c24dea5\Print.PrintSupport.Source.dll.mui,File024
NfcRadioMedia.dll.mui,C:\Windows\WinSxS\amd64_microsoft-windows-n..aprovider.resources_31bf3856ad364e35_10.0.26100.1_en-us_13ea457f552d3786\NfcRadioMedia.dll.mui,File005
PrintWorkflowService.dll.mui,C:\Windows\WinSxS\amd64_microsoft-windows-p..-workflow.resources_31bf3856ad364e35_10.0.26100.1_en-us_cc59b2374c24dea5\PrintWorkflowService.dll.mui,File160
PrintWSDAHost.dll.mui,C:\Windows\WinSxS\amd64_microsoft-windows-p..-wsdahost.resources_31bf3856ad364e35_10.0.26100.1_en-us_bbb92cc0beb3cb8d\PrintWSDAHost.dll.mui,File005
iasads.dll.mui,C:\Windows\WinSxS\amd64_microsoft-windows-n..datastore.resources_31bf3856ad364e35_10.0.26100.1_en-us_842651669d217c5f\iasads.dll.mui,File005
semgrsvc.dll.mui,C:\Windows\WinSxS\amd64_microsoft-windows-n..anagement.resources_31bf3856ad364e35_10.0.26100.3323_en-us_b07a1ebaf3037d23\semgrsvc.dll.mui,File024
WMPhoto.dll.mui,C:\Windows\WinSxS\amd64_microsoft-windows-p..age-codec.resources_31bf3856ad364e35_10.0.26100.1_en-us_ac73edea97cbcae7\WMPhoto.dll.mui,File024
NfcRadioMedia.dll.mui,C:\Windows\WinSxS\amd64_microsoft-windows-n..aprovider.resources_31bf3856ad364e35_10.0.26100.3323_en-us_b2c50c539c9db892\NfcRadioMedia.dll.mui,File005
TCPMON.dll.mui,C:\Windows\WinSxS\amd64_microsoft-windows-p..tcpmondll.resources_31bf3856ad364e35_10.0.26100.1_en-us_1c05b87bf2ae99cc\TCPMON.dll.mui,File024
localui.dll.mui,C:\Windows\WinSxS\amd64_microsoft-windows-p..ting-core.resources_31bf3856ad364e35_10.0.26100.1_en-us_d71579d8f71125d6\localui.dll.mui,File027
printercleanuptask.dll.mui,C:\Windows\WinSxS\amd64_microsoft-windows-p..ting-core.resources_31bf3856ad364e35_10.0.26100.1_en-us_d71579d8f71125d6\printercleanuptask.dll.mui,File027
localui.dll.mui,C:\Windows\WinSxS\amd64_microsoft-windows-p..ting-core.resources_31bf3856ad364e35_10.0.26100.6899_en-us_75c0b0193ea47533\localui.dll.mui,File027
printercleanuptask.dll.mui,C:\Windows\WinSxS\amd64_microsoft-windows-p..ting-core.resources_31bf3856ad364e35_10.0.26100.6899_en-us_75c0b0193ea47533\printercleanuptask.dll.mui,File027
PrintBrmEngine.exe,C:\Windows\WinSxS\amd64_microsoft-windows-p..ting-tools-printbrm_31bf3856ad364e35_10.0.26100.7309_none_1d8615fcf5540b0f\PrintBrmEngine.exe,File148
mshidumdf.sys.mui,C:\Windows\WinSxS\amd64_microsoft-windows-mshidumdf.resources_31bf3856ad364e35_10.0.26100.1_en-us_43bc60d6756ebcdb\mshidumdf.sys.mui,File024
msftedit.dll.mui,C:\Windows\WinSxS\amd64_microsoft-windows-msftedit.resources_31bf3856ad364e35_10.0.26100.1_en-us_d7d3da7be2e5ce5e\msftedit.dll.mui,File024
lltdres.dll.mui,C:\Windows\WinSxS\amd64_microsoft-windows-n..ktopology.resources_31bf3856ad364e35_10.0.26100.1_en-us_61f194dc1542cd6f\lltdres.dll.mui,File027
nfsnp.dll.mui,C:\Windows\WinSxS\amd64_microsoft-windows-n..kprovider.resources_31bf3856ad364e35_10.0.26100.1_en-us_d060e3cf43bc24fa\nfsnp.dll.mui,File024
nfsrdr.sys.mui,C:\Windows\WinSxS\amd64_microsoft-windows-n..lientcore.resources_31bf3856ad364e35_10.0.26100.1_en-us_aa9a6f19a1f63bfa\nfsrdr.sys.mui,File027
NetworkItemFactory.dll.mui,C:\Windows\WinSxS\amd64_microsoft-windows-n..kexplorer.resources_31bf3856ad364e35_10.0.26100.1_en-us_84c6ab0f90483a25\NetworkItemFactory.dll.mui,File005
DaOtpCredentialProvider.dll.mui,C:\Windows\WinSxS\amd64_microsoft-windows-n..lprovider.resources_31bf3856ad364e35_10.0.26100.1_en-us_f9ad5ce30831cffd\DaOtpCredentialProvider.dll.mui,File001
netdiagfx.dll,C:\Windows\WinSxS\amd64_microsoft-windows-n..iagnosticsframework_31bf3856ad364e35_10.0.26100.5074_none_784e8fb990aa915c\netdiagfx.dll,File148
MSchedExe.exe.mui,C:\Windows\WinSxS\amd64_microsoft-windows-mschedexe.resources_31bf3856ad364e35_10.0.26100.1_en-us_a54dde866b5ac456\MSchedExe.exe.mui,File005
polstore.dll.mui,C:\Windows\WinSxS\amd64_microsoft-windows-n..ients-svc.resources_31bf3856ad364e35_10.0.26100.1_en-us_ba5fa0591f3b6b1a\polstore.dll.mui,File160
inetpp.dll.mui,C:\Windows\WinSxS\amd64_microsoft-windows-p..ng-client.resources_31bf3856ad364e35_10.0.26100.1_en-us_ac663ba0fa90a266\inetpp.dll.mui,File005
wpnpinst.exe.mui,C:\Windows\WinSxS\amd64_microsoft-windows-p..ng-client.resources_31bf3856ad364e35_10.0.26100.1_en-us_ac663ba0fa90a266\wpnpinst.exe.mui,File027
netdiagfx.dll,C:\Windows\WinSxS\amd64_microsoft-windows-n..iagnosticsframework_31bf3856ad364e35_10.0.26100.7309_none_7826afd390c9ae41\netdiagfx.dll,File148
MBMediaManager.dll.mui,C:\Windows\WinSxS\amd64_microsoft-windows-n..iamanager.resources_31bf3856ad364e35_10.0.26100.1_en-us_ca50d198177c4d6c\MBMediaManager.dll.mui,File024
auditpolcore.dll.mui,C:\Windows\WinSxS\amd64_microsoft-windows-msaudittools.resources_31bf3856ad364e35_10.0.26100.1_en-us_04cae361cfeaa236\auditpolcore.dll.mui,File160
NdisImPlatform.sys.mui,C:\Windows\WinSxS\amd64_microsoft-windows-n..mplatform.resources_31bf3856ad364e35_10.0.26100.1_en-us_99a73e6649d69102\NdisImPlatform.sys.mui,File071
ias.dll.mui,C:\Windows\WinSxS\amd64_microsoft-windows-n..e_runtime.resources_31bf3856ad364e35_10.0.26100.1_en-us_f042d313d65bf2b2\ias.dll.mui,File027
iasacct.dll.mui,C:\Windows\WinSxS\amd64_microsoft-windows-n..e_runtime.resources_31bf3856ad364e35_10.0.26100.1_en-us_f042d313d65bf2b2\iasacct.dll.mui,File005
NdisVirtualBus.sys.mui,C:\Windows\WinSxS\amd64_microsoft-windows-n..irtualbus.resources_31bf3856ad364e35_10.0.26100.1_en-us_f30dd759d3aa66a4\NdisVirtualBus.sys.mui,File005
ipsecsvc.dll.mui,C:\Windows\WinSxS\amd64_microsoft-windows-n..ients-svc.resources_31bf3856ad364e35_10.0.26100.1_en-us_ba5fa0591f3b6b1a\ipsecsvc.dll.mui,File005
NvAgent.dll.mui,C:\Windows\WinSxS\amd64_microsoft-windows-n..ion-agent.resources_31bf3856ad364e35_10.0.26100.1_en-us_4da28434f72044fc\NvAgent.dll.mui,File005
PrintScanBrokerService.dll.mui,C:\Windows\WinSxS\amd64_microsoft-windows-p..canbroker.resources_31bf3856ad364e35_10.0.26100.1_en-us_ac6e97c8300918fd\PrintScanBrokerService.dll.mui,File024
pcwutl.dll.mui,C:\Windows\WinSxS\amd64_microsoft-windows-p..iagnostic.resources_31bf3856ad364e35_10.0.26100.1_en-us_ddc581f4a364804b\pcwutl.dll.mui,File024
iasrad.dll.mui,C:\Windows\WinSxS\amd64_microsoft-windows-n..e_runtime.resources_31bf3856ad364e35_10.0.26100.1_en-us_f042d313d65bf2b2\iasrad.dll.mui,File024
spoolsv.exe.mui,C:\Windows\WinSxS\amd64_microsoft-windows-p..oler-core.resources_31bf3856ad364e35_10.0.26100.1_en-us_24cb08666a0252aa\spoolsv.exe.mui,File024
sdohlp.dll.mui,C:\Windows\WinSxS\amd64_microsoft-windows-n..datastore.resources_31bf3856ad364e35_10.0.26100.1_en-us_842651669d217c5f\sdohlp.dll.mui,File160
spoolsvworker.exe.mui,C:\Windows\WinSxS\amd64_microsoft-windows-p..oler-core.resources_31bf3856ad364e35_10.0.26100.1_en-us_24cb08666a0252aa\spoolsvworker.exe.mui,File024
mpr.dll.mui,C:\Windows\WinSxS\amd64_microsoft-windows-mpr.resources_31bf3856ad364e35_10.0.26100.1_en-us_b779365c9c8cb3c7\mpr.dll.mui,File005
mlang.dll.mui,C:\Windows\WinSxS\amd64_microsoft-windows-mlang.resources_31bf3856ad364e35_10.0.26100.1_zh-cn_e2bcb5a2627d2475\mlang.dll.mui,File071
mlang.dll.mui,C:\Windows\WinSxS\amd64_microsoft-windows-mlang.resources_31bf3856ad364e35_10.0.26100.7019_zh-cn_81b66ad8a9d6c6b9\mlang.dll.mui,File071
MMDevAPI.dll.mui,C:\Windows\WinSxS\amd64_microsoft-windows-mmdeviceapi.resources_31bf3856ad364e35_10.0.26100.1_en-us_c4d7d6b66d7f3be0\MMDevAPI.dll.mui,File005
PlayToManager.dll.mui,C:\Windows\WinSxS\amd64_microsoft-windows-p..tomanager.resources_31bf3856ad364e35_10.0.26100.1_en-us_da6021de8cc35142\PlayToManager.dll.mui,File160
ping.exe.mui,C:\Windows\WinSxS\amd64_microsoft-windows-p..utilities.resources_31bf3856ad364e35_10.0.26100.1_en-us_892fb9dcc69f265f\ping.exe.mui,File042
PlutonTasks.dll.mui,C:\Windows\WinSxS\amd64_microsoft-windows-p..utontasks.resources_31bf3856ad364e35_10.0.26100.5074_en-us_99f4f6062a001dd2\PlutonTasks.dll.mui,File005
WEB.rs.mui,C:\Windows\WinSxS\amd64_microsoft-windows-p..ystem-web.resources_31bf3856ad364e35_10.0.26100.1_en-us_adaa8c1d312a8fdc\WEB.rs.mui,File024
p9rdrservice.dll.mui,C:\Windows\WinSxS\amd64_microsoft-windows-p9rdrservice.resources_31bf3856ad364e35_10.0.26100.1_en-us_5e7ff52ad627f86c\p9rdrservice.dll.mui,File005
pdc.sys.mui,C:\Windows\WinSxS\amd64_microsoft-windows-pdc.resources_31bf3856ad364e35_10.0.26100.1_en-us_1c3836b05b2d22d1\pdc.sys.mui,File005
mfmp4srcsnk.dll.mui,C:\Windows\WinSxS\amd64_microsoft-windows-mfmp4srcsnk.resources_31bf3856ad364e35_10.0.26100.1_en-us_1875919fcc5452ee\mfmp4srcsnk.dll.mui,File024
Netplwiz.exe.mui,C:\Windows\WinSxS\amd64_microsoft-windows-netplwiz-exe.resources_31bf3856ad364e35_10.0.26100.1_en-us_fb0e37667d8c7954\Netplwiz.exe.mui,File005
ncpa.cpl.mui,C:\Windows\WinSxS\amd64_microsoft-windows-netshell-mui.resources_31bf3856ad364e35_10.0.26100.1_en-us_4bed20fea307bd87\ncpa.cpl.mui,File005
PerformanceTraceHandler.dll.mui,C:\Windows\WinSxS\amd64_microsoft-windows-p..cehandler.resources_31bf3856ad364e35_10.0.26100.5074_en-us_a75df4ad2fe0a89e\PerformanceTraceHandler.dll.mui,File027
PerformanceTraceHandler.dll.mui,C:\Windows\WinSxS\amd64_microsoft-windows-p..cehandler.resources_31bf3856ad364e35_10.0.26100.1_en-us_085dcf9ee88ce8c3\PerformanceTraceHandler.dll.mui,File024
pstask.dll.mui,C:\Windows\WinSxS\amd64_microsoft-windows-p..ctivescan.resources_31bf3856ad364e35_10.0.26100.1_en-us_12c6e1780445ec1c\pstask.dll.mui,File005
PerformanceTraceHandler.dll.mui,C:\Windows\WinSxS\amd64_microsoft-windows-p..cehandler.resources_31bf3856ad364e35_10.0.26100.7705_en-us_a70b3037301fcec3\PerformanceTraceHandler.dll.mui,File160
ntlanman.dll.mui,C:\Windows\WinSxS\amd64_microsoft-windows-ntlanman.resources_31bf3856ad364e35_10.0.26100.1_en-us_38b52fb3b0e9e12b\ntlanman.dll.mui,File027
pla.dll.mui,C:\Windows\WinSxS\amd64_microsoft-windows-p..econsumer.resources_31bf3856ad364e35_10.0.26100.1_en-us_b2af32d503227b65\pla.dll.mui,File001
perfproc.dll.mui,C:\Windows\WinSxS\amd64_microsoft-windows-p..ecounters.resources_31bf3856ad364e35_10.0.26100.7705_en-us_c1355e278768fb72\perfproc.dll.mui,File160
perfproc.dll.mui,C:\Windows\WinSxS\amd64_microsoft-windows-p..ecounters.resources_31bf3856ad364e35_10.0.26100.1_en-us_2287fd8f3fd61572\perfproc.dll.mui,File160
WpcRefreshTask.dll.mui,C:\Windows\WinSxS\amd64_microsoft-windows-p..freshtask.resources_31bf3856ad364e35_10.0.26100.1_en-us_d9648676039aa7f3\WpcRefreshTask.dll.mui,File160
WpnUserService.dll.mui,C:\Windows\WinSxS\amd64_microsoft-windows-p..erservice.resources_31bf3856ad364e35_10.0.26100.1_en-us_f0e43dfaf4b9ebe3\WpnUserService.dll.mui,File024
PlayToDevice.dll.mui,C:\Windows\WinSxS\amd64_microsoft-windows-p..evice-dll.resources_31bf3856ad364e35_10.0.26100.1_en-us_5a77a3d59b391b0e\PlayToDevice.dll.mui,File005
DiagPackage.dll.mui,C:\Windows\WinSxS\amd64_microsoft-windows-p..iagnostic.resources_31bf3856ad364e35_10.0.26100.1_en-us_ddc581f4a364804b\DiagPackage.dll.mui,File042
ntprint.exe.mui,C:\Windows\WinSxS\amd64_microsoft-windows-p..i-ntprint.resources_31bf3856ad364e35_10.0.26100.1_en-us_6ff199c21e8ad886\ntprint.exe.mui,File005
cob-au.rs.mui,C:\Windows\WinSxS\amd64_microsoft-windows-p..gssystems.resources_31bf3856ad364e35_10.0.26100.1_en-us_58f534214187451c\cob-au.rs.mui,File027
CSRR.rs.mui,C:\Windows\WinSxS\amd64_microsoft-windows-p..gssystems.resources_31bf3856ad364e35_10.0.26100.1_en-us_58f534214187451c\CSRR.rs.mui,File160
djctq.rs.mui,C:\Windows\WinSxS\amd64_microsoft-windows-p..gssystems.resources_31bf3856ad364e35_10.0.26100.1_en-us_58f534214187451c\djctq.rs.mui,File027
grb.rs.mui,C:\Windows\WinSxS\amd64_microsoft-windows-p..gssystems.resources_31bf3856ad364e35_10.0.26100.1_en-us_58f534214187451c\grb.rs.mui,File027
DiagPackage.dll.mui,C:\Windows\WinSxS\amd64_microsoft-windows-p..iagnostic.resources_31bf3856ad364e35_10.0.26100.1_en-us_027a8b127f51c389\DiagPackage.dll.mui,File101
pcbp.rs.mui,C:\Windows\WinSxS\amd64_microsoft-windows-p..gssystems.resources_31bf3856ad364e35_10.0.26100.1_en-us_58f534214187451c\pcbp.rs.mui,File027
usk.rs.mui,C:\Windows\WinSxS\amd64_microsoft-windows-p..gssystems.resources_31bf3856ad364e35_10.0.26100.1_en-us_58f534214187451c\usk.rs.mui,File027
AuthBroker.dll.mui,C:\Windows\WinSxS\amd64_microsoft-windows-o..y-webauth.resources_31bf3856ad364e35_10.0.26100.1_en-us_539e8c4423c68659\AuthBroker.dll.mui,File027
BTAGService.dll.mui,C:\Windows\WinSxS\amd64_microsoft-windows-o..tooth-hfp.resources_31bf3856ad364e35_10.0.26100.1_en-us_33a9d04ae1799719\BTAGService.dll.mui,File027
AAD.Core.winmd,C:\Windows\WinSxS\amd64_microsoft-windows-s..okerplugin.appxmain_31bf3856ad364e35_10.0.26100.7824_none_f75a1d0585b005ec\AAD.Core.winmd,File027
osbaseln.dll.mui,C:\Windows\WinSxS\amd64_microsoft-windows-s..ortingapi.resources_31bf3856ad364e35_10.0.26100.1_en-us_55cd548527dfda85\osbaseln.dll.mui,File024
SettingsHandlers_WorkAccess.dll.mui,C:\Windows\WinSxS\amd64_microsoft-windows-s..orkaccess.resources_31bf3856ad364e35_10.0.26100.1_en-us_049c2b7d92bb720b\SettingsHandlers_WorkAccess.dll.mui,File160
wscsvc.dll.mui,C:\Windows\WinSxS\amd64_microsoft-windows-s..nter-core.resources_31bf3856ad364e35_10.0.26100.1_en-us_75681c23cc4a937b\wscsvc.dll.mui,File001
SettingsHandlers_OptionalFeatures.dll.mui,C:\Windows\WinSxS\amd64_microsoft-windows-s..lfeatures.resources_31bf3856ad364e35_10.0.26100.4768_en-us_521caa358c909c49\SettingsHandlers_OptionalFeatures.dll.mui,File024
seclogon.dll.mui,C:\Windows\WinSxS\amd64_microsoft-windows-s..onservice.resources_31bf3856ad364e35_10.0.26100.1_en-us_b1cb38b404e84204\seclogon.dll.mui,File024
SetNetworkLocation.dll.mui,C:\Windows\WinSxS\amd64_microsoft-windows-s..klocation.resources_31bf3856ad364e35_10.0.26100.1_en-us_9f79bc37b441f127\SetNetworkLocation.dll.mui,File005
SettingsHandlers_Geolocation.dll.mui,C:\Windows\WinSxS\amd64_microsoft-windows-s..olocation.resources_31bf3856ad364e35_10.0.26100.7019_en-us_6087924b0b82ba00\SettingsHandlers_Geolocation.dll.mui,File027
SpaceAgent.exe.mui,C:\Windows\WinSxS\amd64_microsoft-windows-s..oundagent.resources_31bf3856ad364e35_10.0.26100.1_en-us_2d1ed982e4f95a8a\SpaceAgent.exe.mui,File024
SettingsHandlers_SIUF.dll.mui,C:\Windows\WinSxS\amd64_microsoft-windows-s..lers-siuf.resources_31bf3856ad364e35_10.0.26100.1_en-us_6e110fc280f67861\SettingsHandlers_SIUF.dll.mui,File024
PushToInstall.dll.mui,C:\Windows\WinSxS\amd64_microsoft-windows-s..l-service.resources_31bf3856ad364e35_10.0.26100.3037_en-us_0a61f6220729d33c\PushToInstall.dll.mui,File160
Microsoft.AAD.BrokerPlugin.winmd,C:\Windows\WinSxS\amd64_microsoft-windows-s..okerplugin.appxmain_31bf3856ad364e35_10.0.26100.7824_none_f75a1d0585b005ec\Microsoft.AAD.BrokerPlugin.winmd,File024
sapisvr.exe.mui,C:\Windows\WinSxS\amd64_microsoft-windows-s..monnoia64.resources_31bf3856ad364e35_10.0.26100.1_en-us_520428772c45561c\sapisvr.exe.mui,File005
ngctasks.dll.mui,C:\Windows\WinSxS\amd64_microsoft-windows-s..ngc-tasks.resources_31bf3856ad364e35_10.0.26100.1_en-us_6bad865e8289e498\ngctasks.dll.mui,File027
SystemPropertiesHardware.exe.mui,C:\Windows\WinSxS\amd64_microsoft-windows-s..mhardware.resources_31bf3856ad364e35_10.0.26100.1_en-us_e7af63525e6edb38\SystemPropertiesHardware.exe.mui,File005
logoncli.dll.mui,C:\Windows\WinSxS\amd64_microsoft-windows-s..on-netapi.resources_31bf3856ad364e35_10.0.26100.7019_en-us_8c16493edd737f45\logoncli.dll.mui,File071
AAD.Core.winmd,C:\Windows\WinSxS\amd64_microsoft-windows-s..okerplugin.appxmain_31bf3856ad364e35_10.0.26100.6584_none_f7808c9f85924cfc\AAD.Core.winmd,File027
logoncli.dll.mui,C:\Windows\WinSxS\amd64_microsoft-windows-s..on-netapi.resources_31bf3856ad364e35_10.0.26100.4946_en-us_8bb83976ddb9826b\logoncli.dll.mui,File071
NaturalAuth.dll.mui,C:\Windows\WinSxS\amd64_microsoft-windows-s..ntication.resources_31bf3856ad364e35_10.0.26100.1_en-us_a06662b3cfdfb1a0\NaturalAuth.dll.mui,File027
logoncli.dll.mui,C:\Windows\WinSxS\amd64_microsoft-windows-s..on-netapi.resources_31bf3856ad364e35_10.0.26100.1_en-us_ed1c94089619dd01\logoncli.dll.mui,File071
SystemPropertiesComputerName.exe.mui,C:\Windows\WinSxS\amd64_microsoft-windows-s..mcomputer.resources_31bf3856ad364e35_10.0.26100.1_en-us_581ab4049af1c127\SystemPropertiesComputerName.exe.mui,File005
SystemPropertiesAdvanced.exe.mui,C:\Windows\WinSxS\amd64_microsoft-windows-s..madvanced.resources_31bf3856ad364e35_10.0.26100.1_en-us_ac390922f48d2112\SystemPropertiesAdvanced.exe.mui,File005
tpmvscmgrsvr.exe.mui,C:\Windows\WinSxS\amd64_microsoft-windows-s..m-manager.resources_31bf3856ad364e35_10.0.26100.3323_en-us_d4c1fcec39a5599e\tpmvscmgrsvr.exe.mui,File005
immersivetpmvscmgrsvr.exe.mui,C:\Windows\WinSxS\amd64_microsoft-windows-s..m-manager.resources_31bf3856ad364e35_10.0.26100.1_en-us_35e73617f234d892\immersivetpmvscmgrsvr.exe.mui,File024
immersivetpmvscmgrsvr.exe.mui,C:\Windows\WinSxS\amd64_microsoft-windows-s..m-manager.resources_31bf3856ad364e35_10.0.26100.3323_en-us_d4c1fcec39a5599e\immersivetpmvscmgrsvr.exe.mui,File024
tpmvscmgrsvr.exe.mui,C:\Windows\WinSxS\amd64_microsoft-windows-s..m-manager.resources_31bf3856ad364e35_10.0.26100.1_en-us_35e73617f234d892\tpmvscmgrsvr.exe.mui,File005
Microsoft.AAD.BrokerPlugin.winmd,C:\Windows\WinSxS\amd64_microsoft-windows-s..okerplugin.appxmain_31bf3856ad364e35_10.0.26100.6584_none_f7808c9f85924cfc\Microsoft.AAD.BrokerPlugin.winmd,File024
setspn.exe.mui,C:\Windows\WinSxS\amd64_microsoft-windows-s..ls-setspn.resources_31bf3856ad364e35_10.0.26100.1_en-us_4eb3abe3b6972140\setspn.exe.mui,File101
Windows.SharedPC.CredentialProvider.dll.mui,C:\Windows\WinSxS\amd64_microsoft-windows-s..lprovider.resources_31bf3856ad364e35_10.0.26100.1_en-us_eb126b4a86d1c35d\Windows.SharedPC.CredentialProvider.dll.mui,File024
SettingsHandlers_Geolocation.dll.mui,C:\Windows\WinSxS\amd64_microsoft-windows-s..olocation.resources_31bf3856ad364e35_10.0.26100.1_en-us_c18ddd14c42917bc\SettingsHandlers_Geolocation.dll.mui,File027
Microsoft.AAD.BrokerPlugin.winmd,C:\Windows\WinSxS\amd64_microsoft-windows-s..okerplugin.appxmain_31bf3856ad364e35_10.0.26100.7623_none_f76fd3a5859fb469\Microsoft.AAD.BrokerPlugin.winmd,File024
PushToInstall.dll.mui,C:\Windows\WinSxS\amd64_microsoft-windows-s..l-service.resources_31bf3856ad364e35_10.0.26100.1_en-us_6b661a5fbfd22628\PushToInstall.dll.mui,File160
WinLGDep.dll.mui,C:\Windows\WinSxS\amd64_microsoft-windows-s..nent-logo.resources_31bf3856ad364e35_10.0.26100.1_en-us_91a82d478b80427f\WinLGDep.dll.mui,File027
dab.dll.mui,C:\Windows\WinSxS\amd64_microsoft-windows-s..itybroker.resources_31bf3856ad364e35_10.0.26100.1_en-us_b4759b243f4a8b8d\dab.dll.mui,File005
SettingsHandlers_OneDriveBackup.dll.mui,C:\Windows\WinSxS\amd64_microsoft-windows-s..ivebackup.resources_31bf3856ad364e35_10.0.26100.1_en-us_295a44388cf866d6\SettingsHandlers_OneDriveBackup.dll.mui,File160
Windows.Storage.Search.dll.mui,C:\Windows\WinSxS\amd64_microsoft-windows-s..h-library.resources_31bf3856ad364e35_10.0.26100.1_en-us_982425f3fec3898c\Windows.Storage.Search.dll.mui,File027
bfs.sys.mui,C:\Windows\WinSxS\amd64_microsoft-windows-s..ilesystem.resources_31bf3856ad364e35_10.0.26100.1_en-us_b35c83f3ca71ae14\bfs.sys.mui,File005
SettingsHandlers_ForceSync.dll.mui,C:\Windows\WinSxS\amd64_microsoft-windows-s..forcesync.resources_31bf3856ad364e35_10.0.26100.1_en-us_7ccaa503a9cafb10\SettingsHandlers_ForceSync.dll.mui,File024
ngcsvc.dll.mui,C:\Windows\WinSxS\amd64_microsoft-windows-s..gc-kspsvc.resources_31bf3856ad364e35_10.0.26100.1_en-us_9660cbcb5463a340\ngcsvc.dll.mui,File160
SettingsHandlers_InstalledUpdates.dll.mui,C:\Windows\WinSxS\amd64_microsoft-windows-s..edupdates.resources_31bf3856ad364e35_10.0.26100.1_en-us_b535bca3a30bdffc\SettingsHandlers_InstalledUpdates.dll.mui,File027
scfilter.sys.mui,C:\Windows\WinSxS\amd64_microsoft-windows-s..em-extras.resources_31bf3856ad364e35_10.0.26100.1_en-us_5fbb466da30721dc\scfilter.sys.mui,File024
SystemSettingsAdminFlows.exe.mui,C:\Windows\WinSxS\amd64_microsoft-windows-s..dminflows.resources_31bf3856ad364e35_10.0.26100.7309_en-us_9dd3b5365eccce18\SystemSettingsAdminFlows.exe.mui,File024
Themes.SsfDownload.ScheduledTask.dll.mui,C:\Windows\WinSxS\amd64_microsoft-windows-s..duledtask.resources_31bf3856ad364e35_10.0.26100.1_en-us_cb895d891450520f\Themes.SsfDownload.ScheduledTask.dll.mui,File024
SystemSettingsAdminFlows.exe.mui,C:\Windows\WinSxS\amd64_microsoft-windows-s..dminflows.resources_31bf3856ad364e35_10.0.26100.7705_en-us_9da8d0a65eecd758\SystemSettingsAdminFlows.exe.mui,File024
certprop.dll.mui,C:\Windows\WinSxS\amd64_microsoft-windows-s..em-extras.resources_31bf3856ad364e35_10.0.26100.1_en-us_5fbb466da30721dc\certprop.dll.mui,File160
ScDeviceEnum.dll.mui,C:\Windows\WinSxS\amd64_microsoft-windows-s..em-extras.resources_31bf3856ad364e35_10.0.26100.3323_en-us_fe960d41ea77a2e8\ScDeviceEnum.dll.mui,File160
sdrsvc.dll.mui,C:\Windows\WinSxS\amd64_microsoft-windows-s..docs-main.resources_31bf3856ad364e35_10.0.26100.1_en-us_60bc6793c7a1023e\sdrsvc.dll.mui,File005
sdshext.dll.mui,C:\Windows\WinSxS\amd64_microsoft-windows-s..docs-main.resources_31bf3856ad364e35_10.0.26100.4484_en-us_ff924b560f144e0d\sdshext.dll.mui,File027
scavengeui.dll.mui,C:\Windows\WinSxS\amd64_microsoft-windows-s..e-cleanup.resources_31bf3856ad364e35_10.0.26100.1_en-us_91b88ffd2859e69f\scavengeui.dll.mui,File024
Windows.ApplicationModel.Store.TestingFramework.dll.mui,C:\Windows\WinSxS\amd64_microsoft-windows-s..e-runtime.resources_31bf3856ad364e35_10.0.26100.1_en-us_47968fcc29b6c1a8\Windows.ApplicationModel.Store.TestingFramework.dll.mui,File024
sdrsvc.dll.mui,C:\Windows\WinSxS\amd64_microsoft-windows-s..docs-main.resources_31bf3856ad364e35_10.0.26100.4484_en-us_ff924b560f144e0d\sdrsvc.dll.mui,File005
ScDeviceEnum.dll.mui,C:\Windows\WinSxS\amd64_microsoft-windows-s..em-extras.resources_31bf3856ad364e35_10.0.26100.1_en-us_5fbb466da30721dc\ScDeviceEnum.dll.mui,File160
sdshext.dll.mui,C:\Windows\WinSxS\amd64_microsoft-windows-s..docs-main.resources_31bf3856ad364e35_10.0.26100.1_en-us_60bc6793c7a1023e\sdshext.dll.mui,File027
microsoft-windows-storage-tiering-events.dll.mui,C:\Windows\WinSxS\amd64_microsoft-windows-s..container.resources_31bf3856ad364e35_10.0.26100.1_en-us_f5dedf5be6bb51e0\microsoft-windows-storage-tiering-events.dll.mui,File027
SystemSettingsAdminFlows.exe.mui,C:\Windows\WinSxS\amd64_microsoft-windows-s..dminflows.resources_31bf3856ad364e35_10.0.26100.5074_en-us_9dfb951c5eadb133\SystemSettingsAdminFlows.exe.mui,File024
scfilter.sys.mui,C:\Windows\WinSxS\amd64_microsoft-windows-s..em-extras.resources_31bf3856ad364e35_10.0.26100.3323_en-us_fe960d41ea77a2e8\scfilter.sys.mui,File024
certprop.dll.mui,C:\Windows\WinSxS\amd64_microsoft-windows-s..em-extras.resources_31bf3856ad364e35_10.0.26100.3323_en-us_fe960d41ea77a2e8\certprop.dll.mui,File160
Windows.ApplicationModel.Store.TestingFramework.dll.mui,C:\Windows\WinSxS\amd64_microsoft-windows-s..e-runtime.resources_31bf3856ad364e35_10.0.26100.3915_en-us_e62f493e71590445\Windows.ApplicationModel.Store.TestingFramework.dll.mui,File024
easconsent.dll.mui,C:\Windows\WinSxS\amd64_microsoft-windows-s..asconsent.resources_31bf3856ad364e35_10.0.26100.1_en-us_a2666885c6729b0c\easconsent.dll.mui,File024
sdiagnhost.exe.mui,C:\Windows\WinSxS\amd64_microsoft-windows-s..ativehost.resources_31bf3856ad364e35_10.0.26100.1_en-us_2ed0222b6b147f6c\sdiagnhost.exe.mui,File005
BitLockerWizard.exe.mui,C:\Windows\WinSxS\amd64_microsoft-windows-s..artup-cpl.resources_31bf3856ad364e35_10.0.26100.6725_en-us_6d55709cde6cc2c1\BitLockerWizard.exe.mui,File024
BitLockerWizardElev.exe.mui,C:\Windows\WinSxS\amd64_microsoft-windows-s..artup-cpl.resources_31bf3856ad364e35_10.0.26100.6725_en-us_6d55709cde6cc2c1\BitLockerWizardElev.exe.mui,File024
BitLockerWizard.exe.mui,C:\Windows\WinSxS\amd64_microsoft-windows-s..artup-cpl.resources_31bf3856ad364e35_10.0.26100.3912_en-us_6d3f0f20de7d9cf4\BitLockerWizard.exe.mui,File024
ApplicationFrame.dll.mui,C:\Windows\WinSxS\amd64_microsoft-windows-s..ame-frame.resources_31bf3856ad364e35_10.0.26100.1_en-us_27763086d1f3f5d2\ApplicationFrame.dll.mui,File027
SetupCleanupTask.dll.mui,C:\Windows\WinSxS\amd64_microsoft-windows-s..anup-task.resources_31bf3856ad364e35_10.0.26100.1_en-us_5f5d4bb144639cb6\SetupCleanupTask.dll.mui,File024
SetupCleanupTask.dll.mui,C:\Windows\WinSxS\amd64_microsoft-windows-s..anup-task.resources_31bf3856ad364e35_10.0.26100.3915_en-us_fdf605238c05df53\SetupCleanupTask.dll.mui,File024
BitLockerWizardElev.exe.mui,C:\Windows\WinSxS\amd64_microsoft-windows-s..artup-cpl.resources_31bf3856ad364e35_10.0.26100.3912_en-us_6d3f0f20de7d9cf4\BitLockerWizardElev.exe.mui,File024
NgcRecovery.dll.mui,C:\Windows\WinSxS\amd64_microsoft-windows-s..-recovery.resources_31bf3856ad364e35_10.0.26100.1_en-us_824f6023acd1945f\NgcRecovery.dll.mui,File005
cxcredprov.dll.mui,C:\Windows\WinSxS\amd64_microsoft-windows-s..-credprov.resources_31bf3856ad364e35_10.0.26100.1_en-us_1e1501b44d9a5202\cxcredprov.dll.mui,File005
TrustedSignalCredProv.dll.mui,C:\Windows\WinSxS\amd64_microsoft-windows-s..-credprov.resources_31bf3856ad364e35_10.0.26100.1_en-us_080e5e17ad23b7b4\TrustedSignalCredProv.dll.mui,File027
fidocredprov.dll.mui,C:\Windows\WinSxS\amd64_microsoft-windows-s..-credprov.resources_31bf3856ad364e35_10.0.26100.1_en-us_e5acb3a0b93a457f\fidocredprov.dll.mui,File042
fidocredprov.dll.mui,C:\Windows\WinSxS\amd64_microsoft-windows-s..-credprov.resources_31bf3856ad364e35_10.0.26100.4484_en-us_8482976300ad914e\fidocredprov.dll.mui,File101
runonce.exe.mui,C:\Windows\WinSxS\amd64_microsoft-windows-runonce.resources_31bf3856ad364e35_10.0.26100.1_en-us_12777478810e5460\runonce.exe.mui,File024
vaultsvc.dll.mui,C:\Windows\WinSxS\amd64_microsoft-windows-s..ity-vault.resources_31bf3856ad364e35_10.0.26100.1_en-us_ef83733772d21f33\vaultsvc.dll.mui,File024
rtutils.dll.mui,C:\Windows\WinSxS\amd64_microsoft-windows-rasrtutils.resources_31bf3856ad364e35_10.0.26100.1_en-us_da2956087b625e65\rtutils.dll.mui,File024
mprdim.dll.mui,C:\Windows\WinSxS\amd64_microsoft-windows-rasserver.resources_31bf3856ad364e35_10.0.26100.6899_en-us_16dff2e66c5b45b2\mprdim.dll.mui,File024
TokenBroker.dll.mui,C:\Windows\WinSxS\amd64_microsoft-windows-s..kenbroker.resources_31bf3856ad364e35_10.0.26100.1_en-us_d72443ea00101cb7\TokenBroker.dll.mui,File024
vdswmi.dll.mui,C:\Windows\WinSxS\amd64_microsoft-windows-s..iprovider.resources_31bf3856ad364e35_10.0.26100.1_en-us_d37f4399069b3425\vdswmi.dll.mui,File024
mprdim.dll.mui,C:\Windows\WinSxS\amd64_microsoft-windows-rasserver.resources_31bf3856ad364e35_10.0.26100.1_en-us_7834bca624c7f655\mprdim.dll.mui,File024
rasctrs.dll.mui,C:\Windows\WinSxS\amd64_microsoft-windows-rasctrs.resources_31bf3856ad364e35_10.0.26100.1_en-us_bd22249a469c8ffc\rasctrs.dll.mui,File160
iprtrmgr.dll.mui,C:\Windows\WinSxS\amd64_microsoft-windows-rasserver.resources_31bf3856ad364e35_10.0.26100.6899_en-us_16dff2e66c5b45b2\iprtrmgr.dll.mui,File024
spaceman.exe.mui,C:\Windows\WinSxS\amd64_microsoft-windows-s..cemanager.resources_31bf3856ad364e35_10.0.26100.1_en-us_ab7988259bdb7b74\spaceman.exe.mui,File005
dabapi.dll.mui,C:\Windows\WinSxS\amd64_microsoft-windows-s..brokerapi.resources_31bf3856ad364e35_10.0.26100.1_en-us_513758c66685ebad\dabapi.dll.mui,File005
setupugc.exe.mui,C:\Windows\WinSxS\amd64_microsoft-windows-s..component.resources_31bf3856ad364e35_10.0.26100.3624_en-us_1d293fd969bc6c79\setupugc.exe.mui,File160
rasplap.dll.mui,C:\Windows\WinSxS\amd64_microsoft-windows-rasplap-mui.resources_31bf3856ad364e35_10.0.26100.1_en-us_8d5489a24bb20e23\rasplap.dll.mui,File160
iprtrmgr.dll.mui,C:\Windows\WinSxS\amd64_microsoft-windows-rasserver.resources_31bf3856ad364e35_10.0.26100.1_en-us_7834bca624c7f655\iprtrmgr.dll.mui,File024
cmdl32.exe.mui,C:\Windows\WinSxS\amd64_microsoft-windows-r..onmanager.resources_31bf3856ad364e35_10.0.26100.1_en-us_2b108ccf6bb2c951\cmdl32.exe.mui,File024
TsUsbRedirectionGroupPolicyExtension.dll.mui,C:\Windows\WinSxS\amd64_microsoft-windows-r..component.resources_31bf3856ad364e35_10.0.26100.3037_en-us_881f53672f247cdf\TsUsbRedirectionGroupPolicyExtension.dll.mui,File024
cmcfg32.dll.mui,C:\Windows\WinSxS\amd64_microsoft-windows-r..onmanager.resources_31bf3856ad364e35_10.0.26100.1_en-us_2b108ccf6bb2c951\cmcfg32.dll.mui,File027
ReAgentTask.dll.mui,C:\Windows\WinSxS\amd64_microsoft-windows-r..k-handler.resources_31bf3856ad364e35_10.0.26100.3037_en-us_f95bc94ed76766a3\ReAgentTask.dll.mui,File024
RunLegacyCPLElevated.exe.mui,C:\Windows\WinSxS\amd64_microsoft-windows-r..lelevated.resources_31bf3856ad364e35_10.0.26100.1_en-us_cb3d6dd111b673b9\RunLegacyCPLElevated.exe.mui,File024
rasphone.exe.mui,C:\Windows\WinSxS\amd64_microsoft-windows-r..ienttools.resources_31bf3856ad364e35_10.0.26100.1_en-us_fec55a7a2a9f2448\rasphone.exe.mui,File027
regidle.dll.mui,C:\Windows\WinSxS\amd64_microsoft-windows-r..dle-agent.resources_31bf3856ad364e35_10.0.26100.1_en-us_fa916db87d6f97cf\regidle.dll.mui,File024
Windows.System.Profile.SystemManufacturers.dll.mui,C:\Windows\WinSxS\amd64_microsoft-windows-r..facturers.resources_31bf3856ad364e35_10.0.26100.3624_en-us_70dff0c5fe47082e\Windows.System.Profile.SystemManufacturers.dll.mui,File024
Windows.System.Profile.SystemManufacturers.dll.mui,C:\Windows\WinSxS\amd64_microsoft-windows-r..facturers.resources_31bf3856ad364e35_10.0.26100.1_en-us_d225b07db6be19ae\Windows.System.Profile.SystemManufacturers.dll.mui,File024
RmClient.exe.mui,C:\Windows\WinSxS\amd64_microsoft-windows-r..rtmanager.resources_31bf3856ad364e35_10.0.26100.1_en-us_2935698e41109f36\RmClient.exe.mui,File005
RemoveDeviceElevated.dll.mui,C:\Windows\WinSxS\amd64_microsoft-windows-r..eelevated.resources_31bf3856ad364e35_10.0.26100.1_en-us_8eb589dd3f7ca04a\RemoveDeviceElevated.dll.mui,File005
raserver.exe.mui,C:\Windows\WinSxS\amd64_microsoft-windows-r..comserver.resources_31bf3856ad364e35_10.0.26100.1_en-us_d6e72f7288d659c7\raserver.exe.mui,File024
RacWmiProv.dll.mui,C:\Windows\WinSxS\amd64_microsoft-windows-r..-provider.resources_31bf3856ad364e35_10.0.26100.1_en-us_866c693f438d2b1f\RacWmiProv.dll.mui,File005
Windows.Media.Renewal.dll.mui,C:\Windows\WinSxS\amd64_microsoft-windows-r..a-renewal.resources_31bf3856ad364e35_10.0.26100.1_en-us_d8c837c13b181564\Windows.Media.Renewal.dll.mui,File027
ReAgentTask.dll.mui,C:\Windows\WinSxS\amd64_microsoft-windows-r..k-handler.resources_31bf3856ad364e35_10.0.26100.1_en-us_5a5fed8c900fb98f\ReAgentTask.dll.mui,File024
qwavedrv.sys.mui,C:\Windows\WinSxS\amd64_microsoft-windows-qwave.resources_31bf3856ad364e35_10.0.26100.1_en-us_73a9dd6969c395f8\qwavedrv.sys.mui,File024
agilevpn.sys.mui,C:\Windows\WinSxS\amd64_microsoft-windows-r..-agilevpn.resources_31bf3856ad364e35_10.0.26100.1_en-us_1c3ec53449ef6954\agilevpn.sys.mui,File160
Windows.System.Profile.HardwareId.dll.mui,C:\Windows\WinSxS\amd64_microsoft-windows-r..ardwareid.resources_31bf3856ad364e35_10.0.26100.1_en-us_9103a77b0d0f5fe6\Windows.System.Profile.HardwareId.dll.mui,File024
Locator.exe.mui,C:\Windows\WinSxS\amd64_microsoft-windows-rpc-locator.resources_31bf3856ad364e35_10.0.26100.1_en-us_1b9d25b47b7ff31e\Locator.exe.mui,File024
rundll32.exe.mui,C:\Windows\WinSxS\amd64_microsoft-windows-rundll32.resources_31bf3856ad364e35_10.0.26100.1_en-us_49bf2b2101f15696\rundll32.exe.mui,File024
rmapi.dll.mui,C:\Windows\WinSxS\amd64_microsoft-windows-rmapi.resources_31bf3856ad364e35_10.0.26100.1_en-us_5436823e75ddf747\rmapi.dll.mui,File024
RpcNs4.dll.mui,C:\Windows\WinSxS\amd64_microsoft-windows-rpc-ns.resources_31bf3856ad364e35_10.0.26100.1_en-us_70e2854a0192ec31\RpcNs4.dll.mui,File160
wshrm.dll.mui,C:\Windows\WinSxS\amd64_microsoft-windows-rmcast.resources_31bf3856ad364e35_10.0.26100.1_en-us_e48ccb993a166916\wshrm.dll.mui,File024
recover.exe.mui,C:\Windows\WinSxS\amd64_microsoft-windows-recover.resources_31bf3856ad364e35_10.0.26100.1_en-us_6036b6b5128ee74e\recover.exe.mui,File005
SettingsHandlers_UserAccount.dll.mui,C:\Windows\WinSxS\amd64_microsoft-windows-s..eraccount.resources_31bf3856ad364e35_10.0.26100.1_en-us_45e5ee36a016d806\SettingsHandlers_UserAccount.dll.mui,File024
RMActivate_ssp_isv.exe.mui,C:\Windows\WinSxS\amd64_microsoft-windows-s..erbox-isv.resources_31bf3856ad364e35_10.0.26100.1_en-us_77e66912c3fa1d87\RMActivate_ssp_isv.exe.mui,File024
AboutSettingsHandlers.dll.mui,C:\Windows\WinSxS\amd64_microsoft-windows-s..ers-about.resources_31bf3856ad364e35_10.0.26100.5074_en-us_5ef1fa168a848740\AboutSettingsHandlers.dll.mui,File160
AboutSettingsHandlers.dll.mui,C:\Windows\WinSxS\amd64_microsoft-windows-s..ers-about.resources_31bf3856ad364e35_10.0.26100.1_en-us_bff1d5084330c765\AboutSettingsHandlers.dll.mui,File027
sberes.dll.mui,C:\Windows\WinSxS\amd64_microsoft-windows-s..engineres.resources_31bf3856ad364e35_10.0.26100.1_en-us_81002664b3dc0704\sberes.dll.mui,File005
kmddsp.tsp.mui,C:\Windows\WinSxS\amd64_microsoft-windows-rasbase.resources_31bf3856ad364e35_10.0.26100.1_en-us_5b0b39a61e2df72f\kmddsp.tsp.mui,File005
RDXService.dll.mui,C:\Windows\WinSxS\amd64_microsoft-windows-r..o-service.resources_31bf3856ad364e35_10.0.26100.1_en-us_7d9c145cf9495226\RDXService.dll.mui,File027
SettingsHandlers_Resume.dll.mui,C:\Windows\WinSxS\amd64_microsoft-windows-r..shandlers.resources_31bf3856ad364e35_10.0.26100.3037_en-us_df3fbab281e3fec8\SettingsHandlers_Resume.dll.mui,File005
rasdiag.dll.mui,C:\Windows\WinSxS\amd64_microsoft-windows-rasbase.resources_31bf3856ad364e35_10.0.26100.1_en-us_5b0b39a61e2df72f\rasdiag.dll.mui,File160
regsvc.dll.mui,C:\Windows\WinSxS\amd64_microsoft-windows-r..y-service.resources_31bf3856ad364e35_10.0.26100.1_en-us_e3b3efeae143148b\regsvc.dll.mui,File024
rasauto.dll.mui,C:\Windows\WinSxS\amd64_microsoft-windows-rasauto-mui.resources_31bf3856ad364e35_10.0.26100.1_en-us_c4254516aecc127f\rasauto.dll.mui,File024
rasautou.exe.mui,C:\Windows\WinSxS\amd64_microsoft-windows-rasauto-mui.resources_31bf3856ad364e35_10.0.26100.1_en-us_c4254516aecc127f\rasautou.exe.mui,File005
rasmbmgr.dll.mui,C:\Windows\WinSxS\amd64_microsoft-windows-r..tymanager.resources_31bf3856ad364e35_10.0.26100.1_en-us_a5a8d102ba39052c\rasmbmgr.dll.mui,File024
sdchange.exe.mui,C:\Windows\WinSxS\amd64_microsoft-windows-r..tance-exe.resources_31bf3856ad364e35_10.0.26100.1_en-us_8932a0fd196dbddf\sdchange.exe.mui,File005
RDXTaskFactory.dll.mui,C:\Windows\WinSxS\amd64_microsoft-windows-r..skfactory.resources_31bf3856ad364e35_10.0.26100.1_en-us_8b5853be920992ac\RDXTaskFactory.dll.mui,File005
racengn.dll.mui,C:\Windows\WinSxS\amd64_microsoft-windows-r..sisengine.resources_31bf3856ad364e35_10.0.26100.1_en-us_528dcd5dde670986\racengn.dll.mui,File160
rasmans.dll.mui,C:\Windows\WinSxS\amd64_microsoft-windows-r..rvice-mui.resources_31bf3856ad364e35_10.0.26100.1_en-us_1ba9dc391a362baf\rasmans.dll.mui,File024
cmstplua.dll.mui,C:\Windows\WinSxS\amd64_microsoft-windows-r..onmanager.resources_31bf3856ad364e35_10.0.26100.1_en-us_2b108ccf6bb2c951\cmstplua.dll.mui,File005
cmlua.dll.mui,C:\Windows\WinSxS\amd64_microsoft-windows-r..onmanager.resources_31bf3856ad364e35_10.0.26100.1_en-us_2b108ccf6bb2c951\cmlua.dll.mui,File005
rasmans.dll.mui,C:\Windows\WinSxS\amd64_microsoft-windows-r..rvice-mui.resources_31bf3856ad364e35_10.0.26100.6899_en-us_ba55127961c97b0c\rasmans.dll.mui,File024
powercpl.dll.mui,C:\Windows\WinSxS\amd64_microsoft-windows-powercpl.resources_31bf3856ad364e35_10.0.26100.1_en-us_8750ab3e1d744e16\powercpl.dll.mui,File101
sppnp.dll.mui,C:\Windows\WinSxS\amd64_microsoft-windows-pnpsysprep.resources_31bf3856ad364e35_10.0.26100.1_en-us_ce1162fe9e928cd4\sppnp.dll.mui,File024
pnpclean.dll.mui,C:\Windows\WinSxS\amd64_microsoft-windows-pnpclean.resources_31bf3856ad364e35_10.0.26100.1_en-us_f045d46940b45f8b\pnpclean.dll.mui,File160
RMActivate.exe.mui,C:\Windows\WinSxS\amd64_microsoft-windows-s..-whitebox.resources_31bf3856ad364e35_10.0.26100.1_en-us_372989b303575b30\RMActivate.exe.mui,File005
vbscript.dll.mui,C:\Windows\WinSxS\amd64_microsoft-windows-s..-vbscript.resources_31bf3856ad364e35_11.0.26100.4768_en-us_ef3abf2a49a564f0\vbscript.dll.mui,File042
taskhostw.exe.mui,C:\Windows\WinSxS\amd64_microsoft-windows-s..-taskhost.resources_31bf3856ad364e35_10.0.26100.1_en-us_f920451c63e0b05e\taskhostw.exe.mui,File005
PITRTask.dll.mui,C:\Windows\WinSxS\amd64_microsoft-windows-pitr.resources_31bf3856ad364e35_10.0.26100.7705_en-us_22f3848ab37638bb\PITRTask.dll.mui,File005
vbscript.dll.mui,C:\Windows\WinSxS\amd64_microsoft-windows-s..-vbscript.resources_31bf3856ad364e35_11.0.26100.1_en-us_40c10dc5437cd766\vbscript.dll.mui,File042
PITR.dll.mui,C:\Windows\WinSxS\amd64_microsoft-windows-pitr.resources_31bf3856ad364e35_10.0.26100.7705_en-us_22f3848ab37638bb\PITR.dll.mui,File005
PeopleBand.dll.mui,C:\Windows\WinSxS\amd64_microsoft-windows-peopleband.resources_31bf3856ad364e35_10.0.26100.1_en-us_0a734329941a6f58\PeopleBand.dll.mui,File005
PITRTask.dll.mui,C:\Windows\WinSxS\amd64_microsoft-windows-pitr.resources_31bf3856ad364e35_10.0.26100.7309_en-us_231e691ab3562f7b\PITRTask.dll.mui,File005
SystemPropertiesPerformance.exe.mui,C:\Windows\WinSxS\amd64_microsoft-windows-performance.resources_31bf3856ad364e35_10.0.26100.1_en-us_43a71879804eec6a\SystemPropertiesPerformance.exe.mui,File005
PenService.dll.mui,C:\Windows\WinSxS\amd64_microsoft-windows-penservice.resources_31bf3856ad364e35_10.0.26100.1_en-us_bf798e2198c45688\PenService.dll.mui,File005
PITR.dll.mui,C:\Windows\WinSxS\amd64_microsoft-windows-pitr.resources_31bf3856ad364e35_10.0.26100.7309_en-us_231e691ab3562f7b\PITR.dll.mui,File005
PeerDistCleaner.dll.mui,C:\Windows\WinSxS\amd64_microsoft-windows-peerdist.resources_31bf3856ad364e35_10.0.26100.1_en-us_0db869749cb195c6\PeerDistCleaner.dll.mui,File005
AAD.Core.winmd,C:\Windows\WinSxS\amd64_microsoft-windows-s..okerplugin.appxmain_31bf3856ad364e35_10.0.26100.7623_none_f76fd3a5859fb469\AAD.Core.winmd,File027
srv.sys.mui,C:\Windows\WinSxS\amd64_microsoft-windows-smbserver-v1.resources_31bf3856ad364e35_10.0.26100.1_en-us_c52a35d9ca1b190b\srv.sys.mui,File024
srvsvc.dll.mui,C:\Windows\WinSxS\amd64_microsoft-windows-smbserver.resources_31bf3856ad364e35_10.0.26100.1_en-us_7dfb0194fc59c309\srvsvc.dll.mui,File160
sscore.dll.mui,C:\Windows\WinSxS\amd64_microsoft-windows-smbserver.resources_31bf3856ad364e35_10.0.26100.1_en-us_7dfb0194fc59c309\sscore.dll.mui,File024
shimgvw.dll.mui,C:\Windows\WinSxS\amd64_microsoft-windows-shimgvw.resources_31bf3856ad364e35_10.0.26100.1_en-us_b2c9fca07183ca6d\shimgvw.dll.mui,File024
ShMig.dll.mui,C:\Windows\WinSxS\amd64_microsoft-windows-shmig.resources_31bf3856ad364e35_10.0.26100.1_en-us_7cd02ac9700ddc6a\ShMig.dll.mui,File160
remotepg.dll.mui,C:\Windows\WinSxS\amd64_microsoft-windows-t..emotepage.resources_31bf3856ad364e35_10.0.26100.1_en-us_b40b3e799a51e7ea\remotepg.dll.mui,File042
TetheringIeProvider.dll.mui,C:\Windows\WinSxS\amd64_microsoft-windows-t..eprovider.resources_31bf3856ad364e35_10.0.26100.1_en-us_2bbfaf94f637928b\TetheringIeProvider.dll.mui,File024
drprov.dll.mui,C:\Windows\WinSxS\amd64_microsoft-windows-t..es-drprov.resources_31bf3856ad364e35_10.0.26100.1_en-us_618f9f668f7334f4\drprov.dll.mui,File024
sessionmsg.exe.mui,C:\Windows\WinSxS\amd64_microsoft-windows-t..essionmsg.resources_31bf3856ad364e35_10.0.26100.1_en-us_d118c5d8bd897afa\sessionmsg.exe.mui,File027
setupcl.exe.mui,C:\Windows\WinSxS\amd64_microsoft-windows-setupcl.resources_31bf3856ad364e35_10.0.26100.1_en-us_974289b24f847ef6\setupcl.exe.mui,File005
sens.dll.mui,C:\Windows\WinSxS\amd64_microsoft-windows-sens-service.resources_31bf3856ad364e35_10.0.26100.1_en-us_12358c608a91d155\sens.dll.mui,File024
sysclass.dll.mui,C:\Windows\WinSxS\amd64_microsoft-windows-sysclass.resources_31bf3856ad364e35_10.0.26100.1_en-us_06ecfb6dd17d05a9\sysclass.dll.mui,File160
SystemPropertiesRemote.exe.mui,C:\Windows\WinSxS\amd64_microsoft-windows-sysdmremote.resources_31bf3856ad364e35_10.0.26100.1_en-us_ad520f30511cb53e\SystemPropertiesRemote.exe.mui,File005
SensorService.dll.mui,C:\Windows\WinSxS\amd64_microsoft-windows-sensors-core.resources_31bf3856ad364e35_10.0.26100.3323_en-us_44025ab65ef132a9\SensorService.dll.mui,File027
SensorsCx.dll.mui,C:\Windows\WinSxS\amd64_microsoft-windows-sensors-core.resources_31bf3856ad364e35_10.0.26100.3323_en-us_44025ab65ef132a9\SensorsCx.dll.mui,File005
ResetEngOnline.dll.mui,C:\Windows\WinSxS\amd64_microsoft-windows-systemreset.resources_31bf3856ad364e35_10.0.26100.7019_en-us_7de8212efa847f7a\ResetEngOnline.dll.mui,File005
ResetEngine.dll.mui,C:\Windows\WinSxS\amd64_microsoft-windows-systemreset.resources_31bf3856ad364e35_10.0.26100.1_en-us_deee6bf8b32add36\ResetEngine.dll.mui,File160
sysreseterr.exe.mui,C:\Windows\WinSxS\amd64_microsoft-windows-systemreset.resources_31bf3856ad364e35_10.0.26100.7019_en-us_7de8212efa847f7a\sysreseterr.exe.mui,File024
SensorService.dll.mui,C:\Windows\WinSxS\amd64_microsoft-windows-sensors-core.resources_31bf3856ad364e35_10.0.26100.1_en-us_a52793e21780b19d\SensorService.dll.mui,File027
ResetEngOnline.dll.mui,C:\Windows\WinSxS\amd64_microsoft-windows-systemreset.resources_31bf3856ad364e35_10.0.26100.1_en-us_deee6bf8b32add36\ResetEngOnline.dll.mui,File005
ResetEngine.dll.mui,C:\Windows\WinSxS\amd64_microsoft-windows-systemreset.resources_31bf3856ad364e35_10.0.26100.7019_en-us_7de8212efa847f7a\ResetEngine.dll.mui,File160
sysreseterr.exe.mui,C:\Windows\WinSxS\amd64_microsoft-windows-systemreset.resources_31bf3856ad364e35_10.0.26100.1_en-us_deee6bf8b32add36\sysreseterr.exe.mui,File024
ResetEngine.dll.mui,C:\Windows\WinSxS\amd64_microsoft-windows-systemreset.resources_31bf3856ad364e35_10.0.26100.5074_en-us_7dee9106fa7e9d11\ResetEngine.dll.mui,File160
ResetEngOnline.dll.mui,C:\Windows\WinSxS\amd64_microsoft-windows-systemreset.resources_31bf3856ad364e35_10.0.26100.5074_en-us_7dee9106fa7e9d11\ResetEngOnline.dll.mui,File005
sysreseterr.exe.mui,C:\Windows\WinSxS\amd64_microsoft-windows-systemreset.resources_31bf3856ad364e35_10.0.26100.5074_en-us_7dee9106fa7e9d11\sysreseterr.exe.mui,File024
SensorsCx.dll.mui,C:\Windows\WinSxS\amd64_microsoft-windows-sensors-core.resources_31bf3856ad364e35_10.0.26100.1_en-us_a52793e21780b19d\SensorsCx.dll.mui,File005
RdpAvenc.dll.mui,C:\Windows\WinSxS\amd64_microsoft-windows-t..-encoders.resources_31bf3856ad364e35_10.0.26100.7019_en-us_77e29f7500072379\RdpAvenc.dll.mui,File027
ptpprov.dll.mui,C:\Windows\WinSxS\amd64_microsoft-windows-t..-provider.resources_31bf3856ad364e35_10.0.26100.1_en-us_eec70481b215edf0\ptpprov.dll.mui,File101
RdpLite.dll.mui,C:\Windows\WinSxS\amd64_microsoft-windows-t..-encoders.resources_31bf3856ad364e35_10.0.26100.7019_en-us_77e29f7500072379\RdpLite.dll.mui,File027
mscandui.dll.mui,C:\Windows\WinSxS\amd64_microsoft-windows-t..-mscandui.resources_31bf3856ad364e35_10.0.26100.1_en-us_18992b5e5307da82\mscandui.dll.mui,File024
wdigest.dll,C:\Windows\WinSxS\amd64_microsoft-windows-security-digest_31bf3856ad364e35_10.0.26100.7309_none_d69938a02cb48b0e\wdigest.dll,File148
SpeechUXWiz.exe.mui,C:\Windows\WinSxS\amd64_microsoft-windows-s..xperience.resources_31bf3856ad364e35_10.0.26100.1_en-us_9c4835981c186ea6\SpeechUXWiz.exe.mui,File005
SpTip.dll.mui,C:\Windows\WinSxS\amd64_microsoft-windows-s..xperience.resources_31bf3856ad364e35_10.0.26100.1_en-us_9c4835981c186ea6\SpTip.dll.mui,File005
AuthBrokerUI.dll.mui,C:\Windows\WinSxS\amd64_microsoft-windows-s..webauthui.resources_31bf3856ad364e35_10.0.26100.1_en-us_8108004c3772a611\AuthBrokerUI.dll.mui,File027
witnesswmiv2provider.dll.mui,C:\Windows\WinSxS\amd64_microsoft-windows-s..vice-apis.resources_31bf3856ad364e35_10.0.26100.1_en-us_355ff8b7373fc12c\witnesswmiv2provider.dll.mui,File027
OneBackupHandler.dll.mui,C:\Windows\WinSxS\amd64_microsoft-windows-s..uphandler.resources_31bf3856ad364e35_10.0.26100.1_en-us_cbfbebd970ab91f4\OneBackupHandler.dll.mui,File160
srumapi.dll.mui,C:\Windows\WinSxS\amd64_microsoft-windows-srumon.resources_31bf3856ad364e35_10.0.26100.1_en-us_ae667007962a3c3e\srumapi.dll.mui,File160
srumsvc.dll.mui,C:\Windows\WinSxS\amd64_microsoft-windows-srumon.resources_31bf3856ad364e35_10.0.26100.1_en-us_ae667007962a3c3e\srumsvc.dll.mui,File160
WSCollect.exe.mui,C:\Windows\WinSxS\amd64_microsoft-windows-s..wscollect.resources_31bf3856ad364e35_10.0.26100.1_en-us_7f21cf16d0afdadd\WSCollect.exe.mui,File024
EditionUpgradeHelper.dll.mui,C:\Windows\WinSxS\amd64_microsoft-windows-s..ty-spp-ux.resources_31bf3856ad364e35_10.0.26100.6899_en-us_9484cfdeaba25909\EditionUpgradeHelper.dll.mui,File024
Microsoft.BitLocker.Structures.dll,C:\Windows\WinSxS\amd64_microsoft-windows-s..tup-tool-powershell_31bf3856ad364e35_10.0.26100.6584_none_e1dc93565747836a\Microsoft.BitLocker.Structures.dll,File101
Microsoft.BitLocker.Structures.dll,C:\Windows\WinSxS\amd64_microsoft-windows-s..tup-tool-powershell_31bf3856ad364e35_10.0.26100.1_none_43117bb40fcc215c\Microsoft.BitLocker.Structures.dll,File101
sppcomapi.dll.mui,C:\Windows\WinSxS\amd64_microsoft-windows-s..ty-spp-ux.resources_31bf3856ad364e35_10.0.26100.6899_en-us_9484cfdeaba25909\sppcomapi.dll.mui,File160
sppcomapi.dll.mui,C:\Windows\WinSxS\amd64_microsoft-windows-s..ty-spp-ux.resources_31bf3856ad364e35_10.0.26100.4202_en-us_94bd4878ab791f9f\sppcomapi.dll.mui,File160
sppcomapi.dll.mui,C:\Windows\WinSxS\amd64_microsoft-windows-s..ty-spp-ux.resources_31bf3856ad364e35_10.0.26100.1_en-us_f5d9999e640f09ac\sppcomapi.dll.mui,File160
StartTileData.dll.mui,C:\Windows\WinSxS\amd64_microsoft-windows-s..ttiledata.resources_31bf3856ad364e35_10.0.26100.3915_en-us_987b5de4e6129367\StartTileData.dll.mui,File027
smbwmiv2.dll.mui,C:\Windows\WinSxS\amd64_microsoft-windows-s..rver-apis.resources_31bf3856ad364e35_10.0.26100.2161_en-us_fb37dead52e77d82\smbwmiv2.dll.mui,File101
tsappcmp.dll.mui,C:\Windows\WinSxS\amd64_microsoft-windows-t..appcompat.resources_31bf3856ad364e35_10.0.26100.1_en-us_dc3dc8de88ac201a\tsappcmp.dll.mui,File027
termmgr.dll.mui,C:\Windows\WinSxS\amd64_microsoft-windows-t..almanager.resources_31bf3856ad364e35_10.0.26100.1_en-us_812ae98e22d6727d\termmgr.dll.mui,File160
tsappcmp.dll.mui,C:\Windows\WinSxS\amd64_microsoft-windows-t..appcompat.resources_31bf3856ad364e35_10.0.26100.7623_en-us_7af82786d034e995\tsappcmp.dll.mui,File027
TelephonyInteractiveUserRes.dll.mui,C:\Windows\WinSxS\amd64_microsoft-windows-t..ctiveuser.resources_31bf3856ad364e35_10.0.26100.1_en-us_6e68e2f2a558c64a\TelephonyInteractiveUserRes.dll.mui,File027
rdpdr.sys.mui,C:\Windows\WinSxS\amd64_microsoft-windows-t..ces-rdpdr.resources_31bf3856ad364e35_10.0.26100.1_en-us_ed4b905f10708143\rdpdr.sys.mui,File024
TSTheme.exe.mui,C:\Windows\WinSxS\amd64_microsoft-windows-t..ces-theme.resources_31bf3856ad364e35_10.0.26100.1_en-us_cef08cf5aa7b2a2c\TSTheme.exe.mui,File005
tzsyncres.dll.mui,C:\Windows\WinSxS\amd64_microsoft-windows-t..e-syncres.resources_31bf3856ad364e35_10.0.26100.1_en-us_1d10f48c1add8c9b\tzsyncres.dll.mui,File160
StartTileData.dll.mui,C:\Windows\WinSxS\amd64_microsoft-windows-s..ttiledata.resources_31bf3856ad364e35_10.0.26100.1_en-us_f9e2a4729e7050ca\StartTileData.dll.mui,File027
rdpclip.exe.mui,C:\Windows\WinSxS\amd64_microsoft-windows-t..direction.resources_31bf3856ad364e35_10.0.26100.1_en-us_74173073a03e8e81\rdpclip.exe.mui,File027
tzsyncres.dll.mui,C:\Windows\WinSxS\amd64_microsoft-windows-t..e-syncres.resources_31bf3856ad364e35_10.0.26100.2161_en-us_bc05880a623a0ab8\tzsyncres.dll.mui,File160
SettingsHandlers_OneCore_BatterySaver.dll.mui,C:\Windows\WinSxS\amd64_microsoft-windows-s..terysaver.resources_31bf3856ad364e35_10.0.26100.7019_en-us_38e279b1c395a6e2\SettingsHandlers_OneCore_BatterySaver.dll.mui,File071
SystemPropertiesProtection.exe.mui,C:\Windows\WinSxS\amd64_microsoft-windows-s..rotection.resources_31bf3856ad364e35_10.0.26100.1_en-us_bc919a71f88e878f\SystemPropertiesProtection.exe.mui,File005
SettingsHandlers_OneCore_BatterySaver.dll.mui,C:\Windows\WinSxS\amd64_microsoft-windows-s..terysaver.resources_31bf3856ad364e35_10.0.26100.5074_en-us_38e8e989c38fc479\SettingsHandlers_OneCore_BatterySaver.dll.mui,File071
RMActivate_isv.exe.mui,C:\Windows\WinSxS\amd64_microsoft-windows-s..tebox-isv.resources_31bf3856ad364e35_10.0.26100.1_en-us_bf42569ddd44b383\RMActivate_isv.exe.mui,File005
SxsMigPlugin.dll.mui,C:\Windows\WinSxS\amd64_microsoft-windows-sxs.resources_31bf3856ad364e35_10.0.26100.1_en-us_eec4d657ee5ade1a\SxsMigPlugin.dll.mui,File005
WinSCard.dll.mui,C:\Windows\WinSxS\amd64_microsoft-windows-s..temclient.resources_31bf3856ad364e35_10.0.26100.1_en-us_cf3226766c2544f9\WinSCard.dll.mui,File027
SCardSvr.dll.mui,C:\Windows\WinSxS\amd64_microsoft-windows-s..subsystem.resources_31bf3856ad364e35_10.0.26100.1_en-us_f0b97a9b86f82804\SCardSvr.dll.mui,File071
svsvc.dll.mui,C:\Windows\WinSxS\amd64_microsoft-windows-svsvc.resources_31bf3856ad364e35_10.0.26100.1_en-us_afbc214fef1b53b9\svsvc.dll.mui,File024
VaultRoaming.dll.mui,C:\Windows\WinSxS\amd64_microsoft-windows-s..t-roaming.resources_31bf3856ad364e35_10.0.26100.1_en-us_3c4f7f1d2bacb1cb\VaultRoaming.dll.mui,File027
sensordataservice.exe.mui,C:\Windows\WinSxS\amd64_microsoft-windows-s..taservice.resources_31bf3856ad364e35_10.0.26100.1_en-us_f34207fbd35acc67\sensordataservice.exe.mui,File024
WinSCard.dll.mui,C:\Windows\WinSxS\amd64_microsoft-windows-s..temclient.resources_31bf3856ad364e35_10.0.26100.3323_en-us_6e0ced4ab395c605\WinSCard.dll.mui,File027
SystemPropertiesDataExecutionPrevention.exe.mui,C:\Windows\WinSxS\amd64_microsoft-windows-s..revention.resources_31bf3856ad364e35_10.0.26100.1_en-us_dc5f60db5f8d0bda\SystemPropertiesDataExecutionPrevention.exe.mui,File024
smss.exe.mui,C:\Windows\WinSxS\amd64_microsoft-windows-smss.resources_31bf3856ad364e35_10.0.26100.1_en-us_e15de0c3c7c19712\smss.exe.mui,File005
sort.exe.mui,C:\Windows\WinSxS\amd64_microsoft-windows-sort.resources_31bf3856ad364e35_10.0.26100.1_en-us_e29d7a5d3002b12a\sort.exe.mui,File042
srloc.dll.mui,C:\Windows\WinSxS\amd64_microsoft-windows-speechengine.resources_31bf3856ad364e35_10.0.26100.1_en-us_15c9c29a3ec0b98c\srloc.dll.mui,File160
fveskybackup.dll,C:\Windows\WinSxS\amd64_microsoft-windows-s..tartup-fveskybackup_31bf3856ad364e35_10.0.26100.7309_none_445f2a30cb858b64\fveskybackup.dll,File148
ubpm.dll.mui,C:\Windows\WinSxS\amd64_microsoft-windows-s..ssmanager.resources_31bf3856ad364e35_10.0.26100.1_en-us_80644401a6892183\ubpm.dll.mui,File024
ubpm.dll.mui,C:\Windows\WinSxS\amd64_microsoft-windows-s..ssmanager.resources_31bf3856ad364e35_10.0.26100.6725_en-us_1f13a347ee1a3d0a\ubpm.dll.mui,File024
AudioHandlers.dll.mui,C:\Windows\WinSxS\amd64_microsoft-windows-s..shandlers.resources_31bf3856ad364e35_10.0.26100.1_en-us_db3794237b5fccd7\AudioHandlers.dll.mui,File024
RMActivate_ssp.exe.mui,C:\Windows\WinSxS\amd64_microsoft-windows-s..serverbox.resources_31bf3856ad364e35_10.0.26100.1_en-us_9a6f428508740c9e\RMActivate_ssp.exe.mui,File005
svchost.exe.mui,C:\Windows\WinSxS\amd64_microsoft-windows-s..s-svchost.resources_31bf3856ad364e35_10.0.26100.1_en-us_4e3c993a10063df5\svchost.exe.mui,File005
refsdedupsvc.exe.mui,C:\Windows\WinSxS\amd64_microsoft-windows-s..sdedupsvc.resources_31bf3856ad364e35_10.0.26100.1_en-us_398216b0027c5104\refsdedupsvc.exe.mui,File042
SettingsHandlers_Devices.dll.mui,C:\Windows\WinSxS\amd64_microsoft-windows-s..s-devices.resources_31bf3856ad364e35_10.0.26100.1_en-us_1cbed20095af30db\SettingsHandlers_Devices.dll.mui,File024
SettingsHandlers_Display.dll.mui,C:\Windows\WinSxS\amd64_microsoft-windows-s..s-display.resources_31bf3856ad364e35_10.0.26100.1_en-us_031e301ac40be982\SettingsHandlers_Display.dll.mui,File027
LicenseManagerSvc.dll.mui,C:\Windows\WinSxS\amd64_microsoft-windows-s..r-service.resources_31bf3856ad364e35_10.0.26100.1_en-us_ba9da5b370d7d846\LicenseManagerSvc.dll.mui,File024
LicenseManagerSvc.dll.mui,C:\Windows\WinSxS\amd64_microsoft-windows-s..r-service.resources_31bf3856ad364e35_10.0.26100.3037_en-us_59998175b82f855a\LicenseManagerSvc.dll.mui,File024
UpgradeResultsUI.exe.mui,C:\Windows\WinSxS\amd64_microsoft-windows-s..pp-ux-dlg.resources_31bf3856ad364e35_10.0.26100.1_en-us_24005a1cc9d8e1be\UpgradeResultsUI.exe.mui,File027
bdesvc.dll.mui,C:\Windows\WinSxS\amd64_microsoft-windows-s..p-service.resources_31bf3856ad364e35_10.0.26100.6725_en-us_908beb8fac86c199\bdesvc.dll.mui,File160
fveui.dll.mui,C:\Windows\WinSxS\amd64_microsoft-windows-s..p-ui-libs.resources_31bf3856ad364e35_10.0.26100.1_en-us_ccd99822d25e05ba\fveui.dll.mui,File024
bdesvc.dll.mui,C:\Windows\WinSxS\amd64_microsoft-windows-s..p-service.resources_31bf3856ad364e35_10.0.26100.1_en-us_f1dc8c4964f5a612\bdesvc.dll.mui,File160
SettingsHandlers_StorageSense.dll.mui,C:\Windows\WinSxS\amd64_microsoft-windows-s..ragesense.resources_31bf3856ad364e35_10.0.26100.1_en-us_f917f51f8e451379\SettingsHandlers_StorageSense.dll.mui,File160
snmptrap.exe.mui,C:\Windows\WinSxS\amd64_microsoft-windows-s..p-service.resources_31bf3856ad364e35_10.0.26100.1_en-us_4f8013d60e19ee80\snmptrap.exe.mui,File005
fveui.dll.mui,C:\Windows\WinSxS\amd64_microsoft-windows-s..p-ui-libs.resources_31bf3856ad364e35_10.0.26100.6725_en-us_6b88f76919ef2141\fveui.dll.mui,File024
sechost.dll.mui,C:\Windows\WinSxS\amd64_microsoft-windows-sechost.resources_31bf3856ad364e35_10.0.26100.1_en-us_da160a4397af0ecb\sechost.dll.mui,File005
cscript.exe.mui,C:\Windows\WinSxS\amd64_microsoft-windows-scripting.resources_31bf3856ad364e35_10.0.26100.4768_en-us_26d361ba078e1499\cscript.exe.mui,File071
scrnsave.scr.mui,C:\Windows\WinSxS\amd64_microsoft-windows-scrnsave.resources_31bf3856ad364e35_10.0.26100.1_en-us_460b5ce05009a42d\scrnsave.scr.mui,File024
wscript.exe.mui,C:\Windows\WinSxS\amd64_microsoft-windows-scripting.resources_31bf3856ad364e35_10.0.26100.4768_en-us_26d361ba078e1499\wscript.exe.mui,File001
fingerprintcredential.dll.mui,C:\Windows\WinSxS\amd64_microsoft-windows-s..redential.resources_31bf3856ad364e35_10.0.26100.3037_en-us_737365f1dcba7c70\fingerprintcredential.dll.mui,File071
cscript.exe.mui,C:\Windows\WinSxS\amd64_microsoft-windows-scripting.resources_31bf3856ad364e35_10.0.26100.1_en-us_8820496fc0004121\cscript.exe.mui,File071
NetworkDesktopSettings.dll.mui,C:\Windows\WinSxS\amd64_microsoft-windows-s..phandlers.resources_31bf3856ad364e35_10.0.26100.1_en-us_f1287cbfff1f57d4\NetworkDesktopSettings.dll.mui,File024
SystemSettingsRemoveDevice.exe.mui,C:\Windows\WinSxS\amd64_microsoft-windows-s..ovedevice.resources_31bf3856ad364e35_10.0.26100.1_en-us_bdbf58436142c2f5\SystemSettingsRemoveDevice.exe.mui,File024
SHCore.dll.mui,C:\Windows\WinSxS\amd64_microsoft-windows-shcore.resources_31bf3856ad364e35_10.0.26100.1_en-us_cece7c2a1713d16c\SHCore.dll.mui,File024
winbioext.dll.mui,C:\Windows\WinSxS\amd64_microsoft-windows-winbioext.resources_31bf3856ad364e35_10.0.26100.1_en-us_69ae63161576b8ad\winbioext.dll.mui,File005
wincredui.dll.mui,C:\Windows\WinSxS\amd64_microsoft-windows-wincredui.resources_31bf3856ad364e35_10.0.26100.1_en-us_a8e4eaf269609724\wincredui.dll.mui,File042
wincredui.dll.mui,C:\Windows\WinSxS\amd64_microsoft-windows-wincredui.resources_31bf3856ad364e35_10.0.26100.7628_en-us_479ed7b2b0e9e0c4\wincredui.dll.mui,File042
wbemcore.dll.mui,C:\Windows\WinSxS\amd64_microsoft-windows-w..mcore-dll.resources_31bf3856ad364e35_10.0.26100.1_en-us_d4b386709268a8b9\wbemcore.dll.mui,File027
WaaSMedicSvcImpl.dll.mui,C:\Windows\WinSxS\amd64_microsoft-windows-waasmedic.resources_31bf3856ad364e35_10.0.26100.1_en-us_d8bb4594554641aa\WaaSMedicSvcImpl.dll.mui,File027
wmiprop.dll.mui,C:\Windows\WinSxS\amd64_microsoft-windows-w..eprovider.resources_31bf3856ad364e35_10.0.26100.1_en-us_6041960979404e3f\wmiprop.dll.mui,File027
wuapi.dll.mui,C:\Windows\WinSxS\amd64_microsoft-windows-w..lient-aux.resources_31bf3856ad364e35_10.0.26100.5074_en-us_4a77f78d08bb3c5d\wuapi.dll.mui,File027
wiarpc.dll.mui,C:\Windows\WinSxS\amd64_microsoft-windows-w..eservices.resources_31bf3856ad364e35_10.0.26100.1_en-us_d64b3cbf22b2a8d1\wiarpc.dll.mui,File024
wuaueng.dll.mui,C:\Windows\WinSxS\amd64_microsoft-windows-w..ient-core.resources_31bf3856ad364e35_10.0.26100.7309_en-us_a022b7f88e32a03d\wuaueng.dll.mui,File071
reagent.dll.mui,C:\Windows\WinSxS\amd64_microsoft-windows-w..veryagent.resources_31bf3856ad364e35_10.0.26100.1_en-us_af225b1905410d2c\reagent.dll.mui,File001
WWAHost.exe.mui,C:\Windows\WinSxS\amd64_microsoft-windows-web-app-host.resources_31bf3856ad364e35_10.0.26100.1_zh-tw_f8c3d90fb4446741\WWAHost.exe.mui,File071
WpdBusEnum.dll.mui,C:\Windows\WinSxS\amd64_microsoft-windows-w..umservice.resources_31bf3856ad364e35_10.0.26100.1_en-us_691eb82f4a39a8d0\WpdBusEnum.dll.mui,File024
sfc.exe.mui,C:\Windows\WinSxS\amd64_microsoft-windows-w..ty-client.resources_31bf3856ad364e35_10.0.26100.7019_en-us_b26ec50683764461\sfc.exe.mui,File042
wuapi.dll.mui,C:\Windows\WinSxS\amd64_microsoft-windows-w..lient-aux.resources_31bf3856ad364e35_10.0.26100.7309_en-us_4a5017a708da5942\wuapi.dll.mui,File027
cewmdm.dll.mui,C:\Windows\WinSxS\amd64_microsoft-windows-w..ywmdmcesp.resources_31bf3856ad364e35_10.0.26100.1_en-us_3f0df696bcb19c7f\cewmdm.dll.mui,File027
sfc.exe.mui,C:\Windows\WinSxS\amd64_microsoft-windows-w..ty-client.resources_31bf3856ad364e35_10.0.26100.4946_en-us_b210b53e83bc4787\sfc.exe.mui,File042
reagent.dll.mui,C:\Windows\WinSxS\amd64_microsoft-windows-w..veryagent.resources_31bf3856ad364e35_10.0.26100.3323_en-us_4dfd21ed4cb18e38\reagent.dll.mui,File001
waitfor.exe.mui,C:\Windows\WinSxS\amd64_microsoft-windows-waitfor.resources_31bf3856ad364e35_10.0.26100.1_en-us_2a62edd0680a286c\waitfor.exe.mui,File042
wsock32.dll.mui,C:\Windows\WinSxS\amd64_microsoft-windows-w..ck-legacy.resources_31bf3856ad364e35_10.0.26100.1_en-us_48af640c02989194\wsock32.dll.mui,File042
fphc.dll.mui,C:\Windows\WinSxS\amd64_microsoft-windows-w..erclasses.resources_31bf3856ad364e35_10.0.26100.1_en-us_a982d141aebf35e7\fphc.dll.mui,File042
WPDShextAutoplay.exe.mui,C:\Windows\WinSxS\amd64_microsoft-windows-w..extension.resources_31bf3856ad364e35_10.0.26100.1_en-us_484814aac478d511\WPDShextAutoplay.exe.mui,File005
wuauengcore.dll.mui,C:\Windows\WinSxS\amd64_microsoft-windows-w..ient-core.resources_31bf3856ad364e35_10.0.26100.7705_en-us_9ff7d3688e52a97d\wuauengcore.dll.mui,File042
wdf01000.sys.mui,C:\Windows\WinSxS\amd64_microsoft-windows-w..ellibrary.resources_31bf3856ad364e35_10.0.26100.3323_en-us_b954e4a4ab3f8e10\wdf01000.sys.mui,File027
wiaservc.dll.mui,C:\Windows\WinSxS\amd64_microsoft-windows-w..eservices.resources_31bf3856ad364e35_10.0.26100.1_en-us_d64b3cbf22b2a8d1\wiaservc.dll.mui,File024
wdf01000.sys.mui,C:\Windows\WinSxS\amd64_microsoft-windows-w..ellibrary.resources_31bf3856ad364e35_10.0.26100.1_en-us_1a7a1dd063cf0d04\wdf01000.sys.mui,File027
windowsudkservices.shellcommon.dll.mui,C:\Windows\WinSxS\amd64_microsoft-windows-w..ellcommon.resources_31bf3856ad364e35_10.0.26100.3323_en-us_f5fef2d6b70938e5\windowsudkservices.shellcommon.dll.mui,File024
windowsudkservices.shellcommon.dll.mui,C:\Windows\WinSxS\amd64_microsoft-windows-w..ellcommon.resources_31bf3856ad364e35_10.0.26100.1_en-us_57242c026f98b7d9\windowsudkservices.shellcommon.dll.mui,File024
wuauengcore.dll.mui,C:\Windows\WinSxS\amd64_microsoft-windows-w..ient-core.resources_31bf3856ad364e35_10.0.26100.7309_en-us_a022b7f88e32a03d\wuauengcore.dll.mui,File042
wuapi.dll.mui,C:\Windows\WinSxS\amd64_microsoft-windows-w..lient-aux.resources_31bf3856ad364e35_10.0.26100.7705_en-us_4a25331708fa6282\wuapi.dll.mui,File027
MMFUtil.dll.mui,C:\Windows\WinSxS\amd64_microsoft-windows-w..t-snapins.resources_31bf3856ad364e35_10.0.26100.1_en-us_d5d46b00b19050a2\MMFUtil.dll.mui,File160
wuauengcore.dll.mui,C:\Windows\WinSxS\amd64_microsoft-windows-w..ient-core.resources_31bf3856ad364e35_10.0.26100.5074_en-us_a04a97de8e138358\wuauengcore.dll.mui,File042
wuaueng.dll.mui,C:\Windows\WinSxS\amd64_microsoft-windows-w..ient-core.resources_31bf3856ad364e35_10.0.26100.7705_en-us_9ff7d3688e52a97d\wuaueng.dll.mui,File071
sfc.exe.mui,C:\Windows\WinSxS\amd64_microsoft-windows-w..ty-client.resources_31bf3856ad364e35_10.0.26100.1_en-us_13750fd03c1ca21d\sfc.exe.mui,File042
wuaueng.dll.mui,C:\Windows\WinSxS\amd64_microsoft-windows-w..ient-core.resources_31bf3856ad364e35_10.0.26100.5074_en-us_a04a97de8e138358\wuaueng.dll.mui,File071
wlanext.exe.mui,C:\Windows\WinSxS\amd64_microsoft-windows-w..extension.resources_31bf3856ad364e35_10.0.26100.1_en-us_3b6819fbe8bdbb5c\wlanext.exe.mui,File005
mswsock.dll.mui,C:\Windows\WinSxS\amd64_microsoft-windows-w..cture-bsp.resources_31bf3856ad364e35_10.0.26100.1_en-us_cad4e4e5cc425932\mswsock.dll.mui,File071
wiaacmgr.exe.mui,C:\Windows\WinSxS\amd64_microsoft-windows-w..omponents.resources_31bf3856ad364e35_10.0.26100.1_en-us_3255a0c35f27e448\wiaacmgr.exe.mui,File001
WWAHost.exe.mui,C:\Windows\WinSxS\amd64_microsoft-windows-web-app-host.resources_31bf3856ad364e35_10.0.26100.1_zh-cn_f4c79bb9b6d38ad1\WWAHost.exe.mui,File071
ws2ifsl.sys.mui,C:\Windows\WinSxS\amd64_microsoft-windows-w..e-ws2ifsl.resources_31bf3856ad364e35_10.0.26100.1_en-us_26a8fcd7374bfc5b\ws2ifsl.sys.mui,File005
wlrmdr.exe.mui,C:\Windows\WinSxS\amd64_microsoft-windows-w..gon-tools.resources_31bf3856ad364e35_10.0.26100.1_en-us_12a038f1fa40c367\wlrmdr.exe.mui,File005
scrcons.exe.mui,C:\Windows\WinSxS\amd64_microsoft-windows-w..consumers.resources_31bf3856ad364e35_10.0.26100.1_en-us_5d0e2df387a86d5d\scrcons.exe.mui,File005
Windows.UI.Input.Inking.dll.mui,C:\Windows\WinSxS\amd64_microsoft-windows-w..putinking.resources_31bf3856ad364e35_10.0.26100.1_en-us_aaab52ea4ef874b6\Windows.UI.Input.Inking.dll.mui,File024
wsp_sr.dll.mui,C:\Windows\WinSxS\amd64_microsoft-windows-w..plication.resources_31bf3856ad364e35_10.0.26100.1_en-us_a8c9a7c31e14e32d\wsp_sr.dll.mui,File005
WiFiTask.exe.mui,C:\Windows\WinSxS\amd64_microsoft-windows-w..rkmanager.resources_31bf3856ad364e35_10.0.26100.1_en-us_73dd2dcad033628a\WiFiTask.exe.mui,File024
wship6.dll.mui,C:\Windows\WinSxS\amd64_microsoft-windows-w..per-tcpip.resources_31bf3856ad364e35_10.0.26100.1_en-us_6021ae08079934d4\wship6.dll.mui,File005
wshtcpip.dll.mui,C:\Windows\WinSxS\amd64_microsoft-windows-w..per-tcpip.resources_31bf3856ad364e35_10.0.26100.1_en-us_6021ae08079934d4\wshtcpip.dll.mui,File005
WWAApi.dll.mui,C:\Windows\WinSxS\amd64_microsoft-windows-w..-host-api.resources_31bf3856ad364e35_10.0.26100.1_en-us_c311ba4dc1637d3e\WWAApi.dll.mui,File027
ntevt.dll.mui,C:\Windows\WinSxS\amd64_microsoft-windows-w..-provider.resources_31bf3856ad364e35_10.0.26100.1_en-us_db5d4e848d7f1be0\ntevt.dll.mui,File005
wptaskscheduler.dll.mui,C:\Windows\WinSxS\amd64_microsoft-windows-w..scheduler.resources_31bf3856ad364e35_10.0.26100.1_en-us_498f7bd2253c4201\wptaskscheduler.dll.mui,File005
WMPMediaSharing.dll.mui,C:\Windows\WinSxS\amd64_microsoft-windows-w..publicapi.resources_31bf3856ad364e35_10.0.26100.1_en-us_72c9c78c7bdcdc8c\WMPMediaSharing.dll.mui,File024
KrnlProv.dll.mui,C:\Windows\WinSxS\amd64_microsoft-windows-w..-provider.resources_31bf3856ad364e35_10.0.26100.1_en-us_bf7ab48fe4bd466e\KrnlProv.dll.mui,File005
webclnt.dll.mui,C:\Windows\WinSxS\amd64_microsoft-windows-w..r-webclnt.resources_31bf3856ad364e35_10.0.26100.1_en-us_3c5e9cef392af10d\webclnt.dll.mui,File027
wiadss.dll.mui,C:\Windows\WinSxS\amd64_microsoft-windows-w..aincompat.resources_31bf3856ad364e35_10.0.26100.1_en-us_4ed0ae8e72787cbe\wiadss.dll.mui,File024
msvidc32.dll.mui,C:\Windows\WinSxS\amd64_microsoft-windows-v..r-windows.resources_31bf3856ad364e35_10.0.26100.1_en-us_165397fe5d4de8f1\msvidc32.dll.mui,File027
avifil32.dll.mui,C:\Windows\WinSxS\amd64_microsoft-windows-v..r-windows.resources_31bf3856ad364e35_10.0.26100.1_en-us_165397fe5d4de8f1\avifil32.dll.mui,File160
swprv.dll.mui,C:\Windows\WinSxS\amd64_microsoft-windows-v..mprovider.resources_31bf3856ad364e35_10.0.26100.1_en-us_5c602569fbc089fe\swprv.dll.mui,File024
vdsvd.dll.mui,C:\Windows\WinSxS\amd64_microsoft-windows-v..kprovider.resources_31bf3856ad364e35_10.0.26100.1_en-us_2e2c0c7f8b25d665\vdsvd.dll.mui,File005
UpdatePolicy.dll.mui,C:\Windows\WinSxS\amd64_microsoft-windows-updatepolicy.resources_31bf3856ad364e35_10.0.26100.7705_en-us_934ca2a535e25843\UpdatePolicy.dll.mui,File024
UpdatePolicy.dll.mui,C:\Windows\WinSxS\amd64_microsoft-windows-updatepolicy.resources_31bf3856ad364e35_10.0.26100.5074_en-us_939f671b35a3321e\UpdatePolicy.dll.mui,File024
usbceip.dll.mui,C:\Windows\WinSxS\amd64_microsoft-windows-usbceip.resources_31bf3856ad364e35_10.0.26100.1_en-us_98daa71b82e258cf\usbceip.dll.mui,File027
UpdatePolicy.dll.mui,C:\Windows\WinSxS\amd64_microsoft-windows-updatepolicy.resources_31bf3856ad364e35_10.0.26100.7309_en-us_9377873535c24f03\UpdatePolicy.dll.mui,File024
ssdpsrv.dll.mui,C:\Windows\WinSxS\amd64_microsoft-windows-upnpssdp.resources_31bf3856ad364e35_10.0.26100.1_en-us_9ccaf6cf87b7040d\ssdpsrv.dll.mui,File027
usosvc.dll.mui,C:\Windows\WinSxS\amd64_microsoft-windows-u..ratorcore.resources_31bf3856ad364e35_10.0.26100.1_en-us_53c015de40c9a4e7\usosvc.dll.mui,File027
PasswordOnWakeSettingFlyout.exe.mui,C:\Windows\WinSxS\amd64_microsoft-windows-u..ingflyout.resources_31bf3856ad364e35_10.0.26100.1_en-us_dbedcb64ba9161f0\PasswordOnWakeSettingFlyout.exe.mui,File024
UserDeviceRegistration.Ngc.dll.mui,C:\Windows\WinSxS\amd64_microsoft-windows-u..istration.resources_31bf3856ad364e35_10.0.26100.7705_en-us_ff6325872afbac2c\UserDeviceRegistration.Ngc.dll.mui,File024
CallHistoryClient.dll.mui,C:\Windows\WinSxS\amd64_microsoft-windows-u..oryclient.resources_31bf3856ad364e35_10.0.26100.1_en-us_be924d2f31b46ae3\CallHistoryClient.dll.mui,File027
UserDeviceRegistration.Ngc.dll.mui,C:\Windows\WinSxS\amd64_microsoft-windows-u..istration.resources_31bf3856ad364e35_10.0.26100.1_en-us_60b5c4eee368c62c\UserDeviceRegistration.Ngc.dll.mui,File024
uicom.dll.mui,C:\Windows\WinSxS\amd64_microsoft-windows-u..em-config.resources_31bf3856ad364e35_10.0.26100.1_en-us_8eb4d54e3331bb5f\uicom.dll.mui,File005
dsregcmd.exe.mui,C:\Windows\WinSxS\amd64_microsoft-windows-u..istration.resources_31bf3856ad364e35_10.0.26100.1_en-us_60b5c4eee368c62c\dsregcmd.exe.mui,File024
UserDeviceRegistration.dll.mui,C:\Windows\WinSxS\amd64_microsoft-windows-u..istration.resources_31bf3856ad364e35_10.0.26100.7705_en-us_ff6325872afbac2c\UserDeviceRegistration.dll.mui,File024
UserDeviceRegistration.Ngc.dll.mui,C:\Windows\WinSxS\amd64_microsoft-windows-u..istration.resources_31bf3856ad364e35_10.0.26100.3915_en-us_ff4e7e612b0b08c9\UserDeviceRegistration.Ngc.dll.mui,File024
UserDeviceRegistration.dll.mui,C:\Windows\WinSxS\amd64_microsoft-windows-u..istration.resources_31bf3856ad364e35_10.0.26100.1_en-us_60b5c4eee368c62c\UserDeviceRegistration.dll.mui,File024
UserAccountControlSettings.dll.mui,C:\Windows\WinSxS\amd64_microsoft-windows-u..lsettings.resources_31bf3856ad364e35_10.0.26100.4202_en-us_dbc5ff870360c9c9\UserAccountControlSettings.dll.mui,File001
dsregtask.dll.mui,C:\Windows\WinSxS\amd64_microsoft-windows-u..istration.resources_31bf3856ad364e35_10.0.26100.1_en-us_60b5c4eee368c62c\dsregtask.dll.mui,File005
dsregtask.dll.mui,C:\Windows\WinSxS\amd64_microsoft-windows-u..istration.resources_31bf3856ad364e35_10.0.26100.3915_en-us_ff4e7e612b0b08c9\dsregtask.dll.mui,File024
wuauengcore.dll.mui,C:\Windows\WinSxS\amd64_microsoft-windows-u..e-preview.resources_31bf3856ad364e35_10.0.26100.7309_en-us_b58ee9a4471356ea\wuauengcore.dll.mui,File042
dsregcmd.exe.mui,C:\Windows\WinSxS\amd64_microsoft-windows-u..istration.resources_31bf3856ad364e35_10.0.26100.3915_en-us_ff4e7e612b0b08c9\dsregcmd.exe.mui,File024
wuauengcore.dll.mui,C:\Windows\WinSxS\amd64_microsoft-windows-u..e-preview.resources_31bf3856ad364e35_10.0.26100.7705_en-us_b56405144733602a\wuauengcore.dll.mui,File042
dsregcmd.exe.mui,C:\Windows\WinSxS\amd64_microsoft-windows-u..istration.resources_31bf3856ad364e35_10.0.26100.7705_en-us_ff6325872afbac2c\dsregcmd.exe.mui,File024
UserDeviceRegistration.dll.mui,C:\Windows\WinSxS\amd64_microsoft-windows-u..istration.resources_31bf3856ad364e35_10.0.26100.3915_en-us_ff4e7e612b0b08c9\UserDeviceRegistration.dll.mui,File024
dsregtask.dll.mui,C:\Windows\WinSxS\amd64_microsoft-windows-u..istration.resources_31bf3856ad364e35_10.0.26100.7705_en-us_ff6325872afbac2c\dsregtask.dll.mui,File024
wuauengcore.dll.mui,C:\Windows\WinSxS\amd64_microsoft-windows-u..e-preview.resources_31bf3856ad364e35_10.0.26100.5074_en-us_b5b6c98a46f43a05\wuauengcore.dll.mui,File042
updatepolicycore.dll.mui,C:\Windows\WinSxS\amd64_microsoft-windows-u..e-preview.resources_31bf3856ad364e35_10.0.26100.7705_en-us_52fb89a42efb5980\updatepolicycore.dll.mui,File001
themeui.dll.mui,C:\Windows\WinSxS\amd64_microsoft-windows-themeui.resources_31bf3856ad364e35_10.0.26100.1_en-us_9ae7cd4bd63ba15f\themeui.dll.mui,File042
TpmTool.exe.mui,C:\Windows\WinSxS\amd64_microsoft-windows-tpm-tool.resources_31bf3856ad364e35_10.0.26100.1_en-us_c5c2f7058d503e8c\TpmTool.exe.mui,File001
TpmTasks.dll.mui,C:\Windows\WinSxS\amd64_microsoft-windows-tpm-tasks.resources_31bf3856ad364e35_10.0.26100.1_en-us_fb39900ef72e61fa\TpmTasks.dll.mui,File027
themeservice.dll.mui,C:\Windows\WinSxS\amd64_microsoft-windows-themeservice.resources_31bf3856ad364e35_10.0.26100.1_en-us_5e5bf64d5b3ca824\themeservice.dll.mui,File005
TetheringMgr.dll.mui,C:\Windows\WinSxS\amd64_microsoft-windows-tetheringmgr.resources_31bf3856ad364e35_10.0.26100.1_en-us_375df7ac5c14fcb8\TetheringMgr.dll.mui,File024
trkwks.dll.mui,C:\Windows\WinSxS\amd64_microsoft-windows-trkwks.resources_31bf3856ad364e35_10.0.26100.1_en-us_e292e3adeb0bf4c0\trkwks.dll.mui,File024
TimeBrokerServer.dll.mui,C:\Windows\WinSxS\amd64_microsoft-windows-timebroker.resources_31bf3856ad364e35_10.0.26100.1_en-us_176c0976ea2d675e\TimeBrokerServer.dll.mui,File160
netiougc.exe.mui,C:\Windows\WinSxS\amd64_microsoft-windows-tcpip.resources_31bf3856ad364e35_10.0.26100.1_en-us_c93621b935b09922\netiougc.exe.mui,File005
modem.sys.mui,C:\Windows\WinSxS\amd64_microsoft-windows-u..assdriver.resources_31bf3856ad364e35_10.0.26100.1_en-us_86ea3a73f5346801\modem.sys.mui,File160
serwvdrv.dll.mui,C:\Windows\WinSxS\amd64_microsoft-windows-u..dem-voice.resources_31bf3856ad364e35_10.0.26100.1_en-us_eaec4a061d3c9bbf\serwvdrv.dll.mui,File024
AggregatorHost.exe,C:\Windows\WinSxS\amd64_microsoft-windows-u..-client-aggregators_31bf3856ad364e35_10.0.26100.7824_none_103051d8a53fc7d6\AggregatorHost.exe,File148
AggregatorHost.exe,C:\Windows\WinSxS\amd64_microsoft-windows-u..-client-aggregators_31bf3856ad364e35_10.0.26100.7309_none_1063eef8a5198998\AggregatorHost.exe,File148
AggregatorHost.exe,C:\Windows\WinSxS\amd64_microsoft-windows-u..-client-aggregators_31bf3856ad364e35_10.0.26100.5074_none_108bcedea4fa6cb3\AggregatorHost.exe,File148
TabSvc.dll,C:\Windows\WinSxS\amd64_microsoft-windows-t..platform-input-core_31bf3856ad364e35_10.0.26100.7705_none_6cb155718ced6683\TabSvc.dll,File148
PhoneUtilRes.dll.mui,C:\Windows\WinSxS\amd64_microsoft-windows-t..phoneutil.resources_31bf3856ad364e35_10.0.26100.1_en-us_34734bfb1a21192d\PhoneUtilRes.dll.mui,File027
rtscom.dll.mui,C:\Windows\WinSxS\amd64_microsoft-windows-t..pulations.resources_31bf3856ad364e35_10.0.26100.1_en-us_27493b69209963e6\rtscom.dll.mui,File024
route.exe.mui,C:\Windows\WinSxS\amd64_microsoft-windows-t..p-utility.resources_31bf3856ad364e35_10.0.26100.7705_en-us_900b39354f171a55\route.exe.mui,File101
userinitext.dll.mui,C:\Windows\WinSxS\amd64_microsoft-windows-userinitext.resources_31bf3856ad364e35_10.0.26100.1_en-us_dbf7554e6d8c83de\userinitext.dll.mui,File027
nsisvc.dll.mui,C:\Windows\WinSxS\amd64_microsoft-windows-usermodensi.resources_31bf3856ad364e35_10.0.26100.1_en-us_3944be89485fcd02\nsisvc.dll.mui,File024
Utilman.exe,C:\Windows\WinSxS\amd64_microsoft-windows-utilman_31bf3856ad364e35_10.0.26100.5074_none_9e9d7d5de11da932\Utilman.exe,File148
profext.dll.mui,C:\Windows\WinSxS\amd64_microsoft-windows-userenvext.resources_31bf3856ad364e35_10.0.26100.1_en-us_dd68a7e2e7743d85\profext.dll.mui,File027
userinit.exe.mui,C:\Windows\WinSxS\amd64_microsoft-windows-userinit.resources_31bf3856ad364e35_10.0.26100.1_en-us_8ce44e8c3adf2d4b\userinit.exe.mui,File027
finger.exe.mui,C:\Windows\WinSxS\amd64_microsoft-windows-t..p-utility.resources_31bf3856ad364e35_10.0.26100.1_en-us_f15dd89d07843455\finger.exe.mui,File160
hostname.exe.mui,C:\Windows\WinSxS\amd64_microsoft-windows-t..p-utility.resources_31bf3856ad364e35_10.0.26100.7705_en-us_900b39354f171a55\hostname.exe.mui,File024
route.exe.mui,C:\Windows\WinSxS\amd64_microsoft-windows-t..p-utility.resources_31bf3856ad364e35_10.0.26100.1_en-us_f15dd89d07843455\route.exe.mui,File101
hostname.exe.mui,C:\Windows\WinSxS\amd64_microsoft-windows-t..p-utility.resources_31bf3856ad364e35_10.0.26100.5074_en-us_905dfdab4ed7f430\hostname.exe.mui,File024
finger.exe.mui,C:\Windows\WinSxS\amd64_microsoft-windows-t..p-utility.resources_31bf3856ad364e35_10.0.26100.5074_en-us_905dfdab4ed7f430\finger.exe.mui,File160
hostname.exe.mui,C:\Windows\WinSxS\amd64_microsoft-windows-t..p-utility.resources_31bf3856ad364e35_10.0.26100.1_en-us_f15dd89d07843455\hostname.exe.mui,File024
Taskbar.dll.mui,C:\Windows\WinSxS\amd64_microsoft-windows-taskbar-dll.resources_31bf3856ad364e35_10.0.26100.1_en-us_2207bfdf63b55b1f\Taskbar.dll.mui,File101
tapi32.dll.mui,C:\Windows\WinSxS\amd64_microsoft-windows-tapi2xclient.resources_31bf3856ad364e35_10.0.26100.1591_en-us_84ce7774a585999c\tapi32.dll.mui,File005
g711codc.ax.mui,C:\Windows\WinSxS\amd64_microsoft-windows-tapi3.resources_31bf3856ad364e35_10.0.26100.1_en-us_bad080cc08002763\g711codc.ax.mui,File024
telephon.cpl.mui,C:\Windows\WinSxS\amd64_microsoft-windows-tapicore.resources_31bf3856ad364e35_10.0.26100.1_en-us_f6dbcb92c494ea9f\telephon.cpl.mui,File005
wavemsp.dll.mui,C:\Windows\WinSxS\amd64_microsoft-windows-tapi3.resources_31bf3856ad364e35_10.0.26100.1_en-us_bad080cc08002763\wavemsp.dll.mui,File005
tapi3.dll.mui,C:\Windows\WinSxS\amd64_microsoft-windows-tapi3.resources_31bf3856ad364e35_10.0.26100.1_en-us_bad080cc08002763\tapi3.dll.mui,File071
WiFiDisplay.dll.mui,C:\Windows\WinSxS\amd64_microsoft-windows-wifidisplay.resources_31bf3856ad364e35_10.0.26100.1_en-us_0e006fb6e8113a85\WiFiDisplay.dll.mui,File027
WFDSConMgrSvc.dll.mui,C:\Windows\WinSxS\amd64_microsoft-windows-wfdsconmgr.resources_31bf3856ad364e35_10.0.26100.1_en-us_9602ae0ee7abd62e\WFDSConMgrSvc.dll.mui,File024
wephostsvc.dll.mui,C:\Windows\WinSxS\amd64_microsoft-windows-wephostsvc.resources_31bf3856ad364e35_10.0.26100.1_en-us_09b8e639ec5be4c4\wephostsvc.dll.mui,File160
sessenv.dll.mui,C:\Windows\WinSxS\amd64_microsoft-windows-t..nvservice.resources_31bf3856ad364e35_10.0.26100.1_en-us_13e5ed846cb4eb3b\sessenv.dll.mui,File027
TabSvc.dll.mui,C:\Windows\WinSxS\amd64_microsoft-windows-t..nput-core.resources_31bf3856ad364e35_10.0.26100.1_en-us_b75e60d3f0582696\TabSvc.dll.mui,File024
thumbcache.dll.mui,C:\Windows\WinSxS\amd64_microsoft-windows-t..nailcache.resources_31bf3856ad364e35_10.0.26100.1_en-us_d76e41548c36048a\thumbcache.dll.mui,File024
Wisp.dll.mui,C:\Windows\WinSxS\amd64_microsoft-windows-t..nput-wisp.resources_31bf3856ad364e35_10.0.26100.1_en-us_6dcdb5676f80295a\Wisp.dll.mui,File024
tipresx.dll.mui,C:\Windows\WinSxS\amd64_microsoft-windows-t..languages.resources_31bf3856ad364e35_10.0.26100.1_ta-in_3cecac5a98cd2e4b\tipresx.dll.mui,File001
tipresx.dll.mui,C:\Windows\WinSxS\amd64_microsoft-windows-t..languages.resources_31bf3856ad364e35_10.0.26100.1_pt-pt_b24eb94ecd6d9adb\tipresx.dll.mui,File001
tipresx.dll.mui,C:\Windows\WinSxS\amd64_microsoft-windows-t..languages.resources_31bf3856ad364e35_10.0.26100.1_ro-ro_f6897f86b3d46637\tipresx.dll.mui,File001
tpmcompc.dll.mui,C:\Windows\WinSxS\amd64_microsoft-windows-t..minsnapin.resources_31bf3856ad364e35_10.0.26100.1_en-us_052967aa0001ed50\tpmcompc.dll.mui,File027
rdvvmtransport.dll.mui,C:\Windows\WinSxS\amd64_microsoft-windows-t..nvservice.resources_31bf3856ad364e35_10.0.26100.1_en-us_13e5ed846cb4eb3b\rdvvmtransport.dll.mui,File005
tipresx.dll.mui,C:\Windows\WinSxS\amd64_microsoft-windows-t..languages.resources_31bf3856ad364e35_10.0.26100.1_el-gr_af760af861818a29\tipresx.dll.mui,File001
TetheringStation.dll.mui,C:\Windows\WinSxS\amd64_microsoft-windows-t..ngstation.resources_31bf3856ad364e35_10.0.26100.1_en-us_f85cf53bdcbbfbcc\TetheringStation.dll.mui,File024
tipresx.dll.mui,C:\Windows\WinSxS\amd64_microsoft-windows-t..languages.resources_31bf3856ad364e35_10.0.26100.1_km-kh_7db1305613ca8eae\tipresx.dll.mui,File001
tipresx.dll.mui,C:\Windows\WinSxS\amd64_microsoft-windows-t..languages.resources_31bf3856ad364e35_10.0.26100.1_bg-bg_c170f1678cc7f4d7\tipresx.dll.mui,File001
TabTip.exe.mui,C:\Windows\WinSxS\amd64_microsoft-windows-t..nputpanel.resources_31bf3856ad364e35_10.0.26100.1_en-us_fa08a1c4056daba2\TabTip.exe.mui,File005
tipresx.dll.mui,C:\Windows\WinSxS\amd64_microsoft-windows-t..languages.resources_31bf3856ad364e35_10.0.26100.1_et-ee_a95bdbd26576fb94\tipresx.dll.mui,File001
tsprof.exe.mui,C:\Windows\WinSxS\amd64_microsoft-windows-t..linetools.resources_31bf3856ad364e35_10.0.26100.1_en-us_81c63dd21f125943\tsprof.exe.mui,File027
query.exe.mui,C:\Windows\WinSxS\amd64_microsoft-windows-t..linetools.resources_31bf3856ad364e35_10.0.26100.7623_en-us_b4fdd36372e5a0a4\query.exe.mui,File024
tipresx.dll.mui,C:\Windows\WinSxS\amd64_microsoft-windows-t..languages.resources_31bf3856ad364e35_10.0.26100.1_fr-fr_5253864154433567\tipresx.dll.mui,File042
tipresx.dll.mui,C:\Windows\WinSxS\amd64_microsoft-windows-t..languages.resources_31bf3856ad364e35_10.0.26100.1_it-it_3c7b7c882b751ae5\tipresx.dll.mui,File001
tipresx.dll.mui,C:\Windows\WinSxS\amd64_microsoft-windows-t..languages.resources_31bf3856ad364e35_10.0.26100.1_es-mx_b1d2fde8600502b0\tipresx.dll.mui,File001
tsprof.exe.mui,C:\Windows\WinSxS\amd64_microsoft-windows-t..linetools.resources_31bf3856ad364e35_10.0.26100.7623_en-us_20809c7a669b22be\tsprof.exe.mui,File027
msctfui.dll.mui,C:\Windows\WinSxS\amd64_microsoft-windows-t..k-msctfui.resources_31bf3856ad364e35_10.0.26100.1_en-us_b64ec9c6e06f2741\msctfui.dll.mui,File005
tipresx.dll.mui,C:\Windows\WinSxS\amd64_microsoft-windows-t..languages.resources_31bf3856ad364e35_10.0.26100.1_es-es_af9c104261711f05\tipresx.dll.mui,File001
tipresx.dll.mui,C:\Windows\WinSxS\amd64_microsoft-windows-t..languages.resources_31bf3856ad364e35_10.0.26100.1_pt-br_b16ce9e2cdfe2aff\tipresx.dll.mui,File001
reset.exe.mui,C:\Windows\WinSxS\amd64_microsoft-windows-t..linetools.resources_31bf3856ad364e35_10.0.26100.7623_en-us_b4fdd36372e5a0a4\reset.exe.mui,File024
change.exe.mui,C:\Windows\WinSxS\amd64_microsoft-windows-t..linetools.resources_31bf3856ad364e35_10.0.26100.1_en-us_164374bb2b5cd729\change.exe.mui,File024
change.exe.mui,C:\Windows\WinSxS\amd64_microsoft-windows-t..linetools.resources_31bf3856ad364e35_10.0.26100.7623_en-us_b4fdd36372e5a0a4\change.exe.mui,File024
tipresx.dll.mui,C:\Windows\WinSxS\amd64_microsoft-windows-t..languages.resources_31bf3856ad364e35_10.0.26100.1_de-de_06dfdd65726c219b\tipresx.dll.mui,File001
reset.exe.mui,C:\Windows\WinSxS\amd64_microsoft-windows-t..linetools.resources_31bf3856ad364e35_10.0.26100.1_en-us_164374bb2b5cd729\reset.exe.mui,File024
iphlpapi.dll.mui,C:\Windows\WinSxS\amd64_microsoft-windows-t..libraries.resources_31bf3856ad364e35_10.0.26100.1_en-us_79682cc077c0c116\iphlpapi.dll.mui,File160
tipresx.dll.mui,C:\Windows\WinSxS\amd64_microsoft-windows-t..languages.resources_31bf3856ad364e35_10.0.26100.1_sk-sk_980ccfbfa7691b31\tipresx.dll.mui,File001
tipresx.dll.mui,C:\Windows\WinSxS\amd64_microsoft-windows-t..languages.resources_31bf3856ad364e35_10.0.26100.1_fr-ca_4ac9d08b591b9b8d\tipresx.dll.mui,File042
query.exe.mui,C:\Windows\WinSxS\amd64_microsoft-windows-t..linetools.resources_31bf3856ad364e35_10.0.26100.1_en-us_164374bb2b5cd729\query.exe.mui,File024
rdpinit.exe.mui,C:\Windows\WinSxS\amd64_microsoft-windows-t..lications.resources_31bf3856ad364e35_10.0.26100.1_en-us_c5747b5782bf30a8\rdpinit.exe.mui,File005
rdpshell.exe.mui,C:\Windows\WinSxS\amd64_microsoft-windows-t..lications.resources_31bf3856ad364e35_10.0.26100.1_en-us_c5747b5782bf30a8\rdpshell.exe.mui,File005
TrustedInstaller.exe.mui,C:\Windows\WinSxS\amd64_microsoft-windows-t..installer.resources_31bf3856ad364e35_10.0.26100.7019_en-us_0317f48f7291d23d\TrustedInstaller.exe.mui,File024
TrustedInstaller.exe.mui,C:\Windows\WinSxS\amd64_microsoft-windows-t..installer.resources_31bf3856ad364e35_10.0.26100.1_en-us_641e3f592b382ff9\TrustedInstaller.exe.mui,File024
tipresx.dll.mui,C:\Windows\WinSxS\amd64_microsoft-windows-t..languages.resources_31bf3856ad364e35_10.0.26100.1_ar-sa_1b310fde9c47a380\tipresx.dll.mui,File001
TrustedInstaller.exe.mui,C:\Windows\WinSxS\amd64_microsoft-windows-t..installer.resources_31bf3856ad364e35_10.0.26100.4946_en-us_02b9e4c772d7d563\TrustedInstaller.exe.mui,File024
cfgbkend.dll.mui,C:\Windows\WinSxS\amd64_microsoft-windows-t..igbackend.resources_31bf3856ad364e35_10.0.26100.1_en-us_894dbbb284fff66d\cfgbkend.dll.mui,File160
softkbd.dll.mui,C:\Windows\WinSxS\amd64_microsoft-windows-t..k-softkbd.resources_31bf3856ad364e35_10.0.26100.1_en-us_208006f0753b0f11\softkbd.dll.mui,File024
WWAHost.exe.mui,C:\Windows\WinSxS\amd64_microsoft-windows-web-app-host.resources_31bf3856ad364e35_10.0.26100.7019_zh-tw_97bd8e45fb9e0985\WWAHost.exe.mui,File071
Windows.Web.Http.dll.mui,C:\Windows\WinSxS\amd64_microsoft-windows-web-http.resources_31bf3856ad364e35_10.0.26100.3323_en-us_b9bbfe455330d1f3\Windows.Web.Http.dll.mui,File101
WWAHost.exe.mui,C:\Windows\WinSxS\amd64_microsoft-windows-web-app-host.resources_31bf3856ad364e35_10.0.26100.7019_zh-cn_93c150effe2d2d15\WWAHost.exe.mui,File071
Windows.Web.Http.dll.mui,C:\Windows\WinSxS\amd64_microsoft-windows-web-http.resources_31bf3856ad364e35_10.0.26100.1_en-us_1ae137710bc050e7\Windows.Web.Http.dll.mui,File101
tsgqec.dll.mui,C:\Windows\WinSxS\amd64_microsoft-windows-t..tivexcore.resources_31bf3856ad364e35_10.0.26100.7309_en-us_0f8d9e9a367dcacb\tsgqec.dll.mui,File024
MultiDigiMon.exe.mui,C:\Windows\WinSxS\amd64_microsoft-windows-t..trolpanel.resources_31bf3856ad364e35_10.0.26100.1_en-us_cea64652760a9097\MultiDigiMon.exe.mui,File027
tsusbflt.sys.mui,C:\Windows\WinSxS\amd64_microsoft-windows-t..torclient.resources_31bf3856ad364e35_10.0.26100.3037_en-us_da8e46a8ed3edd93\tsusbflt.sys.mui,File027
tsgqec.dll.mui,C:\Windows\WinSxS\amd64_microsoft-windows-t..tivexcore.resources_31bf3856ad364e35_10.0.26100.1_en-us_70b55971ef0aee0b\tsgqec.dll.mui,File024
Ninput.dll.mui,C:\Windows\WinSxS\amd64_microsoft-windows-t..ut-ninput.resources_31bf3856ad364e35_10.0.26100.1_en-us_1d18bcddcaf2ee83\Ninput.dll.mui,File024
TimeSyncTask.dll.mui,C:\Windows\WinSxS\amd64_microsoft-windows-t..sync-task.resources_31bf3856ad364e35_10.0.26100.1_en-us_ca4ccc3a73d900e0\TimeSyncTask.dll.mui,File024
MsCtfMonitor.dll.mui,C:\Windows\WinSxS\amd64_microsoft-windows-t..tfmonitor.resources_31bf3856ad364e35_10.0.26100.1_en-us_0ddc54bb5a01dc27\MsCtfMonitor.dll.mui,File024
RdpSa.exe.mui,C:\Windows\WinSxS\amd64_microsoft-windows-t..sionagent.resources_31bf3856ad364e35_10.0.26100.1_en-us_e32c79ade93bf762\RdpSa.exe.mui,File024
tsgqec.dll.mui,C:\Windows\WinSxS\amd64_microsoft-windows-t..tivexcore.resources_31bf3856ad364e35_10.0.26100.3915_en-us_0f4e12e436ad30a8\tsgqec.dll.mui,File024
TipTsf.dll.mui,C:\Windows\WinSxS\amd64_microsoft-windows-t..tservices.resources_31bf3856ad364e35_10.0.26100.1_en-us_0e559b1db0c9aef8\TipTsf.dll.mui,File027
msimtf.dll.mui,C:\Windows\WinSxS\amd64_microsoft-windows-t..rk-msimtf.resources_31bf3856ad364e35_10.0.26100.1_en-us_e1f1befcc7cdf898\msimtf.dll.mui,File005
ctfmon.exe.mui,C:\Windows\WinSxS\amd64_microsoft-windows-t..rk-ctfmon.resources_31bf3856ad364e35_10.0.26100.1_en-us_936d3d899eb11661\ctfmon.exe.mui,File005
upnp.dll.mui,C:\Windows\WinSxS\amd64_microsoft-windows-u..trolpoint.resources_31bf3856ad364e35_10.0.26100.1_en-us_55558b5631b5041a\upnp.dll.mui,File024
finger.exe.mui,C:\Windows\WinSxS\amd64_microsoft-windows-t..p-utility.resources_31bf3856ad364e35_10.0.26100.7705_en-us_900b39354f171a55\finger.exe.mui,File160
route.exe.mui,C:\Windows\WinSxS\amd64_microsoft-windows-t..p-utility.resources_31bf3856ad364e35_10.0.26100.5074_en-us_905dfdab4ed7f430\route.exe.mui,File101
UndockedFlightingUpdateTask.exe.mui,C:\Windows\WinSxS\amd64_microsoft-windows-u..pdatetask.resources_31bf3856ad364e35_10.0.26100.5074_en-us_f7af472168bb54fd\UndockedFlightingUpdateTask.exe.mui,File024
cemapi.dll.mui,C:\Windows\WinSxS\amd64_microsoft-windows-u..ss-cemapi.resources_31bf3856ad364e35_10.0.26100.1_en-us_92333a3cdf1486a5\cemapi.dll.mui,File027
utcutil.dll.mui,C:\Windows\WinSxS\amd64_microsoft-windows-u..ry-client.resources_31bf3856ad364e35_10.0.26100.1_en-us_c2c3e13fab05f906\utcutil.dll.mui,File024
usosvc.dll.mui,C:\Windows\WinSxS\amd64_microsoft-windows-u..ratorcore.resources_31bf3856ad364e35_10.0.26100.7309_en-us_f2985b06883c81a7\usosvc.dll.mui,File027
usosvc.dll.mui,C:\Windows\WinSxS\amd64_microsoft-windows-u..ratorcore.resources_31bf3856ad364e35_10.0.26100.5074_en-us_f2c03aec881d64c2\usosvc.dll.mui,File027
System.Security.Principal.dll,C:\Windows\WinSxS\amd64_system.security.principal_b03f5f7f11d50a3a_4.0.15912.0_none_4645f89caff730ad\System.Security.Principal.dll,File025
WindowsCodecsExt.dll,C:\Windows\WinSxS\amd64_microsoft-windows-windowscodecext_31bf3856ad364e35_10.0.26100.7705_none_2f32d56568c4fae7\WindowsCodecsExt.dll,File148
System.Security.SecureString.dll,C:\Windows\WinSxS\amd64_system.security.securestring_b03f5f7f11d50a3a_4.0.15912.0_none_1aa9295d02ecdb71\System.Security.SecureString.dll,File025
System.AppContext.dll,C:\Windows\WinSxS\amd64_system.appcontext_b03f5f7f11d50a3a_4.0.15912.0_none_e0f0b345cbba20d1\System.AppContext.dll,File025
Startupscan.dll.mui,C:\Windows\WinSxS\amd64_startupapp-task-data.resources_31bf3856ad364e35_10.0.26100.1_en-us_0d30f4f46d50ad4a\Startupscan.dll.mui,File024
SrpUxNativeSnapIn.dll.mui,C:\Windows\WinSxS\amd64_srpuxnativesnapin.resources_31bf3856ad364e35_10.0.26100.1_en-us_4db96a1019513fd1\SrpUxNativeSnapIn.dll.mui,File027
PNPXAssocPrx.dll.mui,C:\Windows\WinSxS\amd64_pnpxassocprx.resources_31bf3856ad364e35_10.0.26100.1_en-us_42298fc6ba8c4728\PNPXAssocPrx.dll.mui,File024
System.Threading.Timer.dll,C:\Windows\WinSxS\amd64_system.threading.timer_b03f5f7f11d50a3a_4.0.15912.0_none_a23c4ec2fc6be2e8\System.Threading.Timer.dll,File025
System.Reflection.Extensions.dll,C:\Windows\WinSxS\amd64_system.reflection.extensions_b03f5f7f11d50a3a_4.0.15912.0_none_ab7de9a26130fae8\System.Reflection.Extensions.dll,File025
authfwgp.dll.mui,C:\Windows\WinSxS\amd64_networking-mpssvc-admin.resources_31bf3856ad364e35_10.0.26100.7019_en-us_dcdd791346afd46c\authfwgp.dll.mui,File160
authfwgp.dll.mui,C:\Windows\WinSxS\amd64_networking-mpssvc-admin.resources_31bf3856ad364e35_10.0.26100.7705_en-us_dc91247546e91828\authfwgp.dll.mui,File160
System.Resources.Reader.dll,C:\Windows\WinSxS\amd64_system.resources.reader_b03f5f7f11d50a3a_4.0.15912.0_none_830deecab1711485\System.Resources.Reader.dll,File025
System.Xml.XPath.XDocument.dll,C:\Windows\WinSxS\amd64_system.xml.xpath.xdocument_b03f5f7f11d50a3a_4.0.15912.0_none_e125ca45366999a4\System.Xml.XPath.XDocument.dll,File025
System.Resources.Writer.dll,C:\Windows\WinSxS\amd64_system.resources.writer_b03f5f7f11d50a3a_4.0.15912.0_none_5c9d786d7d08e8ed\System.Resources.Writer.dll,File025
System.Runtime.Numerics.dll,C:\Windows\WinSxS\amd64_system.runtime.numerics_b03f5f7f11d50a3a_4.0.15912.0_none_4ac7c5ace4d4812f\System.Runtime.Numerics.dll,File025
ServiceModelEvents.dll,C:\Windows\WinSxS\amd64_netfx4-servicemodelevents_dll_b03f5f7f11d50a3a_4.0.15920.100_none_bde0f6b92a9d3ffc\ServiceModelEvents.dll,File101
ServiceModelInstallRC.dll,C:\Windows\WinSxS\amd64_netfx4-servicemodelinstallrc_dll_b03f5f7f11d50a3a_4.0.15920.100_none_98e084d09a16e531\ServiceModelInstallRC.dll,File101
ServiceModelRegUI.dll,C:\Windows\WinSxS\amd64_netfx4-servicemodelregui_dll_b03f5f7f11d50a3a_4.0.15920.100_none_ccba551580b006dd\ServiceModelRegUI.dll,File101
NlsLexicons0009.dll,C:\Windows\WinSxS\amd64_netfx4-nlslexicons0009_b03f5f7f11d50a3a_4.0.15920.100_none_9a6b0b0d7ed8a9ad\NlsLexicons0009.dll,File101
NlsData0009.dll,C:\Windows\WinSxS\amd64_netfx4-nlsdata0009_b03f5f7f11d50a3a_4.0.15920.100_none_306fc9adc319cbce\NlsData0009.dll,File101
uefi.sys.mui,C:\Windows\WinSxS\amd64_uefi.inf.resources_31bf3856ad364e35_10.0.26100.1_en-us_a6587d17c7787f5f\uefi.sys.mui,File160
msvcr100_clr0400.dll,C:\Windows\WinSxS\amd64_netfx4-msvcr100_clr_dll_31bf3856ad364e35_4.0.15920.100_none_6eb7d81ea17addb2\msvcr100_clr0400.dll,File101
TsUsbGDCoInstaller.dll.mui,C:\Windows\WinSxS\amd64_tsgenericusbdriver.inf.resources_31bf3856ad364e35_10.0.26100.3037_en-us_ee05dbd53667ec2a\TsUsbGDCoInstaller.dll.mui,File005
sihclient.exe.mui,C:\Windows\WinSxS\amd64_serviceinitiatedhealing-client.resources_31bf3856ad364e35_10.0.26100.5074_en-us_6f10759c9e5dba5e\sihclient.exe.mui,File160
Microsoft.Bluetooth.AvrcpTransport.sys.mui,C:\Windows\WinSxS\amd64_product-onecore__mi..sport.inf.resources_31bf3856ad364e35_10.0.26100.1_en-us_b3d8a3374d72c9a0\Microsoft.Bluetooth.AvrcpTransport.sys.mui,File024
SgrmBroker.exe.mui,C:\Windows\WinSxS\amd64_security-octagon-broker.resources_31bf3856ad364e35_10.0.26100.1_en-us_105eda84e8a5fc15\SgrmBroker.exe.mui,File024
SensorsHid.dll.mui,C:\Windows\WinSxS\amd64_sensorshidclassdriver.inf.resources_31bf3856ad364e35_10.0.26100.1_en-us_0f7df648411ce794\SensorsHid.dll.mui,File027
sdstor.sys.mui,C:\Windows\WinSxS\amd64_sdstor.inf.resources_31bf3856ad364e35_10.0.26100.1_en-us_dc6a48606a06e6cd\sdstor.sys.mui,File027
SrEvents.dll.mui,C:\Windows\WinSxS\amd64_microsoftwindowssys..re-events.resources_31bf3856ad364e35_10.0.26100.1_en-us_c3ae59b6f8b929b1\SrEvents.dll.mui,File024
MTConfig.sys.mui,C:\Windows\WinSxS\amd64_mtconfig.inf.resources_31bf3856ad364e35_10.0.26100.1_en-us_77ad38a62d6b860d\MTConfig.sys.mui,File024
serial.sys.mui,C:\Windows\WinSxS\amd64_msports.inf.resources_31bf3856ad364e35_10.0.26100.1_en-us_050016429bc35b08\serial.sys.mui,File001
SrTasks.exe.mui,C:\Windows\WinSxS\amd64_microsoftwindowssys..ore-tasks.resources_31bf3856ad364e35_10.0.26100.1_en-us_ff7a83bd00db2634\SrTasks.exe.mui,File005
mouhid.sys.mui,C:\Windows\WinSxS\amd64_msmouse.inf.resources_31bf3856ad364e35_10.0.26100.1_en-us_ce635d43fea450ed\mouhid.sys.mui,File024
parport.sys.mui,C:\Windows\WinSxS\amd64_msports.inf.resources_31bf3856ad364e35_10.0.26100.1_en-us_050016429bc35b08\parport.sys.mui,File160
Microsoft.Windows.Whea.WheaMemoryPolicy.dll,C:\Windows\WinSxS\amd64_microsoft.windows.whea.cmdlets_31bf3856ad364e35_10.0.26100.1_none_ed17722095606c64\Microsoft.Windows.Whea.WheaMemoryPolicy.dll,File071
LcRes.dll.mui,C:\Windows\WinSxS\amd64_multipoint-logcollector.resources_31bf3856ad364e35_10.0.26100.1_en-us_38651fbfbbb2e342\LcRes.dll.mui,File005
comctl32.dll.mui,C:\Windows\WinSxS\amd64_microsoft.windows.c..-controls.resources_6595b64144ccf1df_6.0.26100.1591_am-et_c81fa874453cd492\comctl32.dll.mui,File001
comctl32.dll.mui,C:\Windows\WinSxS\amd64_microsoft.windows.c..-controls.resources_6595b64144ccf1df_6.0.26100.1591_pt-pt_5698faee7bf7686b\comctl32.dll.mui,File101
comctl32.dll.mui,C:\Windows\WinSxS\amd64_microsoft.windows.c..-controls.resources_6595b64144ccf1df_6.0.26100.1591_lt-lt_ca2045eab1b28d03\comctl32.dll.mui,File101
comctl32.dll.mui,C:\Windows\WinSxS\amd64_microsoft.windows.c..-controls.resources_6595b64144ccf1df_6.0.26100.1591_es-mx_561d3f880e8ed040\comctl32.dll.mui,File101
comctl32.dll.mui,C:\Windows\WinSxS\amd64_microsoft.windows.c..-controls.resources_6595b64144ccf1df_6.0.26100.1591_hi-in_3b753e2ee8ca7cb7\comctl32.dll.mui,File071
comctl32.dll.mui,C:\Windows\WinSxS\amd64_microsoft.windows.c..-controls.resources_6595b64144ccf1df_6.0.26100.1591_mr-in_6aab430fa5e90a4d\comctl32.dll.mui,File071
comctl32.dll.mui,C:\Windows\WinSxS\amd64_microsoft.windows.c..-controls.resources_6595b64144ccf1df_6.0.26100.1591_he-il_3abd6f82e93c03e5\comctl32.dll.mui,File042
comctl32.dll.mui,C:\Windows\WinSxS\amd64_microsoft.windows.c..-controls.resources_6595b64144ccf1df_6.0.26100.1591_ja-jp_82eb3d34cd19fa50\comctl32.dll.mui,File001
comctl32.dll.mui,C:\Windows\WinSxS\amd64_microsoft.windows.c..-controls.resources_6595b64144ccf1df_6.0.26100.1591_gl-es_9a6e8967f4e46370\comctl32.dll.mui,File101
comctl32.dll.mui,C:\Windows\WinSxS\amd64_microsoft.windows.c..-controls.resources_6595b64144ccf1df_6.0.26100.1591_ne-np_0f38b288977f457c\comctl32.dll.mui,File101
comctl32.dll.mui,C:\Windows\WinSxS\amd64_microsoft.windows.c..-controls.resources_6595b64144ccf1df_6.0.26100.1591_gd-gb_933ae129f97c6a33\comctl32.dll.mui,File101
comctl32.dll.mui,C:\Windows\WinSxS\amd64_microsoft.windows.c..-controls.resources_6595b64144ccf1df_6.0.26100.1591_nl-nl_0d26e65c98dbf6f7\comctl32.dll.mui,File101
comctl32.dll.mui,C:\Windows\WinSxS\amd64_microsoft.windows.c..-controls.resources_6595b64144ccf1df_6.0.26100.1591_lb-lu_cb546bb0b0d79a98\comctl32.dll.mui,File101
comctl32.dll.mui,C:\Windows\WinSxS\amd64_microsoft.windows.c..-controls.resources_6595b64144ccf1df_6.0.26100.1591_fr-ca_ef14122b07a5691d\comctl32.dll.mui,File101
comctl32.dll.mui,C:\Windows\WinSxS\amd64_microsoft.windows.c..-controls.resources_6595b64144ccf1df_6.0.26100.1591_fil-ph_973c559b4a326a76\comctl32.dll.mui,File101
comctl32.dll.mui,C:\Windows\WinSxS\amd64_microsoft.windows.c..-controls.resources_6595b64144ccf1df_6.0.26100.1591_es-es_53e651e20ffaec95\comctl32.dll.mui,File101
comctl32.dll.mui,C:\Windows\WinSxS\amd64_microsoft.windows.c..-controls.resources_6595b64144ccf1df_6.0.26100.1591_pl-pl_536340de7dfe64ab\comctl32.dll.mui,File101
comctl32.dll.mui,C:\Windows\WinSxS\amd64_microsoft.windows.c..-controls.resources_6595b64144ccf1df_6.0.26100.1591_fa-ir_f7555235024374d9\comctl32.dll.mui,File071
bthci.dll.mui,C:\Windows\WinSxS\amd64_microsoft.windows.h..iverclass.resources_31bf3856ad364e35_10.0.26100.1_en-us_5f18afd2945c40f2\bthci.dll.mui,File027
comctl32.dll.mui,C:\Windows\WinSxS\amd64_microsoft.windows.c..-controls.resources_6595b64144ccf1df_6.0.26100.1591_nn-no_0e65dc0e98113c6e\comctl32.dll.mui,File071
comctl32.dll.mui,C:\Windows\WinSxS\amd64_microsoft.windows.c..-controls.resources_6595b64144ccf1df_6.0.26100.1591_mt-mt_6d3e732ba443c3dd\comctl32.dll.mui,File101
comctl32.dll.mui,C:\Windows\WinSxS\amd64_microsoft.windows.c..-controls.resources_6595b64144ccf1df_6.0.26100.1591_ga-ie_94afb8e7f8895737\comctl32.dll.mui,File101
comctl32.dll.mui,C:\Windows\WinSxS\amd64_microsoft.windows.c..-controls.resources_6595b64144ccf1df_6.0.26100.1591_en-us_541af4fe0fd3faf0\comctl32.dll.mui,File071
comctl32.dll.mui,C:\Windows\WinSxS\amd64_microsoft.windows.c..-controls.resources_6595b64144ccf1df_6.0.26100.1591_bg-bg_65bb33073b51c267\comctl32.dll.mui,File101
comctl32.dll.mui,C:\Windows\WinSxS\amd64_microsoft.windows.c..-controls.resources_6595b64144ccf1df_6.0.26100.1591_uz-..-uz_c5df2a7f5b947197\comctl32.dll.mui,File101
DscTimer.dll.mui,C:\Windows\WinSxS\amd64_microsoft.windows.dsc.dsctimer.resources_31bf3856ad364e35_10.0.26100.1_en-us_28301e0c91f12f6f\DscTimer.dll.mui,File024
comctl32.dll.mui,C:\Windows\WinSxS\amd64_microsoft.windows.c..-controls.resources_6595b64144ccf1df_6.0.26100.1591_ug-cn_8414db2b3a1826f4\comctl32.dll.mui,File101
comctl32.dll.mui,C:\Windows\WinSxS\amd64_microsoft.windows.c..-controls.resources_6595b64144ccf1df_6.0.26100.1591_tt-ru_e38364b045f31518\comctl32.dll.mui,File071
comctl32.dll.mui,C:\Windows\WinSxS\amd64_microsoft.windows.c..-controls.resources_6595b64144ccf1df_6.0.26100.1591_chr..-us_21d6f073c25b54e5\comctl32.dll.mui,File042
comctl32.dll.mui,C:\Windows\WinSxS\amd64_microsoft.windows.c..-controls.resources_6595b64144ccf1df_6.0.26100.1591_da-dk_adfe89c91f1f9a91\comctl32.dll.mui,File071
comctl32.dll.mui,C:\Windows\WinSxS\amd64_microsoft.windows.c..-controls.resources_6595b64144ccf1df_6.0.26100.1591_lo-la_c1e94d1cb6f4ab49\comctl32.dll.mui,File071
comctl32.dll.mui,C:\Windows\WinSxS\amd64_microsoft.windows.c..-controls.resources_6595b64144ccf1df_6.0.26100.1591_ca-es_0e6c68682a46bb31\comctl32.dll.mui,File101
comctl32.dll.mui,C:\Windows\WinSxS\amd64_microsoft.windows.c..-controls.resources_6595b64144ccf1df_6.0.26100.1591_ur-pk_82482e553b4d99e7\comctl32.dll.mui,File071
comctl32.dll.mui,C:\Windows\WinSxS\amd64_microsoft.windows.c..-controls.resources_6595b64144ccf1df_6.0.26100.1591_sr-..-rs_e1999b5bcb9ea2d5\comctl32.dll.mui,File101
comctl32.dll.mui,C:\Windows\WinSxS\amd64_microsoft.windows.c..-controls.resources_6595b64144ccf1df_6.0.26100.1591_sq-al_3c89531555d8c79c\comctl32.dll.mui,File101
comctl32.dll.mui,C:\Windows\WinSxS\amd64_microsoft.windows.c..-controls.resources_6595b64144ccf1df_6.0.26100.1591_en-gb_4c9239e014ab472b\comctl32.dll.mui,File071
comctl32.dll.mui,C:\Windows\WinSxS\amd64_microsoft.windows.c..-controls.resources_6595b64144ccf1df_6.0.26100.1591_ro-ro_9ad3c126625e33c7\comctl32.dll.mui,File101
comctl32.dll.mui,C:\Windows\WinSxS\amd64_microsoft.windows.c..-controls.resources_6595b64144ccf1df_6.0.26100.1591_fr-fr_f69dc7e102cd02f7\comctl32.dll.mui,File101
comctl32.dll.mui,C:\Windows\WinSxS\amd64_microsoft.windows.c..-controls.resources_6595b64144ccf1df_6.0.26100.1591_quz-pe_bab9b13f1d883e8c\comctl32.dll.mui,File101
comctl32.dll.mui,C:\Windows\WinSxS\amd64_microsoft.windows.c..-controls.resources_6595b64144ccf1df_6.0.26100.1591_th-th_de4118da4946be33\comctl32.dll.mui,File071
scsiport.sys.mui,C:\Windows\WinSxS\amd64_microsoft.windows.s..rt_driver.resources_31bf3856ad364e35_10.0.26100.1_en-us_4df2e117592a1c6c\scsiport.sys.mui,File027
comctl32.dll.mui,C:\Windows\WinSxS\amd64_microsoft.windows.c..-controls.resources_6595b64144ccf1df_6.0.26100.1591_de-de_ab2a1f0520f5ef2b\comctl32.dll.mui,File101
comctl32.dll.mui,C:\Windows\WinSxS\amd64_microsoft.windows.c..-controls.resources_6595b64144ccf1df_6.0.26100.1591_ar-sa_bf7b517e4ad17110\comctl32.dll.mui,File071
comctl32.dll.mui,C:\Windows\WinSxS\amd64_microsoft.windows.c..-controls.resources_6595b64144ccf1df_6.0.26100.1591_pt-br_55b72b827c87f88f\comctl32.dll.mui,File101
Microsoft.ProcessMitigations.Commands.Resources.dll,C:\Windows\WinSxS\amd64_microsoft.processmi...commands.resources_31bf3856ad364e35_10.0.26100.1_en-us_94dcb6e3309b0218\Microsoft.ProcessMitigations.Commands.Resources.dll,File160
mpeval.dll.mui,C:\Windows\WinSxS\amd64_microsoft.powershel..sc.mpeval.resources_31bf3856ad364e35_10.0.26100.1_en-us_796f86ed62c19ee7\mpeval.dll.mui,File027
DscProxy.dll.mui,C:\Windows\WinSxS\amd64_microsoft.powershell.dsc.proxy.resources_31bf3856ad364e35_10.0.26100.1_en-us_19fbed023296e508\DscProxy.dll.mui,File005
XboxGipRadioManager.dll.mui,C:\Windows\WinSxS\amd64_microsoft-windows-x..iomanager.resources_31bf3856ad364e35_10.0.26100.1_en-us_03be2b81bec53125\XboxGipRadioManager.dll.mui,File005
dxpserver.exe.mui,C:\Windows\WinSxS\amd64_microsoft-windowsdx..xperience.resources_31bf3856ad364e35_10.0.26100.1_en-us_e8ed94c386e1d6ec\dxpserver.exe.mui,File024
usbstor.sys.mui,C:\Windows\WinSxS\amd64_usbstor.inf.resources_31bf3856ad364e35_10.0.26100.1_en-us_f43a0dff0d8f0b44\usbstor.sys.mui,File024
zthelper.dll.mui,C:\Windows\WinSxS\amd64_microsoft-windows-ztdns.resources_31bf3856ad364e35_10.0.26100.5074_en-us_371d8e3ae11301d2\zthelper.dll.mui,File005
xboxgipsvc.dll.mui,C:\Windows\WinSxS\amd64_microsoft-xbox-gipm..component.resources_31bf3856ad364e35_10.0.26100.1_en-us_c6b6ab79c9ea14f5\xboxgipsvc.dll.mui,File024
xwtpw32.dll.mui,C:\Windows\WinSxS\amd64_microsoft-windows-x..lugin-mui.resources_31bf3856ad364e35_10.0.26100.1_en-us_52c2d5c72cdf038b\xwtpw32.dll.mui,File024
xwtpdui.dll.mui,C:\Windows\WinSxS\amd64_microsoft-windows-x..lugin-mui.resources_31bf3856ad364e35_10.0.26100.1_en-us_32d939b6089187ec\xwtpdui.dll.mui,File027
XblAuthManager.dll.mui,C:\Windows\WinSxS\amd64_microsoft-xbox-auth..component.resources_31bf3856ad364e35_10.0.26100.1_en-us_2597cb1e680b7a27\XblAuthManager.dll.mui,File024
Usb4DeviceRouter.SYS.mui,C:\Windows\WinSxS\amd64_usb4devicerouter.inf.resources_31bf3856ad364e35_10.0.26100.1_en-us_5f67a794ebec0f85\Usb4DeviceRouter.SYS.mui,File160
WmsVolFilter.sys.mui,C:\Windows\WinSxS\amd64_multipoint-wmsvolfilter.resources_31bf3856ad364e35_10.0.26100.1_en-us_31afe3fed3ac42cf\WmsVolFilter.sys.mui,File024
WmsSharingHost.dll.mui,C:\Windows\WinSxS\amd64_multipoint-wmssharinghost.resources_31bf3856ad364e35_10.0.26100.1_en-us_19a5f46435aa2f58\WmsSharingHost.dll.mui,File005
portabledevicestatus.dll.mui,C:\Windows\WinSxS\amd64_microsoft-windows-wpd-status.resources_31bf3856ad364e35_10.0.26100.1_en-us_056bba6f2a1de6c8\portabledevicestatus.dll.mui,File027
PerfCounters.dll.mui,C:\Windows\WinSxS\amd64_multipoint-perfcounters-files.resources_31bf3856ad364e35_10.0.26100.1_en-us_e0ec3f2642d4e569\PerfCounters.dll.mui,File027
SRCTSHost.dll.mui,C:\Windows\WinSxS\amd64_multipoint-srctshost.resources_31bf3856ad364e35_10.0.26100.1_en-us_4eea7bc0c2bcd028\SRCTSHost.dll.mui,File005
wmpnssui.dll.mui,C:\Windows\WinSxS\amd64_microsoft-windows-wmpnssui.resources_31bf3856ad364e35_10.0.26100.1_en-us_39dca34d28bd0016\wmpnssui.dll.mui,File024
WMVENCOD.dll.mui,C:\Windows\WinSxS\amd64_microsoft-windows-wmvencod.resources_31bf3856ad364e35_10.0.26100.1_en-us_79a2ee751b9a7a4b\WMVENCOD.dll.mui,File024
ntvdm64.dll.mui,C:\Windows\WinSxS\amd64_microsoft-windows-wow64-legacy.resources_31bf3856ad364e35_10.0.26100.1_en-us_ae39681e12195acd\ntvdm64.dll.mui,File024
WofTasks.dll.mui,C:\Windows\WinSxS\amd64_microsoft-windows-wof-tasks.resources_31bf3856ad364e35_10.0.26100.1_en-us_6a6980293cb9e4af\WofTasks.dll.mui,File024
CertEnrollCtrl.exe.mui,C:\Windows\WinSxS\amd64_microsoft-windows-x..nrollment.resources_31bf3856ad364e35_10.0.26100.1_en-us_4a7a4ab32a3873bb\CertEnrollCtrl.exe.mui,File005
WMVDECOD.dll.mui,C:\Windows\WinSxS\amd64_microsoft-windows-wmvdecod.resources_31bf3856ad364e35_10.0.26100.1_en-us_63e5d4b91b9a7a4b\WMVDECOD.dll.mui,File024
wmpnscfg.exe.mui,C:\Windows\WinSxS\amd64_microsoft-windows-wmpnss-ux.resources_31bf3856ad364e35_10.0.26100.1_en-us_bda0e28e8db215d8\wmpnscfg.exe.mui,File024
wmpdui.dll.mui,C:\Windows\WinSxS\amd64_microsoft-windows-wmpdui.resources_31bf3856ad364e35_10.0.26100.1_en-us_7690104d865a2164\wmpdui.dll.mui,File027
WmiApRes.dll.mui,C:\Windows\WinSxS\amd64_microsoft-windows-wmi-core.resources_31bf3856ad364e35_10.0.26100.1_en-us_d1bb369b303559b1\WmiApRes.dll.mui,File024
WMIsvc.dll.mui,C:\Windows\WinSxS\amd64_microsoft-windows-wmi-core-svc.resources_31bf3856ad364e35_10.0.26100.1_en-us_899bf07a94df418a\WMIsvc.dll.mui,File027
WmiApSrv.exe.mui,C:\Windows\WinSxS\amd64_microsoft-windows-wmi-core.resources_31bf3856ad364e35_10.0.26100.1_en-us_d1bb369b303559b1\WmiApSrv.exe.mui,File024
NCProv.dll.mui,C:\Windows\WinSxS\amd64_microsoft-windows-wmi-core.resources_31bf3856ad364e35_10.0.26100.1_en-us_d1bb369b303559b1\NCProv.dll.mui,File005
WinMgmt.exe.mui,C:\Windows\WinSxS\amd64_microsoft-windows-wmi-core-svc.resources_31bf3856ad364e35_10.0.26100.1_en-us_899bf07a94df418a\WinMgmt.exe.mui,File042
wlanutil.dll.mui,C:\Windows\WinSxS\amd64_microsoft-windows-wlanutil.resources_31bf3856ad364e35_10.0.26100.1_en-us_60ef0d9c195f9ade\wlanutil.dll.mui,File005
WmiApRpl.dll.mui,C:\Windows\WinSxS\amd64_microsoft-windows-wmi-core-svc.resources_31bf3856ad364e35_10.0.26100.1_en-us_899bf07a94df418a\WmiApRpl.dll.mui,File024
wlandlg.dll.mui,C:\Windows\WinSxS\amd64_microsoft-windows-wlan-dialog.resources_31bf3856ad364e35_10.0.26100.1_en-us_7fec080ac89d62f7\wlandlg.dll.mui,File160
winver.exe.mui,C:\Windows\WinSxS\amd64_microsoft-windows-winver.resources_31bf3856ad364e35_10.0.26100.1_en-us_17e380ebf0cfb143\winver.exe.mui,File005
WinREAgent.dll.mui,C:\Windows\WinSxS\amd64_microsoft-windows-winreagent.resources_31bf3856ad364e35_10.0.26100.3037_en-us_a52976050327e9ae\WinREAgent.dll.mui,File027
wlgpclnt.dll.mui,C:\Windows\WinSxS\amd64_microsoft-windows-wlangpclient.resources_31bf3856ad364e35_10.0.26100.1_en-us_d436a709c7f7fd4e\wlgpclnt.dll.mui,File160
wusa.exe.mui,C:\Windows\WinSxS\amd64_microsoft-windows-wusa.resources_31bf3856ad364e35_10.0.26100.7019_en-us_0618f62df989295c\wusa.exe.mui,File042
lpasvc.dll.mui,C:\Windows\WinSxS\amd64_microsoft-windows-wwan-lpasvc.resources_31bf3856ad364e35_10.0.26100.1_en-us_0835c5824aaad1fb\lpasvc.dll.mui,File024
wusa.exe.mui,C:\Windows\WinSxS\amd64_microsoft-windows-wusa.resources_31bf3856ad364e35_10.0.26100.1_en-us_671f40f7b22f8718\wusa.exe.mui,File042
wusa.exe.mui,C:\Windows\WinSxS\amd64_microsoft-windows-wusa.resources_31bf3856ad364e35_10.0.26100.4946_en-us_05bae665f9cf2c82\wusa.exe.mui,File042
System.Linq.dll,C:\Windows\WinSxS\amd64_system.linq_b03f5f7f11d50a3a_4.0.15912.0_none_665c54b16a3351e9\System.Linq.dll,File025
System.IO.FileSystem.DriveInfo.dll,C:\Windows\WinSxS\amd64_system.io.filesystem.driveinfo_b03f5f7f11d50a3a_4.0.15912.0_none_2209fd00c281212a\System.IO.FileSystem.DriveInfo.dll,File025
System.Net.NameResolution.dll,C:\Windows\WinSxS\amd64_system.net.nameresolution_b03f5f7f11d50a3a_4.0.15912.0_none_977390d85e0e66d3\System.Net.NameResolution.dll,File025
System.IO.IsolatedStorage.dll,C:\Windows\WinSxS\amd64_system.io.isolatedstorage_b03f5f7f11d50a3a_4.0.15912.0_none_9f74927f4bc58387\System.IO.IsolatedStorage.dll,File025
System.IO.UnmanagedMemoryStream.dll,C:\Windows\WinSxS\amd64_system.io.unmanagedmemorystream_b03f5f7f11d50a3a_4.0.15912.0_none_0779d57bbb61c1fe\System.IO.UnmanagedMemoryStream.dll,File025
Microsoft.Win32.Primitives.dll,C:\Windows\WinSxS\amd64_microsoft.win32.primitives_b03f5f7f11d50a3a_4.0.15912.0_none_7dedc3fce0603be1\Microsoft.Win32.Primitives.dll,File025
WinREAgent.dll.mui,C:\Windows\WinSxS\amd64_microsoft-windows-winreagent.resources_31bf3856ad364e35_10.0.26100.1_en-us_062d9a42bbd03c9a\WinREAgent.dll.mui,File027
sihclient.exe.mui,C:\Windows\WinSxS\amd64_serviceinitiatedhealing-client.resources_31bf3856ad364e35_10.0.26100.7705_en-us_6ebdb1269e9ce083\sihclient.exe.mui,File160
sihclient.exe.mui,C:\Windows\WinSxS\amd64_serviceinitiatedhealing-client.resources_31bf3856ad364e35_10.0.26100.7309_en-us_6ee895b69e7cd743\sihclient.exe.mui,File160
System.IO.Compression.ZipFile.dll,C:\Windows\WinSxS\amd64_system.io.compression.zipfile_b77a5c561934e089_4.0.15912.0_none_f8b0d41ad5fce8a2\System.IO.Compression.ZipFile.dll,File025
System.Diagnostics.FileVersionInfo.dll,C:\Windows\WinSxS\amd64_system.diagnostics.fileversioninfo_b03f5f7f11d50a3a_4.0.15912.0_none_1f33140151475e2d\System.Diagnostics.FileVersionInfo.dll,File025
mpsdrv.sys.mui,C:\Windows\WinSxS\amd64_networking-mpssvc-drv.resources_31bf3856ad364e35_10.0.26100.1_en-us_4ab7f7a1ee53aafb\mpsdrv.sys.mui,File024
authfwgp.dll.mui,C:\Windows\WinSxS\amd64_networking-mpssvc-admin.resources_31bf3856ad364e35_10.0.26100.1_en-us_3de3c3dcff563228\authfwgp.dll.mui,File160
PenIMC.dll,C:\Windows\WinSxS\amd64_netfx4-penimc_b03f5f7f11d50a3a_4.0.15920.102_none_2c2aaa3126fe268a\PenIMC.dll,File101
NaturalLanguage6.dll,C:\Windows\WinSxS\amd64_netfx4-naturallanguage6_b03f5f7f11d50a3a_4.0.15920.100_none_01017acc1fa03483\NaturalLanguage6.dll,File101
GetStarted.Eligibility.dll,C:\Windows\WinSxS\amd64_userexperience-desktop_31bf3856ad364e35_10.0.26100.7705_none_c7f6f5511a69ae1e\CBS\GetStarted.Eligibility.dll,File155
GetStarted.Eligibility.dll,C:\Windows\WinSxS\amd64_userexperience-desktop_31bf3856ad364e35_10.0.26100.7623_none_c803f3611a5f9199\CBS\GetStarted.Eligibility.dll,File155
ScreenClippingHost.exe,C:\Windows\WinSxS\amd64_userexperience-core_31bf3856ad364e35_10.0.26100.7309_none_53f8422f7ac23449\Core\ScreenClippingHost.exe,File001
ScreenClippingHost.exe,C:\Windows\WinSxS\amd64_userexperience-core_31bf3856ad364e35_10.0.26100.5074_none_542022157aa31764\Core\ScreenClippingHost.exe,File001
ScreenClippingHost.exe,C:\Windows\WinSxS\amd64_userexperience-core_31bf3856ad364e35_10.0.26100.7705_none_53cd5d9f7ae23d89\Core\ScreenClippingHost.exe,File001
vmbus.sys.mui,C:\Windows\WinSxS\amd64_wvmbus.inf.resources_31bf3856ad364e35_10.0.26100.4066_en-us_1689dc408d960ddd\vmbus.sys.mui,File024
vmbus.sys.mui,C:\Windows\WinSxS\amd64_wvmbus.inf.resources_31bf3856ad364e35_10.0.26100.1_en-us_778ae6f24641313e\vmbus.sys.mui,File024
wpdmtpdr.dll.mui,C:\Windows\WinSxS\amd64_wpdmtp.inf.resources_31bf3856ad364e35_10.0.26100.1_en-us_3f04ae049dfe3bae\wpdmtpdr.dll.mui,File024
wsdapi.dll.mui,C:\Windows\WinSxS\amd64_wsdapi.resources_31bf3856ad364e35_10.0.26100.1_en-us_182d690ecdf71ed9\wsdapi.dll.mui,File005
amd64_hid-user.resources_31bf3856ad364e35_10.0.26100.1_en-us_6296385c53bf0882_hidserv.dll.mui_561adfc8,C:\Windows\WinSxS\Backup\amd64_hid-user.resources_31bf3856ad364e35_10.0.26100.1_en-us_6296385c53bf0882_hidserv.dll.mui_561adfc8,File024
amd64_microsoft-windows-a..llservice.resources_31bf3856ad364e35_10.0.26100.1_en-us_5ac1ba820bbde2ad_axinstui.exe.mui_aea34130,C:\Windows\WinSxS\Backup\amd64_microsoft-windows-a..llservice.resources_31bf3856ad364e35_10.0.26100.1_en-us_5ac1ba820bbde2ad_axinstui.exe.mui_aea34130,File005
AppExtension.dll.mui,C:\Windows\WinSxS\amd64_windows-application..ion-winrt.resources_31bf3856ad364e35_10.0.26100.1_en-us_e61c84158b359020\AppExtension.dll.mui,File024
EppManifest.dll.mui,C:\Windows\WinSxS\amd64_windows-defender-branding.resources_31bf3856ad364e35_10.0.26100.1_en-us_b340ed6571eb960c\EppManifest.dll.mui,File005
dssvc.dll.mui,C:\Windows\WinSxS\amd64_windows-application..haringsvc.resources_31bf3856ad364e35_10.0.26100.1_en-us_2f606e71e89684bd\dssvc.dll.mui,File024
AppHostRegistrationVerifier.exe.mui,C:\Windows\WinSxS\amd64_windows-application..nverifier.resources_31bf3856ad364e35_10.0.26100.1_en-us_7e71c5f6e7a2daad\AppHostRegistrationVerifier.exe.mui,File024
AppContracts.dll.mui,C:\Windows\WinSxS\amd64_windows-application..cts-winrt.resources_31bf3856ad364e35_10.0.26100.1_en-us_ba184530fbac07ba\AppContracts.dll.mui,File160
ClipboardServer.dll.mui,C:\Windows\WinSxS\amd64_windows-application..ardserver.resources_31bf3856ad364e35_10.0.26100.1_en-us_6a48d263f6692c9c\ClipboardServer.dll.mui,File024
windiag.dll.mui,C:\Windows\WinSxS\amd64_windiag.resources_31bf3856ad364e35_10.0.26100.4768_en-us_9590e319fdeb78a2\windiag.dll.mui,File027
mssrch.dll.mui,C:\Windows\WinSxS\amd64_windowssearchengine.resources_31bf3856ad364e35_7.0.26100.7019_en-us_4c07f3ed000b4e3a\mssrch.dll.mui,File027
mssph.dll.mui,C:\Windows\WinSxS\amd64_windowssearchengine.resources_31bf3856ad364e35_7.0.26100.7019_en-us_4c07f3ed000b4e3a\mssph.dll.mui,File024
Search.ProtocolHandler.MAPI2.dll.mui,C:\Windows\WinSxS\amd64_windowssearchengine.resources_31bf3856ad364e35_7.0.26100.7019_en-us_4c07f3ed000b4e3a\Search.ProtocolHandler.MAPI2.dll.mui,File160
WSAIFabricHost.dll.mui,C:\Windows\WinSxS\amd64_windowssearchengine.resources_31bf3856ad364e35_7.0.26100.4946_en-us_4be4d8b90025ef84\WSAIFabricHost.dll.mui,File024
Search.ProtocolHandler.MAPI2.dll.mui,C:\Windows\WinSxS\amd64_windowssearchengine.resources_31bf3856ad364e35_7.0.26100.4946_en-us_4be4d8b90025ef84\Search.ProtocolHandler.MAPI2.dll.mui,File160
WSAIFabricHost.dll.mui,C:\Windows\WinSxS\amd64_windowssearchengine.resources_31bf3856ad364e35_7.0.26100.7019_en-us_4c07f3ed000b4e3a\WSAIFabricHost.dll.mui,File024
mssrch.dll.mui,C:\Windows\WinSxS\amd64_windowssearchengine.resources_31bf3856ad364e35_7.0.26100.4946_en-us_4be4d8b90025ef84\mssrch.dll.mui,File027
mssph.dll.mui,C:\Windows\WinSxS\amd64_windowssearchengine.resources_31bf3856ad364e35_7.0.26100.4946_en-us_4be4d8b90025ef84\mssph.dll.mui,File024
securityhealthsso.dll.mui,C:\Windows\WinSxS\amd64_windows-securityhealth-sso.resources_31bf3856ad364e35_10.0.26100.1_en-us_2ef8b1d2357f6e59\securityhealthsso.dll.mui,File024
amd64_microsoft-windows-efs-service.resources_31bf3856ad364e35_10.0.26100.1_en-us_49d6b752b55e2b1a_efssvc.dll.mui_03cc4e41,C:\Windows\WinSxS\Backup\amd64_microsoft-windows-efs-service.resources_31bf3856ad364e35_10.0.26100.1_en-us_49d6b752b55e2b1a_efssvc.dll.mui_03cc4e41,File024
whesvc.dll.mui,C:\Windows\WinSxS\amd64_whesvc.resources_31bf3856ad364e35_10.0.26100.4768_en-us_019a359dc1c213eb\whesvc.dll.mui,File005
Microsoft.UI.Xaml.Phone.dll.mui,C:\Windows\WinSxS\amd64_winappsdk-vnext-cbs.resources_31bf3856ad364e35_10.0.26100.3624_en-us_d445041ca09966a9\Microsoft.UI.Xaml.Phone.dll.mui,File160
Microsoft.UI.Xaml.Phone.dll.mui,C:\Windows\WinSxS\amd64_winappsdk-cbs-stable.resources_31bf3856ad364e35_10.0.26100.7019_en-us_5767c979f03fc2af\Microsoft.UI.Xaml.Phone.dll.mui,File160
amd64_microsoft-windows-d..es-samlib.resources_31bf3856ad364e35_10.0.26100.1_en-us_03b260e0a1de5913_samlib.dll.mui_afc3d4d7,C:\Windows\WinSxS\Backup\amd64_microsoft-windows-d..es-samlib.resources_31bf3856ad364e35_10.0.26100.1_en-us_03b260e0a1de5913_samlib.dll.mui_afc3d4d7,File024
amd64_microsoft-windows-commonlog.resources_31bf3856ad364e35_10.0.26100.1_en-us_0f4c638b630dd703_clfs.sys.mui_1310ba12,C:\Windows\WinSxS\Backup\amd64_microsoft-windows-commonlog.resources_31bf3856ad364e35_10.0.26100.1_en-us_0f4c638b630dd703_clfs.sys.mui_1310ba12,File005
wlidcli.dll.mui,C:\Windows\WinSxS\amd64_windows-id-connecte..r-wlidcli.resources_31bf3856ad364e35_10.0.26100.1_en-us_10981304d6383571\wlidcli.dll.mui,File005
shellext.dll.mui,C:\Windows\WinSxS\amd64_windows-defender-ui.resources_31bf3856ad364e35_10.0.26100.1_en-us_847a160d15ce3c2f\shellext.dll.mui,File024
amd64_microsoft-windows-d..memanager.resources_31bf3856ad364e35_10.0.26100.1_en-us_a18734abf077f9b4_volmgrx.sys.mui_b0c205d7,C:\Windows\WinSxS\Backup\amd64_microsoft-windows-d..memanager.resources_31bf3856ad364e35_10.0.26100.1_en-us_a18734abf077f9b4_volmgrx.sys.mui_b0c205d7,File024
amd64_microsoft-windows-com-base.resources_31bf3856ad364e35_10.0.26100.7705_en-us_5420c517edc81ebb_wintypes.dll.mui_36d5f25a,C:\Windows\WinSxS\Backup\amd64_microsoft-windows-com-base.resources_31bf3856ad364e35_10.0.26100.7705_en-us_5420c517edc81ebb_wintypes.dll.mui_36d5f25a,File005
Windows.Gaming.Input.dll.mui,C:\Windows\WinSxS\amd64_windows-gaming-input-winrt.resources_31bf3856ad364e35_10.0.26100.1_en-us_0296e0cde5a82b76\Windows.Gaming.Input.dll.mui,File024
WLIDSvc.dll.mui,C:\Windows\WinSxS\amd64_windows-id-connecte..r-wlidsvc.resources_31bf3856ad364e35_10.0.26100.1_en-us_95be17c45799c441\WLIDSvc.dll.mui,File024
amd64_microsoft-windows-c..r-library.resources_31bf3856ad364e35_10.0.26100.1_en-us_d0ebbbe2969c8c08_credprov2fahelper.dll.mui_71e4ecb5,C:\Windows\WinSxS\Backup\amd64_microsoft-windows-c..r-library.resources_31bf3856ad364e35_10.0.26100.1_en-us_d0ebbbe2969c8c08_credprov2fahelper.dll.mui_71e4ecb5,File024
amd64_microsoft-windows-d..-usermode.resources_31bf3856ad364e35_10.0.26100.1_en-us_c3d82ef5c0380efa_wudfhost.exe.mui_1fc689ff,C:\Windows\WinSxS\Backup\amd64_microsoft-windows-d..-usermode.resources_31bf3856ad364e35_10.0.26100.1_en-us_c3d82ef5c0380efa_wudfhost.exe.mui_1fc689ff,File005
amd64_microsoft-windows-d..-usermode.resources_31bf3856ad364e35_10.0.26100.1_en-us_c3d82ef5c0380efa_wudfpf.sys.mui_f61e9e86,C:\Windows\WinSxS\Backup\amd64_microsoft-windows-d..-usermode.resources_31bf3856ad364e35_10.0.26100.1_en-us_c3d82ef5c0380efa_wudfpf.sys.mui_f61e9e86,File024
amd64_microsoft-windows-appidcore.resources_31bf3856ad364e35_10.0.26100.7309_en-us_f524b001f8a540df_srpapi.dll.mui_2693a558,C:\Windows\WinSxS\Backup\amd64_microsoft-windows-appidcore.resources_31bf3856ad364e35_10.0.26100.7309_en-us_f524b001f8a540df_srpapi.dll.mui_2693a558,File042
amd64_microsoft-windows-appidcore.resources_31bf3856ad364e35_10.0.26100.7309_en-us_f524b001f8a540df_applockercsp.dll.mui_d2a0df70,C:\Windows\WinSxS\Backup\amd64_microsoft-windows-appidcore.resources_31bf3856ad364e35_10.0.26100.7309_en-us_f524b001f8a540df_applockercsp.dll.mui_d2a0df70,File024
amd64_microsoft-windows-d..ient-core.resources_31bf3856ad364e35_10.0.26100.1591_en-us_b30301a4b143f570_dnsrslvr.dll.mui_1e1a1ed1,C:\Windows\WinSxS\Backup\amd64_microsoft-windows-d..ient-core.resources_31bf3856ad364e35_10.0.26100.1591_en-us_b30301a4b143f570_dnsrslvr.dll.mui_1e1a1ed1,File027
amd64_microsoft-windows-appid.resources_31bf3856ad364e35_10.0.26100.1_en-us_331e316415675f4e_appidsvc.dll.mui_6717e231,C:\Windows\WinSxS\Backup\amd64_microsoft-windows-appid.resources_31bf3856ad364e35_10.0.26100.1_en-us_331e316415675f4e_appidsvc.dll.mui_6717e231,File027
amd64_microsoft-windows-a..structure.resources_31bf3856ad364e35_10.0.26100.1_en-us_f51bf106ff2d6cf1_apphelp.dll.mui_59096153,C:\Windows\WinSxS\Backup\amd64_microsoft-windows-a..structure.resources_31bf3856ad364e35_10.0.26100.1_en-us_f51bf106ff2d6cf1_apphelp.dll.mui_59096153,File027
amd64_microsoft-onecore-w..se-driver.resources_31bf3856ad364e35_10.0.26100.1_en-us_7f6a1eb1aa326433_wtd.sys.mui_5402823d,C:\Windows\WinSxS\Backup\amd64_microsoft-onecore-w..se-driver.resources_31bf3856ad364e35_10.0.26100.1_en-us_7f6a1eb1aa326433_wtd.sys.mui_5402823d,File005
amd64_microsoft-windows-wmi-core.resources_31bf3856ad364e35_10.0.26100.1_en-us_d1bb369b303559b1_ncprov.dll.mui_40240de1,C:\Windows\WinSxS\Backup\amd64_microsoft-windows-wmi-core.resources_31bf3856ad364e35_10.0.26100.1_en-us_d1bb369b303559b1_ncprov.dll.mui_40240de1,File005
amd64_microsoft-windows-wmi-core.resources_31bf3856ad364e35_10.0.26100.1_en-us_d1bb369b303559b1_wmiapres.dll.mui_c1b8803f,C:\Windows\WinSxS\Backup\amd64_microsoft-windows-wmi-core.resources_31bf3856ad364e35_10.0.26100.1_en-us_d1bb369b303559b1_wmiapres.dll.mui_c1b8803f,File024
amd64_microsoft-windows-wmi-core.resources_31bf3856ad364e35_10.0.26100.1_en-us_d1bb369b303559b1_wmiapsrv.exe.mui_b1567840,C:\Windows\WinSxS\Backup\amd64_microsoft-windows-wmi-core.resources_31bf3856ad364e35_10.0.26100.1_en-us_d1bb369b303559b1_wmiapsrv.exe.mui_b1567840,File024
amd64_microsoft-windows-wmpdui.resources_31bf3856ad364e35_10.0.26100.1_en-us_7690104d865a2164_wmpdui.dll.mui_92411657,C:\Windows\WinSxS\Backup\amd64_microsoft-windows-wmpdui.resources_31bf3856ad364e35_10.0.26100.1_en-us_7690104d865a2164_wmpdui.dll.mui_92411657,File027
amd64_microsoft-windows-s..em-extras.resources_31bf3856ad364e35_10.0.26100.3323_en-us_fe960d41ea77a2e8_scfilter.sys.mui_cebab716,C:\Windows\WinSxS\Backup\amd64_microsoft-windows-s..em-extras.resources_31bf3856ad364e35_10.0.26100.3323_en-us_fe960d41ea77a2e8_scfilter.sys.mui_cebab716,File024
amd64_microsoft-windows-rasbase.resources_31bf3856ad364e35_10.0.26100.1_en-us_5b0b39a61e2df72f_kmddsp.tsp.mui_80ddeedb,C:\Windows\WinSxS\Backup\amd64_microsoft-windows-rasbase.resources_31bf3856ad364e35_10.0.26100.1_en-us_5b0b39a61e2df72f_kmddsp.tsp.mui_80ddeedb,File005
amd64_microsoft-windows-rasauto-mui.resources_31bf3856ad364e35_10.0.26100.1_en-us_c4254516aecc127f_rasauto.dll.mui_12fa2c50,C:\Windows\WinSxS\Backup\amd64_microsoft-windows-rasauto-mui.resources_31bf3856ad364e35_10.0.26100.1_en-us_c4254516aecc127f_rasauto.dll.mui_12fa2c50,File024
amd64_networking-mpssvc-drv.resources_31bf3856ad364e35_10.0.26100.1_en-us_4ab7f7a1ee53aafb_mpsdrv.sys.mui_b2aea3b6,C:\Windows\WinSxS\Backup\amd64_networking-mpssvc-drv.resources_31bf3856ad364e35_10.0.26100.1_en-us_4ab7f7a1ee53aafb_mpsdrv.sys.mui_b2aea3b6,File024
amd64_microsoft-windows-u..istration.resources_31bf3856ad364e35_10.0.26100.7705_en-us_ff6325872afbac2c_dsregcmd.exe.mui_8ce2c638,C:\Windows\WinSxS\Backup\amd64_microsoft-windows-u..istration.resources_31bf3856ad364e35_10.0.26100.7705_en-us_ff6325872afbac2c_dsregcmd.exe.mui_8ce2c638,File024
amd64_microsoft-windows-u..istration.resources_31bf3856ad364e35_10.0.26100.7705_en-us_ff6325872afbac2c_dsregtask.dll.mui_5e1b9353,C:\Windows\WinSxS\Backup\amd64_microsoft-windows-u..istration.resources_31bf3856ad364e35_10.0.26100.7705_en-us_ff6325872afbac2c_dsregtask.dll.mui_5e1b9353,File024
amd64_microsoft-windows-u..istration.resources_31bf3856ad364e35_10.0.26100.7705_en-us_ff6325872afbac2c_userdeviceregistration.dll.mui_22ab8f29,C:\Windows\WinSxS\Backup\amd64_microsoft-windows-u..istration.resources_31bf3856ad364e35_10.0.26100.7705_en-us_ff6325872afbac2c_userdeviceregistration.dll.mui_22ab8f29,File024
amd64_microsoft-windows-s..-credprov.resources_31bf3856ad364e35_10.0.26100.1_en-us_080e5e17ad23b7b4_trustedsignalcredprov.dll.mui_5edc427b,C:\Windows\WinSxS\Backup\amd64_microsoft-windows-s..-credprov.resources_31bf3856ad364e35_10.0.26100.1_en-us_080e5e17ad23b7b4_trustedsignalcredprov.dll.mui_5edc427b,File027
amd64_microsoft-windows-u..istration.resources_31bf3856ad364e35_10.0.26100.7705_en-us_ff6325872afbac2c_userdeviceregistration.ngc.dll.mui_d2c6ca95,C:\Windows\WinSxS\Backup\amd64_microsoft-windows-u..istration.resources_31bf3856ad364e35_10.0.26100.7705_en-us_ff6325872afbac2c_userdeviceregistration.ngc.dll.mui_d2c6ca95,File024
amd64_microsoft-windows-rasauto-mui.resources_31bf3856ad364e35_10.0.26100.1_en-us_c4254516aecc127f_rasautou.exe.mui_55686a97,C:\Windows\WinSxS\Backup\amd64_microsoft-windows-rasauto-mui.resources_31bf3856ad364e35_10.0.26100.1_en-us_c4254516aecc127f_rasautou.exe.mui_55686a97,File005
amd64_microsoft-windows-rasserver.resources_31bf3856ad364e35_10.0.26100.6899_en-us_16dff2e66c5b45b2_iprtrmgr.dll.mui_eb023b92,C:\Windows\WinSxS\Backup\amd64_microsoft-windows-rasserver.resources_31bf3856ad364e35_10.0.26100.6899_en-us_16dff2e66c5b45b2_iprtrmgr.dll.mui_eb023b92,File024
amd64_microsoft-windows-usermodensi.resources_31bf3856ad364e35_10.0.26100.1_en-us_3944be89485fcd02_nsisvc.dll.mui_237a741f,C:\Windows\WinSxS\Backup\amd64_microsoft-windows-usermodensi.resources_31bf3856ad364e35_10.0.26100.1_en-us_3944be89485fcd02_nsisvc.dll.mui_237a741f,File024
amd64_microsoft-windows-rasserver.resources_31bf3856ad364e35_10.0.26100.6899_en-us_16dff2e66c5b45b2_mprdim.dll.mui_11b5ef08,C:\Windows\WinSxS\Backup\amd64_microsoft-windows-rasserver.resources_31bf3856ad364e35_10.0.26100.6899_en-us_16dff2e66c5b45b2_mprdim.dll.mui_11b5ef08,File024
amd64_microsoft-windows-themeservice.resources_31bf3856ad364e35_10.0.26100.1_en-us_5e5bf64d5b3ca824_themeservice.dll.mui_9e71f1ab,C:\Windows\WinSxS\Backup\amd64_microsoft-windows-themeservice.resources_31bf3856ad364e35_10.0.26100.1_en-us_5e5bf64d5b3ca824_themeservice.dll.mui_9e71f1ab,File005
amd64_microsoft-windows-keyiso.resources_31bf3856ad364e35_10.0.26100.1_en-us_077ea9a1dc9d4da4_keyiso.dll.mui_4bbf12ff,C:\Windows\WinSxS\Backup\amd64_microsoft-windows-keyiso.resources_31bf3856ad364e35_10.0.26100.1_en-us_077ea9a1dc9d4da4_keyiso.dll.mui_4bbf12ff,File024
amd64_microsoft-windows-g..licy-base.resources_31bf3856ad364e35_10.0.26100.7705_en-us_5cd5a4942105b037_gpapi.dll.mui_ef0a9748,C:\Windows\WinSxS\Backup\amd64_microsoft-windows-g..licy-base.resources_31bf3856ad364e35_10.0.26100.7705_en-us_5cd5a4942105b037_gpapi.dll.mui_ef0a9748,File160
amd64_microsoft-windows-sens-service.resources_31bf3856ad364e35_10.0.26100.1_en-us_12358c608a91d155_sens.dll.mui_64739194,C:\Windows\WinSxS\Backup\amd64_microsoft-windows-sens-service.resources_31bf3856ad364e35_10.0.26100.1_en-us_12358c608a91d155_sens.dll.mui_64739194,File024
amd64_microsoft-windows-tcpip.resources_31bf3856ad364e35_10.0.26100.1_en-us_c93621b935b09922_netiougc.exe.mui_ad7a9e4d,C:\Windows\WinSxS\Backup\amd64_microsoft-windows-tcpip.resources_31bf3856ad364e35_10.0.26100.1_en-us_c93621b935b09922_netiougc.exe.mui_ad7a9e4d,File005
wow64_microsoft-windows-u..istration.resources_31bf3856ad364e35_10.0.26100.7705_en-us_09b7cfd95f5c6e27_userdeviceregistration.dll.mui_22ab8f29,C:\Windows\WinSxS\Backup\wow64_microsoft-windows-u..istration.resources_31bf3856ad364e35_10.0.26100.7705_en-us_09b7cfd95f5c6e27_userdeviceregistration.dll.mui_22ab8f29,File024
wow64_microsoft-windows-g..licy-base.resources_31bf3856ad364e35_10.0.26100.7705_en-us_672a4ee655667232_gpapi.dll.mui_ef0a9748,C:\Windows\WinSxS\Backup\wow64_microsoft-windows-g..licy-base.resources_31bf3856ad364e35_10.0.26100.7705_en-us_672a4ee655667232_gpapi.dll.mui_ef0a9748,File160
wow64_microsoft-windows-u..istration.resources_31bf3856ad364e35_10.0.26100.7705_en-us_09b7cfd95f5c6e27_userdeviceregistration.ngc.dll.mui_d2c6ca95,C:\Windows\WinSxS\Backup\wow64_microsoft-windows-u..istration.resources_31bf3856ad364e35_10.0.26100.7705_en-us_09b7cfd95f5c6e27_userdeviceregistration.ngc.dll.mui_d2c6ca95,File024
wow64_microsoft-windows-a..structure.resources_31bf3856ad364e35_10.0.26100.1_en-us_ff709b59338e2eec_apphelp.dll.mui_59096153,C:\Windows\WinSxS\Backup\wow64_microsoft-windows-a..structure.resources_31bf3856ad364e35_10.0.26100.1_en-us_ff709b59338e2eec_apphelp.dll.mui_59096153,File027
wow64_microsoft-windows-gdi_31bf3856ad364e35_10.0.26100.7705_none_4fc8cbc33f069fcc_lpk.dll_ebdc1de9,C:\Windows\WinSxS\Backup\wow64_microsoft-windows-gdi_31bf3856ad364e35_10.0.26100.7705_none_4fc8cbc33f069fcc_lpk.dll_ebdc1de9,File005
wow64_microsoft-windows-msxml60_31bf3856ad364e35_10.0.26100.7309_none_2e8e941d7b36a85f_msxml6r.dll_d8460bdb,C:\Windows\WinSxS\Backup\wow64_microsoft-windows-msxml60_31bf3856ad364e35_10.0.26100.7309_none_2e8e941d7b36a85f_msxml6r.dll_d8460bdb,File005
amd64_microsoft-windows-w..e-ws2ifsl.resources_31bf3856ad364e35_10.0.26100.1_en-us_26a8fcd7374bfc5b_ws2ifsl.sys.mui_b672c7b4,C:\Windows\WinSxS\Backup\amd64_microsoft-windows-w..e-ws2ifsl.resources_31bf3856ad364e35_10.0.26100.1_en-us_26a8fcd7374bfc5b_ws2ifsl.sys.mui_b672c7b4,File005
amd64_microsoft-windows-w..eservices.resources_31bf3856ad364e35_10.0.26100.1_en-us_d64b3cbf22b2a8d1_wiarpc.dll.mui_0c913b87,C:\Windows\WinSxS\Backup\amd64_microsoft-windows-w..eservices.resources_31bf3856ad364e35_10.0.26100.1_en-us_d64b3cbf22b2a8d1_wiarpc.dll.mui_0c913b87,File024
amd64_microsoft-windows-w..eservices.resources_31bf3856ad364e35_10.0.26100.1_en-us_d64b3cbf22b2a8d1_wiaservc.dll.mui_54051b53,C:\Windows\WinSxS\Backup\amd64_microsoft-windows-w..eservices.resources_31bf3856ad364e35_10.0.26100.1_en-us_d64b3cbf22b2a8d1_wiaservc.dll.mui_54051b53,File024
amd64_microsoft-windows-w..gon-tools.resources_31bf3856ad364e35_10.0.26100.1_en-us_12a038f1fa40c367_wlrmdr.exe.mui_ee563c83,C:\Windows\WinSxS\Backup\amd64_microsoft-windows-w..gon-tools.resources_31bf3856ad364e35_10.0.26100.1_en-us_12a038f1fa40c367_wlrmdr.exe.mui_ee563c83,File005
amd64_microsoft-windows-w..ient-core.resources_31bf3856ad364e35_10.0.26100.7705_en-us_9ff7d3688e52a97d_wuaueng.dll.mui_297f975d,C:\Windows\WinSxS\Backup\amd64_microsoft-windows-w..ient-core.resources_31bf3856ad364e35_10.0.26100.7705_en-us_9ff7d3688e52a97d_wuaueng.dll.mui_297f975d,File071
amd64_microsoft-windows-w..ient-core.resources_31bf3856ad364e35_10.0.26100.7705_en-us_9ff7d3688e52a97d_wuauengcore.dll.mui_a0258f1a,C:\Windows\WinSxS\Backup\amd64_microsoft-windows-w..ient-core.resources_31bf3856ad364e35_10.0.26100.7705_en-us_9ff7d3688e52a97d_wuauengcore.dll.mui_a0258f1a,File042
amd64_microsoft-windows-w..r-webclnt.resources_31bf3856ad364e35_10.0.26100.1_en-us_3c5e9cef392af10d_webclnt.dll.mui_e8f04040,C:\Windows\WinSxS\Backup\amd64_microsoft-windows-w..r-webclnt.resources_31bf3856ad364e35_10.0.26100.1_en-us_3c5e9cef392af10d_webclnt.dll.mui_e8f04040,File027
amd64_microsoft-windows-s..on-netapi.resources_31bf3856ad364e35_10.0.26100.7019_en-us_8c16493edd737f45_logoncli.dll.mui_c095cb94,C:\Windows\WinSxS\Backup\amd64_microsoft-windows-s..on-netapi.resources_31bf3856ad364e35_10.0.26100.7019_en-us_8c16493edd737f45_logoncli.dll.mui_c095cb94,File071
wow64_microsoft-windows-oleacc_31bf3856ad364e35_10.0.26100.7705_none_107a711906e3fe03_oleacchooks.dll_f9282ebb,C:\Windows\WinSxS\Backup\wow64_microsoft-windows-oleacc_31bf3856ad364e35_10.0.26100.7705_none_107a711906e3fe03_oleacchooks.dll_f9282ebb,File001
amd64_microsoft-windows-lua.resources_31bf3856ad364e35_10.0.26100.6725_en-us_8a2dd1a91c6cc8e1_consent.exe.mui_2eb3b9db,C:\Windows\WinSxS\Backup\amd64_microsoft-windows-lua.resources_31bf3856ad364e35_10.0.26100.6725_en-us_8a2dd1a91c6cc8e1_consent.exe.mui_2eb3b9db,File027
amd64_microsoft-windows-m..ntmanager.resources_31bf3856ad364e35_10.0.26100.1_en-us_3a00d929a7d3a410_mountmgr.sys.mui_71b54a25,C:\Windows\WinSxS\Backup\amd64_microsoft-windows-m..ntmanager.resources_31bf3856ad364e35_10.0.26100.1_en-us_3a00d929a7d3a410_mountmgr.sys.mui_71b54a25,File024
MFC90FRA.DLL,C:\Windows\WinSxS\Fusion\x86_microsoft.vc90.mfcloc_1fc8b3b9a1e18e3b_none_389bb7490f8d1de8\9.0\9.0.30729.1\MFC90FRA.DLL,File213
Microsoft.KeyDistributionService.Cmdlets.Resources.dll,C:\Windows\WinSxS\msil_microsoft.keydistri..e.cmdlets.resources_31bf3856ad364e35_10.0.26100.1_en-us_6ba1997fb95e0026\Microsoft.KeyDistributionService.Cmdlets.Resources.dll,File160
MMCFxCommon.Resources.dll,C:\Windows\WinSxS\msil_mmcfxcommon.resources_31bf3856ad364e35_10.0.26100.5074_en-us_92ea8774627e9a83\MMCFxCommon.Resources.dll,File160
MMCFxCommon.Resources.dll,C:\Windows\WinSxS\msil_mmcfxcommon.resources_31bf3856ad364e35_10.0.26100.1_en-us_f3ea62661b2adaa8\MMCFxCommon.Resources.dll,File160
Microsoft.PowerShell.Commands.Diagnostics.resources.dll,C:\Windows\WinSxS\msil_microsoft.powershel..agnostics.resources_31bf3856ad364e35_1.0.0.0_en-us_4fbc6afe3364b99c\Microsoft.PowerShell.Commands.Diagnostics.resources.dll,File001
Microsoft.PowerShell.Commands.Diagnostics.resources.dll,C:\Windows\WinSxS\msil_microsoft.powershel..agnostics.resources_31bf3856ad364e35_10.0.26100.1_en-us_512aa3df23a03527\Microsoft.PowerShell.Commands.Diagnostics.resources.dll,File071
Microsoft.PowerShell.Utility.Activities.Resources.dll,C:\Windows\WinSxS\msil_microsoft.powershel..ctivities.resources_31bf3856ad364e35_10.0.26100.1_en-us_e501dbfb2dc1a998\Microsoft.PowerShell.Utility.Activities.Resources.dll,File160
Microsoft.Windows.Diagnosis.Commands.UpdateDiagReport.dll,C:\Windows\WinSxS\msil_microsoft.windows.d..ds.updatediagreport_31bf3856ad364e35_10.0.26100.1_none_562ba5e2f366353d\Microsoft.Windows.Diagnosis.Commands.UpdateDiagReport.dll,File042
Microsoft.Windows.Diagnosis.Commands.UpdateDiagReport.resources.dll,C:\Windows\WinSxS\msil_microsoft.windows.d..iagreport.resources_31bf3856ad364e35_10.0.26100.1_en-us_83fbc3cba63297e8\Microsoft.Windows.Diagnosis.Commands.UpdateDiagReport.resources.dll,File160
Microsoft.Windows.Diagnosis.SDHost.resources.dll,C:\Windows\WinSxS\msil_microsoft.windows.d..is.sdhost.resources_31bf3856ad364e35_10.0.26100.1_en-us_f588fd6f1743759b\Microsoft.Windows.Diagnosis.SDHost.resources.dll,File160
Microsoft.Windows.Diagnosis.Commands.GetDiagInput.dll,C:\Windows\WinSxS\msil_microsoft.windows.d..mmands.getdiaginput_31bf3856ad364e35_10.0.26100.1_none_0e8b6f0e376e1696\Microsoft.Windows.Diagnosis.Commands.GetDiagInput.dll,File042
Microsoft.Windows.Diagnosis.Commands.GetDiagInput.resources.dll,C:\Windows\WinSxS\msil_microsoft.windows.d..diaginput.resources_31bf3856ad364e35_10.0.26100.1_en-us_cb1b5c959c054b69\Microsoft.Windows.Diagnosis.Commands.GetDiagInput.resources.dll,File160
Microsoft.Windows.Diagnosis.Commands.UpdateDiagRootcause.resources.dll,C:\Windows\WinSxS\msil_microsoft.windows.d..rootcause.resources_31bf3856ad364e35_10.0.26100.1_en-us_fc791130934508f1\Microsoft.Windows.Diagnosis.Commands.UpdateDiagRootcause.resources.dll,File160
Microsoft.Windows.Diagnosis.Commands.WriteDiagTelemetry.resources.dll,C:\Windows\WinSxS\msil_microsoft.windows.d..telemetry.resources_31bf3856ad364e35_10.0.26100.1_en-us_ec1147507e4337fd\Microsoft.Windows.Diagnosis.Commands.WriteDiagTelemetry.resources.dll,File160
Microsoft.Windows.Diagnosis.Commands.WriteDiagProgress.resources.dll,C:\Windows\WinSxS\msil_microsoft.windows.d..gprogress.resources_31bf3856ad364e35_10.0.26100.1_en-us_44c4ba81bc5cc30d\Microsoft.Windows.Diagnosis.Commands.WriteDiagProgress.resources.dll,File160
Microsoft.Windows.StartLayout.Commands.dll,C:\Windows\WinSxS\msil_microsoft.windows.startlayout.commands_31bf3856ad364e35_10.0.26100.1_none_cbf7153f016fbb80\Microsoft.Windows.StartLayout.Commands.dll,File071
Microsoft.Windows.StartLayout.Commands.Resources.dll,C:\Windows\WinSxS\msil_microsoft.windows.s...commands.resources_31bf3856ad364e35_10.0.26100.1_en-us_cb725a619c104243\Microsoft.Windows.StartLayout.Commands.Resources.dll,File160
Microsoft.windowsauthenticationprotocols.commands.resources.dll,C:\Windows\WinSxS\msil_microsoft.windowsau...commands.resources_31bf3856ad364e35_10.0.26100.1_en-us_8f3d66ba683b90c8\Microsoft.windowsauthenticationprotocols.commands.resources.dll,File160
ETWCoreUIComponentsResources.dll,C:\Windows\WinSxS\wow64_microsoft-windows-c..uicomponents-events_31bf3856ad364e35_10.0.26100.1_none_b708d5c50b8c04ad\ETWCoreUIComponentsResources.dll,File005
netmsg.dll,C:\Windows\WinSxS\wow64_microsoft-windows-basic-misc-tools_31bf3856ad364e35_10.0.26100.4202_none_bd88b8fda3c301ea\netmsg.dll,File005
netmsg.dll,C:\Windows\WinSxS\wow64_microsoft-windows-basic-misc-tools_31bf3856ad364e35_10.0.26100.1_none_1ea50a235c58ebf7\netmsg.dll,File005
credprovs.dll,C:\Windows\WinSxS\wow64_microsoft-windows-c..alproviders-library_31bf3856ad364e35_10.0.26100.7309_none_323b97f6407e1acd\credprovs.dll,File155
autoplay.dll.mui,C:\Windows\WinSxS\wow64_microsoft-windows-autoplay.resources_31bf3856ad364e35_10.0.26100.1_en-us_9de1da1dc9680258\autoplay.dll.mui,File160
MigRegDB.exe,C:\Windows\WinSxS\wow64_microsoft-windows-c..plus-setup-migregdb_31bf3856ad364e35_10.0.26100.1_none_3498f416009e0fc9\MigRegDB.exe,File042
CloudNotifications.exe.mui,C:\Windows\WinSxS\wow64_microsoft-windows-c..fications.resources_31bf3856ad364e35_10.0.26100.1_en-us_59aa5dc5a98023cc\CloudNotifications.exe.mui,File024
dmdskres2.dll,C:\Windows\WinSxS\wow64_microsoft-windows-diskmanagement_31bf3856ad364e35_10.0.26100.1_none_08e0086a0caa9be0\dmdskres2.dll,File005
dmdskres.dll,C:\Windows\WinSxS\wow64_microsoft-windows-diskmanagement_31bf3856ad364e35_10.0.26100.1_none_08e0086a0caa9be0\dmdskres.dll,File005
dmdskres.dll,C:\Windows\WinSxS\wow64_microsoft-windows-diskmanagement_31bf3856ad364e35_10.0.26100.4202_none_a7c3b7445414b1d3\dmdskres.dll,File005
WpPortingLibrary.dll,C:\Windows\WinSxS\wow64_microsoft-windows-e..el-wpportinglibrary_31bf3856ad364e35_10.0.26100.1_none_c8f885fb71cdcdae\WpPortingLibrary.dll,File071
XAudio2_8.dll,C:\Windows\WinSxS\wow64_microsoft-windows-directx-xaudio2_8_31bf3856ad364e35_10.0.26100.1_none_4dca9070da182a67\XAudio2_8.dll,File027
dmdskres2.dll,C:\Windows\WinSxS\wow64_microsoft-windows-diskmanagement_31bf3856ad364e35_10.0.26100.4202_none_a7c3b7445414b1d3\dmdskres2.dll,File005
padrs404.dll,C:\Windows\WinSxS\wow64_microsoft-windows-d..ime-eashared-imepad_31bf3856ad364e35_10.0.26100.7705_none_e081f57583b14444\padrs404.dll,File101
hlink.dll.mui,C:\Windows\WinSxS\wow64_microsoft-windows-hlink.resources_31bf3856ad364e35_10.0.26100.1_en-us_d2444a9e8a72da0f\hlink.dll.mui,File024
IBSProvider.dll.mui,C:\Windows\WinSxS\wow64_microsoft-windows-d..iders-ibs.resources_31bf3856ad364e35_10.0.26100.1_en-us_0e6d3302574d49b9\IBSProvider.dll.mui,File005
padrs404.dll,C:\Windows\WinSxS\wow64_microsoft-windows-d..ime-eashared-imepad_31bf3856ad364e35_10.0.26100.5074_none_e0d4b9eb83721e1f\padrs404.dll,File101
Windows.Devices.Background.ps.dll,C:\Windows\WinSxS\wow64_microsoft-windows-devices-background_31bf3856ad364e35_10.0.26100.3624_none_5cc9e12c82ca58b0\Windows.Devices.Background.ps.dll,File071
dvdplay.exe,C:\Windows\WinSxS\wow64_microsoft-windows-directshow-dvdplay_31bf3856ad364e35_10.0.26100.1_none_08f675ddb6f77c4f\dvdplay.exe,File101
Windows.Devices.Background.ps.dll,C:\Windows\WinSxS\wow64_microsoft-windows-devices-background_31bf3856ad364e35_10.0.26100.7309_none_5ce7e60c82b446f0\Windows.Devices.Background.ps.dll,File071
iyuv_32.dll.mui,C:\Windows\WinSxS\wow64_microsoft-windows-d..onverters.resources_31bf3856ad364e35_10.0.26100.1_en-us_ef9177ca91cb8018\iyuv_32.dll.mui,File027
DeviceUxRes.dll,C:\Windows\WinSxS\wow64_microsoft-windows-deviceuxres_31bf3856ad364e35_10.0.26100.1_none_27b6ff0c6ae4c1ed\DeviceUxRes.dll,File101
padrs404.dll,C:\Windows\WinSxS\wow64_microsoft-windows-d..ime-eashared-imepad_31bf3856ad364e35_10.0.26100.7309_none_e0acda0583913b04\padrs404.dll,File101
Apphlpdm.dll.mui,C:\Windows\WinSxS\wow64_microsoft-windows-a..e-apphelp.resources_31bf3856ad364e35_10.0.26100.1_en-us_8d66861b2ec85967\Apphlpdm.dll.mui,File160
DDOIProxy.dll,C:\Windows\WinSxS\wow64_microsoft-windows-ddoiproxy_31bf3856ad364e35_10.0.26100.1_none_46b14a679b020cc6\DDOIProxy.dll,File071
dmcommandlineutils.dll,C:\Windows\WinSxS\wow64_microsoft-windows-d..-dmcommandlineutils_31bf3856ad364e35_10.0.26100.1_none_31e0cfe24219af99\dmcommandlineutils.dll,File071
MigRegDB.exe.mui,C:\Windows\WinSxS\wow64_microsoft-windows-c..-migregdb.resources_31bf3856ad364e35_10.0.26100.1_en-us_c7fa6edabea26368\MigRegDB.exe.mui,File005
comrepl.exe.mui,C:\Windows\WinSxS\wow64_microsoft-windows-c..n-comrepl.resources_31bf3856ad364e35_10.0.26100.1_en-us_81b5d5da773a127d\comrepl.exe.mui,File005
lpk.dll,C:\Windows\WinSxS\wow64_microsoft-windows-gdi_31bf3856ad364e35_10.0.26100.7705_none_4fc8cbc33f069fcc\lpk.dll,File005
FolderProvider.dll.mui,C:\Windows\WinSxS\wow64_microsoft-windows-d..ment-core.resources_31bf3856ad364e35_10.0.26100.1_en-us_193a061d5e2941a5\FolderProvider.dll.mui,File005
DevicePairingProxy.dll.mui,C:\Windows\WinSxS\wow64_devicepairingproxy.resources_31bf3856ad364e35_10.0.26100.1_en-us_881f9246b2859422\DevicePairingProxy.dll.mui,File005
DismProv.dll.mui,C:\Windows\WinSxS\wow64_microsoft-windows-d..ment-core.resources_31bf3856ad364e35_10.0.26100.1_en-us_193a061d5e2941a5\DismProv.dll.mui,File005
DismProv.dll.mui,C:\Windows\WinSxS\wow64_microsoft-windows-d..ment-core.resources_31bf3856ad364e35_10.0.26100.7019_en-us_b833bb53a582e3e9\DismProv.dll.mui,File005
DismProv.dll.mui,C:\Windows\WinSxS\wow64_microsoft-windows-d..ment-core.resources_31bf3856ad364e35_10.0.26100.4946_en-us_b7d5ab8ba5c8e70f\DismProv.dll.mui,File005
lpk.dll,C:\Windows\WinSxS\wow64_microsoft-windows-gdi_31bf3856ad364e35_10.0.26100.5074_none_501b90393ec779a7\lpk.dll,File005
DevDispItemProvider.dll.mui,C:\Windows\WinSxS\wow64_microsoft-windows-d..mprovider.resources_31bf3856ad364e35_10.0.26100.1_en-us_33a950487d04a2b4\DevDispItemProvider.dll.mui,File024
apprepapi.dll,C:\Windows\WinSxS\wow64_microsoft-windows-apprep_31bf3856ad364e35_10.0.26100.1_none_13417d73c3ad916a\apprepapi.dll,File042
FolderProvider.dll.mui,C:\Windows\WinSxS\wow64_microsoft-windows-d..ment-core.resources_31bf3856ad364e35_10.0.26100.4946_en-us_b7d5ab8ba5c8e70f\FolderProvider.dll.mui,File005
miguiresource.dll.mui,C:\Windows\WinSxS\wow64_eventviewersettings.resources_31bf3856ad364e35_10.0.26100.1_en-us_9e7a452a30d1bbeb\miguiresource.dll.mui,File024
apprepapi.dll,C:\Windows\WinSxS\wow64_microsoft-windows-apprep_31bf3856ad364e35_10.0.26100.4484_none_b21761360b20dd39\apprepapi.dll,File042
FolderProvider.dll.mui,C:\Windows\WinSxS\wow64_microsoft-windows-d..ment-core.resources_31bf3856ad364e35_10.0.26100.7019_en-us_b833bb53a582e3e9\FolderProvider.dll.mui,File005
dmloader.dll,C:\Windows\WinSxS\wow64_microsoft-windows-audio-dmusic_31bf3856ad364e35_10.0.26100.7309_none_ec14b3cc7403089a\dmloader.dll,File213
dmloader.dll,C:\Windows\WinSxS\wow64_microsoft-windows-audio-dmusic_31bf3856ad364e35_10.0.26100.4202_none_ec201d7e73fa41cd\dmloader.dll,File213
SmiProvider.dll.mui,C:\Windows\WinSxS\wow64_microsoft-windows-d..ers-image.resources_31bf3856ad364e35_10.0.26100.5074_en-us_7a17a53426c82711\SmiProvider.dll.mui,File005
MsuProvider.dll.mui,C:\Windows\WinSxS\wow64_microsoft-windows-d..ers-image.resources_31bf3856ad364e35_10.0.26100.5074_en-us_7a17a53426c82711\MsuProvider.dll.mui,File027
OfflineSetupProvider.dll.mui,C:\Windows\WinSxS\wow64_microsoft-windows-d..ers-image.resources_31bf3856ad364e35_10.0.26100.5074_en-us_7a17a53426c82711\OfflineSetupProvider.dll.mui,File005
OfflineSetupProvider.dll.mui,C:\Windows\WinSxS\wow64_microsoft-windows-d..ers-image.resources_31bf3856ad364e35_10.0.26100.1_en-us_db178025df746736\OfflineSetupProvider.dll.mui,File005
OSProvider.dll.mui,C:\Windows\WinSxS\wow64_microsoft-windows-d..ers-image.resources_31bf3856ad364e35_10.0.26100.1_en-us_db178025df746736\OSProvider.dll.mui,File024
SmiProvider.dll.mui,C:\Windows\WinSxS\wow64_microsoft-windows-d..ers-image.resources_31bf3856ad364e35_10.0.26100.1_en-us_db178025df746736\SmiProvider.dll.mui,File005
Dsui.dll.mui,C:\Windows\WinSxS\wow64_microsoft-windows-d..cesetupui.resources_31bf3856ad364e35_10.0.26100.1_en-us_738f85d3b059e624\Dsui.dll.mui,File027
OSProvider.dll.mui,C:\Windows\WinSxS\wow64_microsoft-windows-d..ers-image.resources_31bf3856ad364e35_10.0.26100.5074_en-us_7a17a53426c82711\OSProvider.dll.mui,File024
efsui.exe,C:\Windows\WinSxS\wow64_microsoft-windows-efs-ui_31bf3856ad364e35_10.0.26100.1_none_fdbd1ab52483d881\efsui.exe,File101
dot3api.dll.mui,C:\Windows\WinSxS\wow64_microsoft-windows-dot3svc.resources_31bf3856ad364e35_10.0.26100.1_en-us_0e60fcccd49eb0d3\dot3api.dll.mui,File024
dot3gpclnt.dll.mui,C:\Windows\WinSxS\wow64_microsoft-windows-dot3gpclient.resources_31bf3856ad364e35_10.0.26100.1_en-us_202f0ec84731295d\dot3gpclnt.dll.mui,File160
dot3msm.dll.mui,C:\Windows\WinSxS\wow64_microsoft-windows-dot3svc.resources_31bf3856ad364e35_10.0.26100.1_en-us_0e60fcccd49eb0d3\dot3msm.dll.mui,File024
TtlsAuth.dll.mui,C:\Windows\WinSxS\wow64_microsoft-windows-eapttls.resources_31bf3856ad364e35_10.0.26100.1_en-us_03ff99112aa3f07c\TtlsAuth.dll.mui,File160
charmap.exe.mui,C:\Windows\WinSxS\wow64_microsoft-windows-charmap.resources_31bf3856ad364e35_10.0.26100.4768_en-us_8d3a5f66dc488b65\charmap.exe.mui,File042
LaunchTM.exe,C:\Windows\WinSxS\wow64_microsoft-windows-advancedtaskmanager_31bf3856ad364e35_10.0.26100.5074_none_552f52a0cfc06da1\LaunchTM.exe,File001
dllhst3g.exe,C:\Windows\WinSxS\wow64_microsoft-windows-com-surrogate_31bf3856ad364e35_10.0.26100.1_none_4b6c4168906f5df6\dllhst3g.exe,File042
dcomcnfg.exe,C:\Windows\WinSxS\wow64_microsoft-windows-com-complus-ui_31bf3856ad364e35_10.0.26100.5074_none_56f03b762c79adb9\dcomcnfg.exe,File001
LaunchTM.exe,C:\Windows\WinSxS\wow64_microsoft-windows-advancedtaskmanager_31bf3856ad364e35_10.0.26100.7623_none_54e98c3acff57741\LaunchTM.exe,File001
comres.dll,C:\Windows\WinSxS\wow64_microsoft-windows-com-complus.res_31bf3856ad364e35_10.0.26100.4202_none_d2dcdc64ca894b96\comres.dll,File005
apphelp.dll.mui,C:\Windows\WinSxS\wow64_microsoft-windows-a..structure.resources_31bf3856ad364e35_10.0.26100.1_en-us_ff709b59338e2eec\apphelp.dll.mui,File027
dcomcnfg.exe,C:\Windows\WinSxS\wow64_microsoft-windows-com-complus-ui_31bf3856ad364e35_10.0.26100.1_none_b7f01667e525edde\dcomcnfg.exe,File001
LaunchTM.exe,C:\Windows\WinSxS\wow64_microsoft-windows-advancedtaskmanager_31bf3856ad364e35_10.0.26100.7705_none_54dc8e2acfff93c6\LaunchTM.exe,File001
comres.dll,C:\Windows\WinSxS\wow64_microsoft-windows-com-complus.res_31bf3856ad364e35_10.0.26100.1_none_33f92d8a831f35a3\comres.dll,File005
gpapi.dll.mui,C:\Windows\WinSxS\wow64_microsoft-windows-g..licy-base.resources_31bf3856ad364e35_10.0.26100.7705_en-us_672a4ee655667232\gpapi.dll.mui,File160
gptext.dll.mui,C:\Windows\WinSxS\wow64_microsoft-windows-g..cy-gptext.resources_31bf3856ad364e35_10.0.26100.1_en-us_c9d6c70b1e3b849b\gptext.dll.mui,File024
gpapi.dll.mui,C:\Windows\WinSxS\wow64_microsoft-windows-g..licy-base.resources_31bf3856ad364e35_10.0.26100.1_en-us_c87cee4e0dd38c32\gpapi.dll.mui,File160
gpscript.dll.mui,C:\Windows\WinSxS\wow64_microsoft-windows-g..cy-script.resources_31bf3856ad364e35_10.0.26100.1_en-us_4114204a24ff8bd8\gpscript.dll.mui,File024
DMAppsRes.dll,C:\Windows\WinSxS\wow64_microsoft-windows-d..anagement-dmappsres_31bf3856ad364e35_10.0.26100.4202_none_ac5831f0faa879b0\DMAppsRes.dll,File005
DMAppsRes.dll,C:\Windows\WinSxS\wow64_microsoft-windows-d..anagement-dmappsres_31bf3856ad364e35_10.0.26100.1_none_0d748316b33e63bd\DMAppsRes.dll,File005
XInput1_4.dll.mui,C:\Windows\WinSxS\wow64_microsoft-windows-d..xinput1_4.resources_31bf3856ad364e35_10.0.26100.1_en-us_0c4c0d5f3c6061e3\XInput1_4.dll.mui,File005
DeviceDisplayStatusManager.dll.mui,C:\Windows\WinSxS\wow64_microsoft-windows-d..usmanager.resources_31bf3856ad364e35_10.0.26100.1_en-us_7d2291545eabf2b2\DeviceDisplayStatusManager.dll.mui,File005
qdvd.dll.mui,C:\Windows\WinSxS\wow64_microsoft-windows-d..vdsupport.resources_31bf3856ad364e35_10.0.26100.1_en-us_4dfc8d6294137d63\qdvd.dll.mui,File042
StorageContextHandler.dll.mui,C:\Windows\WinSxS\wow64_microsoft-windows-d..xthandler.resources_31bf3856ad364e35_10.0.26100.1_en-us_515eb87327e5741b\StorageContextHandler.dll.mui,File024
SysprepProvider.dll.mui,C:\Windows\WinSxS\wow64_microsoft-windows-d..s-sysprep.resources_31bf3856ad364e35_10.0.26100.1_en-us_a4da5147700eedd5\SysprepProvider.dll.mui,File024
DeviceSetupStatusProvider.dll.mui,C:\Windows\WinSxS\wow64_microsoft-windows-d..sprovider.resources_31bf3856ad364e35_10.0.26100.4202_en-us_599d21bc75441536\DeviceSetupStatusProvider.dll.mui,File160
DeviceSetupStatusProvider.dll.mui,C:\Windows\WinSxS\wow64_microsoft-windows-d..sprovider.resources_31bf3856ad364e35_10.0.26100.1_en-us_bab972e22dd9ff43\DeviceSetupStatusProvider.dll.mui,File160
RemoveDeviceContextHandler.dll.mui,C:\Windows\WinSxS\wow64_microsoft-windows-d..xthandler.resources_31bf3856ad364e35_10.0.26100.1_en-us_658d907f6cb86132\RemoveDeviceContextHandler.dll.mui,File027
hh.exe.mui,C:\Windows\WinSxS\wow64_microsoft-windows-htmlhelp.resources_31bf3856ad364e35_10.0.26100.1882_en-us_5b41654a6588cc05\hh.exe.mui,File005
lpk.dll,C:\Windows\WinSxS\wow64_microsoft-windows-gdi_31bf3856ad364e35_10.0.26100.7309_none_4ff3b0533ee6968c\lpk.dll,File005
MessagingDataModel2.dll.mui,C:\Windows\WinSxS\wow64_microsoft-windows-a..datamodel.resources_31bf3856ad364e35_10.0.26100.1_en-us_9835b4c1c9b5c7cf\MessagingDataModel2.dll.mui,File005
c_GSM7.DLL,C:\Windows\WinSxS\wow64_microsoft-windows-i..ional-codepage-core_31bf3856ad364e35_10.0.26100.7623_none_dcd7765ee19caa30\c_GSM7.DLL,File101
iislog.dll.mui,C:\Windows\WinSxS\wow64_microsoft-windows-i..gbinaries.resources_31bf3856ad364e35_10.0.26100.1_en-us_3ad64624dd250915\iislog.dll.mui,File024
ieui.dll.mui,C:\Windows\WinSxS\wow64_microsoft-windows-i..i-windows.resources_31bf3856ad364e35_10.0.26100.1_en-us_32b7ccf9adcbed5e\ieui.dll.mui,File027
msacm32.drv.mui,C:\Windows\WinSxS\wow64_microsoft-onecore-a..ore-other.resources_31bf3856ad364e35_10.0.26100.1_en-us_fb36dd4085d4b669\msacm32.drv.mui,File005
C_ISCII.DLL,C:\Windows\WinSxS\wow64_microsoft-windows-i..codepage-additional_31bf3856ad364e35_10.0.26100.1_none_5ca5b64adcdbeb85\C_ISCII.DLL,File101
c_GSM7.DLL,C:\Windows\WinSxS\wow64_microsoft-windows-i..ional-codepage-core_31bf3856ad364e35_10.0.26100.1_none_3e1d17b69a13e0b5\c_GSM7.DLL,File101
imapi.dll.mui,C:\Windows\WinSxS\wow64_microsoft-windows-i..egacyshim.resources_31bf3856ad364e35_10.0.26100.1_en-us_2abc822cb5ffe098\imapi.dll.mui,File024
cachuri.dll,C:\Windows\WinSxS\wow64_microsoft-windows-i..cachingbasebinaries_31bf3856ad364e35_10.0.26100.1882_none_e5f4e3196caec643\cachuri.dll,File071
windows.ui.xaml.dll.mui,C:\Windows\WinSxS\wow64_microsoft-windows-directui.resources_31bf3856ad364e35_10.0.26100.1301_ko-kr_e687d65279f9178c\windows.ui.xaml.dll.mui,File101
windows.ui.xaml.dll.mui,C:\Windows\WinSxS\wow64_microsoft-windows-directui.resources_31bf3856ad364e35_10.0.26100.1301_zh-tw_77d0592aaed50798\windows.ui.xaml.dll.mui,File071
windows.ui.xaml.dll.mui,C:\Windows\WinSxS\wow64_microsoft-windows-directui.resources_31bf3856ad364e35_10.0.26100.1301_zh-cn_73d41bd4b1642b28\windows.ui.xaml.dll.mui,File071
pwrshmsg.dll,C:\Windows\WinSxS\wow64_microsoft-windows-powershell-message_31bf3856ad364e35_10.0.26100.1_none_348d4ab8d552408d\pwrshmsg.dll,File005
wpnclient.dll,C:\Windows\WinSxS\wow64_microsoft-windows-p..otifications-client_31bf3856ad364e35_10.0.26100.5074_none_a03406216f4c3a5f\wpnclient.dll,File148
wpnclient.dll,C:\Windows\WinSxS\wow64_microsoft-windows-p..otifications-client_31bf3856ad364e35_10.0.26100.7309_none_a00c263b6f6b5744\wpnclient.dll,File148
hidphone.tsp.mui,C:\Windows\WinSxS\wow64_microsoft-windows-optionaltsps.resources_31bf3856ad364e35_10.0.26100.1_en-us_49e7ac9e2c51619f\hidphone.tsp.mui,File027
ntlanman.dll.mui,C:\Windows\WinSxS\wow64_microsoft-windows-ntlanman.resources_31bf3856ad364e35_10.0.26100.1_en-us_4309da05e54aa326\ntlanman.dll.mui,File027
ndadmin.exe,C:\Windows\WinSxS\wow64_microsoft-windows-newdev_31bf3856ad364e35_10.0.26100.7309_none_b796e32f350950f3\ndadmin.exe,File213
ndadmin.exe,C:\Windows\WinSxS\wow64_microsoft-windows-newdev_31bf3856ad364e35_10.0.26100.7705_none_b76bfe9f35295a33\ndadmin.exe,File213
ndadmin.exe,C:\Windows\WinSxS\wow64_microsoft-windows-newdev_31bf3856ad364e35_10.0.26100.5074_none_b7bec31534ea340e\ndadmin.exe,File213
msxml6r.dll,C:\Windows\WinSxS\wow64_microsoft-windows-msxml60_31bf3856ad364e35_10.0.26100.7309_none_2e8e941d7b36a85f\msxml6r.dll,File005
NetworkItemFactory.dll.mui,C:\Windows\WinSxS\wow64_microsoft-windows-n..kexplorer.resources_31bf3856ad364e35_10.0.26100.1_en-us_8f1b5561c4a8fc20\NetworkItemFactory.dll.mui,File005
nddeapi.dll,C:\Windows\WinSxS\wow64_microsoft-windows-nddeapi_31bf3856ad364e35_10.0.26100.1_none_417b94ddc84cfe87\nddeapi.dll,File001
msvcirt.dll,C:\Windows\WinSxS\wow64_microsoft-windows-msvcirt_31bf3856ad364e35_10.0.26100.3323_none_06e03d698266e462\msvcirt.dll,File213
msxml6r.dll,C:\Windows\WinSxS\wow64_microsoft-windows-msxml60_31bf3856ad364e35_10.0.26100.5074_none_2eb674037b178b7a\msxml6r.dll,File005
asferror.dll,C:\Windows\WinSxS\wow64_microsoft-windows-mediaplayer-wmasf_31bf3856ad364e35_10.0.26100.1_none_aefe4352dd5569cc\asferror.dll,File005
mmres.dll,C:\Windows\WinSxS\wow64_microsoft-windows-mmres_31bf3856ad364e35_10.0.26100.1_none_661ed4357bbf45f2\mmres.dll,File027
mmsys.cpl,C:\Windows\WinSxS\wow64_microsoft-windows-mmsys_31bf3856ad364e35_10.0.26100.1_none_65b81cf37c18794d\mmsys.cpl,File155
SensorsCpl.dll,C:\Windows\WinSxS\wow64_microsoft-windows-mobilepc-sensors-cpl_31bf3856ad364e35_10.0.26100.1_none_099790f2abd3c1c9\SensorsCpl.dll,File005
msxml3r.dll,C:\Windows\WinSxS\wow64_microsoft-windows-msxml30_31bf3856ad364e35_10.0.26100.5074_none_2eb6b85b7b173e97\msxml3r.dll,File005
msvcirt.dll,C:\Windows\WinSxS\wow64_microsoft-windows-msvcirt_31bf3856ad364e35_10.0.26100.1_none_680576953af66356\msvcirt.dll,File213
wfplwfs.sys.mui,C:\Windows\WinSxS\wow64_microsoft-windows-n..-security.resources_31bf3856ad364e35_10.0.26100.3915_en-us_f416d60629232669\wfplwfs.sys.mui,File027
moricons.dll,C:\Windows\WinSxS\wow64_microsoft-windows-moricons_31bf3856ad364e35_10.0.26100.1_none_ec633b2c818e4c2e\moricons.dll,File005
wfplwfs.sys.mui,C:\Windows\WinSxS\wow64_microsoft-windows-n..-security.resources_31bf3856ad364e35_10.0.26100.1_en-us_557e1c93e180e3cc\wfplwfs.sys.mui,File027
wmerror.dll,C:\Windows\WinSxS\wow64_microsoft-windows-mediaplayer-wmerror_31bf3856ad364e35_10.0.26100.4202_none_dd80f47a9b4de005\wmerror.dll,File005
wmerror.dll,C:\Windows\WinSxS\wow64_microsoft-windows-mediaplayer-wmerror_31bf3856ad364e35_10.0.26100.1_none_3e9d45a053e3ca12\wmerror.dll,File005
msxml3r.dll,C:\Windows\WinSxS\wow64_microsoft-windows-msxml30_31bf3856ad364e35_10.0.26100.7309_none_2e8ed8757b365b7c\msxml3r.dll,File005
powershell.exe.mui,C:\Windows\WinSxS\wow64_microsoft-windows-p..shell-mui.resources_31bf3856ad364e35_10.0.26100.1_en-us_4831b837131d0084\powershell.exe.mui,File071
msftedit.dll.mui,C:\Windows\WinSxS\wow64_microsoft-windows-msftedit.resources_31bf3856ad364e35_10.0.26100.1_en-us_e22884ce17469059\msftedit.dll.mui,File024
MapControlStringsRes.dll,C:\Windows\WinSxS\wow64_microsoft-windows-mapcontrol_31bf3856ad364e35_10.0.26100.5074_none_b99d93b6eed41a2a\MapControlStringsRes.dll,File005
cic.dll.mui,C:\Windows\WinSxS\wow64_microsoft-windows-m..t-console.resources_31bf3856ad364e35_10.0.26100.3915_en-us_0b24349cd865fb0e\cic.dll.mui,File005
AccountAccessor.dll.mui,C:\Windows\WinSxS\wow64_microsoft-windows-m..taccessor.resources_31bf3856ad364e35_10.0.26100.1_en-us_0c733496f94609e2\AccountAccessor.dll.mui,File027
cic.dll.mui,C:\Windows\WinSxS\wow64_microsoft-windows-m..t-console.resources_31bf3856ad364e35_10.0.26100.1_en-us_6c8b7b2a90c3b871\cic.dll.mui,File005
mmcshext.dll.mui,C:\Windows\WinSxS\wow64_microsoft-windows-m..t-console.resources_31bf3856ad364e35_10.0.26100.3915_en-us_0b24349cd865fb0e\mmcshext.dll.mui,File005
mmcshext.dll.mui,C:\Windows\WinSxS\wow64_microsoft-windows-m..t-console.resources_31bf3856ad364e35_10.0.26100.1_en-us_6c8b7b2a90c3b871\mmcshext.dll.mui,File005
sqlxmlx.rll,C:\Windows\WinSxS\wow64_microsoft-windows-m..ponents-mdac-sqlxml_31bf3856ad364e35_10.0.26100.1_none_20bb90030a6d53f2\sqlxmlx.rll,File005
msadcer.dll,C:\Windows\WinSxS\wow64_microsoft-windows-m..nts-mdac-rds-ce-rll_31bf3856ad364e35_10.0.26100.1_none_68a1e85ddf1e1364\msadcer.dll,File005
api-ms-win-core-localization-l1-2-1.dll,C:\Windows\WinSxS\wow64_microsoft-windows-m..namespace-downlevel_31bf3856ad364e35_10.0.26100.1_none_cead2d631e07aa5b\api-ms-win-core-localization-l1-2-1.dll,File177
MCCSEngineShared.dll.mui,C:\Windows\WinSxS\wow64_microsoft-windows-m..ineshared.resources_31bf3856ad364e35_10.0.26100.1_en-us_eb350dfd8acd43b1\MCCSEngineShared.dll.mui,File024
API-MS-Win-Security-Lsalookup-L2-1-1.dll,C:\Windows\WinSxS\wow64_microsoft-windows-m..namespace-downlevel_31bf3856ad364e35_10.0.26100.1_none_42db6a68329f6fe9\API-MS-Win-Security-Lsalookup-L2-1-1.dll,File177
API-MS-Win-Core-Kernel32-Private-L1-1-1.dll,C:\Windows\WinSxS\wow64_microsoft-windows-m..namespace-downlevel_31bf3856ad364e35_10.0.26100.1_none_42db6a68329f6fe9\API-MS-Win-Core-Kernel32-Private-L1-1-1.dll,File177
chcp.com,C:\Windows\WinSxS\wow64_microsoft-windows-m..ommandlineutilities_31bf3856ad364e35_10.0.26100.1_none_8465405a0441f0fb\chcp.com,File101
mpvis.dll.mui,C:\Windows\WinSxS\wow64_microsoft-windows-m..layer-vis.resources_31bf3856ad364e35_10.0.26100.1_en-us_0744eab8b1911655\mpvis.dll.mui,File024
api-ms-win-base-util-l1-1-0.dll,C:\Windows\WinSxS\wow64_microsoft-windows-m..namespace-downlevel_31bf3856ad364e35_10.0.26100.1_none_42db6a68329f6fe9\api-ms-win-base-util-l1-1-0.dll,File177
APHostRes.dll.mui,C:\Windows\WinSxS\wow64_microsoft-windows-m..aphostres.resources_31bf3856ad364e35_10.0.26100.1_ja-jp_aa1d0d27f6818ebf\APHostRes.dll.mui,File071
APHostRes.dll.mui,C:\Windows\WinSxS\wow64_microsoft-windows-m..aphostres.resources_31bf3856ad364e35_10.0.26100.1_ko-kr_4d86e9dce8f255d5\APHostRes.dll.mui,File001
lz32.dll,C:\Windows\WinSxS\wow64_microsoft-windows-lz32_31bf3856ad364e35_10.0.26100.1_none_99d7cfedc6565e15\lz32.dll,File005
panmap.dll,C:\Windows\WinSxS\wow64_microsoft-windows-panmap_31bf3856ad364e35_10.0.26100.1_none_70a4a6eebc128621\panmap.dll,File101
dabapi.dll.mui,C:\Windows\WinSxS\wow64_microsoft-windows-s..brokerapi.resources_31bf3856ad364e35_10.0.26100.1_en-us_5b8c03189ae6ada8\dabapi.dll.mui,File005
SetupCleanupTask.dll.mui,C:\Windows\WinSxS\wow64_microsoft-windows-s..anup-task.resources_31bf3856ad364e35_10.0.26100.3915_en-us_084aaf75c066a14e\SetupCleanupTask.dll.mui,File024
RMActivate.exe.mui,C:\Windows\WinSxS\wow64_microsoft-windows-s..-whitebox.resources_31bf3856ad364e35_10.0.26100.1_en-us_417e340537b81d2b\RMActivate.exe.mui,File005
SetupCleanupTask.dll.mui,C:\Windows\WinSxS\wow64_microsoft-windows-s..anup-task.resources_31bf3856ad364e35_10.0.26100.1_en-us_69b1f60378c45eb1\SetupCleanupTask.dll.mui,File024
Windows.ApplicationModel.Store.TestingFramework.dll.mui,C:\Windows\WinSxS\wow64_microsoft-windows-s..e-runtime.resources_31bf3856ad364e35_10.0.26100.3915_en-us_f083f390a5b9c640\Windows.ApplicationModel.Store.TestingFramework.dll.mui,File024
Windows.ApplicationModel.Store.TestingFramework.dll.mui,C:\Windows\WinSxS\wow64_microsoft-windows-s..e-runtime.resources_31bf3856ad364e35_10.0.26100.1_en-us_51eb3a1e5e1783a3\Windows.ApplicationModel.Store.TestingFramework.dll.mui,File024
DavSyncProvider.dll.mui,C:\Windows\WinSxS\wow64_microsoft-windows-m..cprovider.resources_31bf3856ad364e35_10.0.26100.1_en-us_d0152aaa62992abb\DavSyncProvider.dll.mui,File071
msdaprsr.dll,C:\Windows\WinSxS\wow64_microsoft-windows-m..dac-rds-persist-rll_31bf3856ad364e35_10.0.26100.1_none_9c038276c4365de2\msdaprsr.dll,File005
msader15.dll,C:\Windows\WinSxS\wow64_microsoft-windows-m..ents-mdac-ado15-rll_31bf3856ad364e35_10.0.26100.1_none_19ae99bd09964cb8\msader15.dll,File005
wmplayer.exe.mui,C:\Windows\WinSxS\wow64_microsoft-windows-m..ayer-core.resources_31bf3856ad364e35_10.0.26100.1_en-us_2ac415d87e8f482c\wmplayer.exe.mui,File024
AccountsRT.dll.mui,C:\Windows\WinSxS\wow64_microsoft-windows-m..ccountsrt.resources_31bf3856ad364e35_10.0.26100.1_en-us_fdd2dd74dba4b2ba\AccountsRT.dll.mui,File024
wmploc.DLL,C:\Windows\WinSxS\wow64_microsoft-windows-mediaplayer-core_31bf3856ad364e35_10.0.26100.7705_none_b15f766a3399fc15\wmploc.DLL,File005
spwmp.dll,C:\Windows\WinSxS\wow64_microsoft-windows-mediaplayer-core_31bf3856ad364e35_10.0.26100.7705_none_b15f766a3399fc15\spwmp.dll,File071
wmploc.DLL,C:\Windows\WinSxS\wow64_microsoft-windows-mediaplayer-core_31bf3856ad364e35_10.0.26100.5074_none_b1b23ae0335ad5f0\wmploc.DLL,File005
MapControlStringsRes.dll,C:\Windows\WinSxS\wow64_microsoft-windows-mapcontrol_31bf3856ad364e35_10.0.26100.7623_none_b957cd50ef0923ca\MapControlStringsRes.dll,File005
spwmp.dll,C:\Windows\WinSxS\wow64_microsoft-windows-mediaplayer-core_31bf3856ad364e35_10.0.26100.5074_none_b1b23ae0335ad5f0\spwmp.dll,File071
wmploc.DLL,C:\Windows\WinSxS\wow64_microsoft-windows-mediaplayer-core_31bf3856ad364e35_10.0.26100.7309_none_b18a5afa3379f2d5\wmploc.DLL,File005
spwmp.dll,C:\Windows\WinSxS\wow64_microsoft-windows-mediaplayer-core_31bf3856ad364e35_10.0.26100.7309_none_b18a5afa3379f2d5\spwmp.dll,File071
iertutil.dll.mui,C:\Windows\WinSxS\wow64_microsoft-windows-i..utilities.resources_31bf3856ad364e35_11.0.26100.1_en-us_05dbb066c7b3823d\iertutil.dll.mui,File024
IconCodecService.dll,C:\Windows\WinSxS\wow64_microsoft-windows-iconcodecservice_31bf3856ad364e35_10.0.26100.1_none_2e80f68027019d22\IconCodecService.dll,File101
icsigd.dll.mui,C:\Windows\WinSxS\wow64_microsoft-windows-icsigd.resources_31bf3856ad364e35_10.0.26100.1_en-us_1bcc0c7072f023ac\icsigd.dll.mui,File160
infocomm.dll.mui,C:\Windows\WinSxS\wow64_microsoft-windows-iis-metabase.resources_31bf3856ad364e35_10.0.26100.1_en-us_8ff50fedc8451a7b\infocomm.dll.mui,File005
Windows.Graphics.Printing.Workflow.Native.dll,C:\Windows\WinSxS\wow64_microsoft-windows-printing-workflow_31bf3856ad364e35_10.0.26100.7705_none_967dd5824d35599b\Windows.Graphics.Printing.Workflow.Native.dll,File101
Windows.Graphics.Printing.Workflow.Native.dll,C:\Windows\WinSxS\wow64_microsoft-windows-printing-workflow_31bf3856ad364e35_10.0.26100.7623_none_968ad3924d2b3d16\Windows.Graphics.Printing.Workflow.Native.dll,File101
Windows.Graphics.Printing.Workflow.Native.dll,C:\Windows\WinSxS\wow64_microsoft-windows-printing-workflow_31bf3856ad364e35_10.0.26100.5074_none_96d099f84cf63376\Windows.Graphics.Printing.Workflow.Native.dll,File101
tzres.dll,C:\Windows\WinSxS\wow64_microsoft-windows-i..rnational-timezones_31bf3856ad364e35_10.0.26100.3323_none_bb6a6ffcedefee6f\tzres.dll,File005
ieunatt.exe.mui,C:\Windows\WinSxS\wow64_microsoft-windows-i..texplorer.resources_31bf3856ad364e35_11.0.26100.1_en-us_78c640a15c8ca0bb\ieunatt.exe.mui,File005
msrating.dll,C:\Windows\WinSxS\wow64_microsoft-windows-ie-ratings_31bf3856ad364e35_11.0.26100.2454_none_b16584126a9334ac\msrating.dll,File001
msrating.dll,C:\Windows\WinSxS\wow64_microsoft-windows-ie-ratings_31bf3856ad364e35_11.0.26100.1_none_02cc0bdf6482751e\msrating.dll,File001
appcmd.exe.mui,C:\Windows\WinSxS\wow64_microsoft-windows-i..vercommon.resources_31bf3856ad364e35_10.0.26100.1_en-us_da71b08a9116ca7c\appcmd.exe.mui,File005
iissetup.exe.mui,C:\Windows\WinSxS\wow64_microsoft-windows-i..vercommon.resources_31bf3856ad364e35_10.0.26100.1_en-us_da71b08a9116ca7c\iissetup.exe.mui,File027
browscap.dll.mui,C:\Windows\WinSxS\wow64_microsoft-windows-i..pbinaries.resources_31bf3856ad364e35_10.0.26100.1_en-us_7c9adc1923639f0a\browscap.dll.mui,File024
html.iec.mui,C:\Windows\WinSxS\wow64_microsoft-windows-i..r-enduser.resources_31bf3856ad364e35_10.0.26100.1_en-us_75ea7817ac3ba91e\html.iec.mui,File001
Nlsdl.dll,C:\Windows\WinSxS\wow64_microsoft-windows-i..nal-nlsdownleveldll_31bf3856ad364e35_10.0.26100.1882_none_ae9c21ff3c8412d6\Nlsdl.dll,File001
Inetmgr.exe.mui,C:\Windows\WinSxS\wow64_microsoft-windows-i..ntconsole.resources_31bf3856ad364e35_10.0.26100.1_en-us_96b6037ac2919ac9\Inetmgr.exe.mui,File024
fixmapi.exe.mui,C:\Windows\WinSxS\wow64_microsoft-windows-mapi.resources_31bf3856ad364e35_10.0.26100.1_en-us_31c372e4872586be\fixmapi.exe.mui,File005
XpsToTiffConverter.dll,C:\Windows\WinSxS\wow64_microsoft-windows-p..ing-printconverters_31bf3856ad364e35_10.0.26100.5074_none_d1cee8f97b8b839d\XpsToTiffConverter.dll,File213
XPath.dll.mui,C:\Windows\WinSxS\wow64_microsoft-windows-i..lprovider.resources_31bf3856ad364e35_10.0.26100.1_en-us_98035a8e2277aea7\XPath.dll.mui,File027
AppHostNavigators.dll.mui,C:\Windows\WinSxS\wow64_microsoft-windows-i..lprovider.resources_31bf3856ad364e35_10.0.26100.1_en-us_98035a8e2277aea7\AppHostNavigators.dll.mui,File024
KBDCMK.DLL,C:\Windows\WinSxS\wow64_microsoft-windows-i..l-keyboard-00060409_31bf3856ad364e35_10.0.26100.2454_none_639f27bbf5b9ef14\KBDCMK.DLL,File001
Nlsdl.dll,C:\Windows\WinSxS\wow64_microsoft-windows-i..nal-nlsdownleveldll_31bf3856ad364e35_10.0.26100.1_none_0ff1560ef4f081fa\Nlsdl.dll,File001
NdisImPlatform.sys.mui,C:\Windows\WinSxS\wow64_microsoft-windows-n..mplatform.resources_31bf3856ad364e35_10.0.26100.1_en-us_a3fbe8b87e3752fd\NdisImPlatform.sys.mui,File071
ncpa.cpl.mui,C:\Windows\WinSxS\wow64_microsoft-windows-netshell-mui.resources_31bf3856ad364e35_10.0.26100.1_en-us_5641cb50d7687f82\ncpa.cpl.mui,File005
neth.dll,C:\Windows\WinSxS\wow64_microsoft-windows-net-command-line-tool_31bf3856ad364e35_10.0.26100.4202_none_f85e530d56ce824e\neth.dll,File005
KBDCMK.DLL,C:\Windows\WinSxS\wow64_microsoft-windows-i..l-keyboard-00060409_31bf3856ad364e35_10.0.26100.1_none_c4cc48a3ae43e998\KBDCMK.DLL,File001
neth.dll,C:\Windows\WinSxS\wow64_microsoft-windows-net-command-line-tool_31bf3856ad364e35_10.0.26100.7019_none_f874596956be0e9f\neth.dll,File005
neth.dll,C:\Windows\WinSxS\wow64_microsoft-windows-net-command-line-tool_31bf3856ad364e35_10.0.26100.1_none_597aa4330f646c5b\neth.dll,File005
InfDefaultInstall.exe,C:\Windows\WinSxS\wow64_microsoft-windows-infdefaultinstall_31bf3856ad364e35_10.0.26100.1_none_73dcd67238fcc679\InfDefaultInstall.exe,File101
oleacchooks.dll,C:\Windows\WinSxS\wow64_microsoft-windows-oleacc_31bf3856ad364e35_10.0.26100.5074_none_10cd358f06a4d7de\oleacchooks.dll,File001
SyncRes.dll,C:\Windows\WinSxS\wow64_microsoft-windows-mccs-syncres_31bf3856ad364e35_10.0.26100.4202_none_2255261b7bde328b\SyncRes.dll,File005
SyncRes.dll,C:\Windows\WinSxS\wow64_microsoft-windows-mccs-syncres_31bf3856ad364e35_10.0.26100.1_none_8371774134741c98\SyncRes.dll,File005
Fondue.exe.mui,C:\Windows\WinSxS\wow64_microsoft-windows-o..es-fondue.resources_31bf3856ad364e35_10.0.26100.1_en-us_196a9c3fb6d671aa\Fondue.exe.mui,File027
oleacchooks.dll,C:\Windows\WinSxS\wow64_microsoft-windows-oleacc_31bf3856ad364e35_10.0.26100.7309_none_10a555a906c3f4c3\oleacchooks.dll,File001
oleacchooks.dll,C:\Windows\WinSxS\wow64_microsoft-windows-oleacc_31bf3856ad364e35_10.0.26100.7705_none_107a711906e3fe03\oleacchooks.dll,File001
iscomlog.dll.mui,C:\Windows\WinSxS\wow64_microsoft-windows-iis-metabase.resources_31bf3856ad364e35_10.0.26100.1_en-us_8ff50fedc8451a7b\iscomlog.dll.mui,File027
infoctrs.dll.mui,C:\Windows\WinSxS\wow64_microsoft-windows-iis-metabase.resources_31bf3856ad364e35_10.0.26100.1_en-us_8ff50fedc8451a7b\infoctrs.dll.mui,File027
iologmsg.dll,C:\Windows\WinSxS\wow64_microsoft-windows-iologgingdll_31bf3856ad364e35_10.0.26100.1_none_be2658df995445b1\iologmsg.dll,File005
ipmiprr.dll,C:\Windows\WinSxS\wow64_microsoft-windows-ipmiprovider_31bf3856ad364e35_10.0.26100.1_none_2681fd0c2e57882a\ipmiprr.dll,File027
msoert2.dll.mui,C:\Windows\WinSxS\wow64_microsoft-windows-m..-comm-dll.resources_31bf3856ad364e35_10.0.26100.1_en-us_c4f83d19bef88c18\msoert2.dll.mui,File027
wldap32.dll.mui,C:\Windows\WinSxS\wow64_microsoft-windows-ldap-client.resources_31bf3856ad364e35_10.0.26100.1_en-us_e2b43c0fc3f4758c\wldap32.dll.mui,File042
ipmiprr.dll.mui,C:\Windows\WinSxS\wow64_microsoft-windows-ipmiprovider.resources_31bf3856ad364e35_10.0.26100.1_en-us_835a915c732f9b99\ipmiprr.dll.mui,File160
iscsicpl.exe,C:\Windows\WinSxS\wow64_microsoft-windows-iscsi_initiator_ui_31bf3856ad364e35_10.0.26100.1882_none_7dde49544092cc80\iscsicpl.exe,File001
iologmsg.dll,C:\Windows\WinSxS\wow64_microsoft-windows-iologgingdll_31bf3856ad364e35_10.0.26100.4202_none_5d0a07b9e0be5ba4\iologmsg.dll,File005
LockAppBroker.dll.mui,C:\Windows\WinSxS\wow64_microsoft-windows-l..ker-winrt.resources_31bf3856ad364e35_10.0.26100.1_en-us_0a5311a79dd8cf87\LockAppBroker.dll.mui,File027
iscsicpl.exe,C:\Windows\WinSxS\wow64_microsoft-windows-iscsi_initiator_ui_31bf3856ad364e35_10.0.26100.1_none_df337d63f8ff3ba4\iscsicpl.exe,File001
imageres.dll,C:\Windows\WinSxS\wow64_microsoft-windows-imageres_31bf3856ad364e35_10.0.26100.7705_none_82b3567ddc6648b7\imageres.dll,File005
imageres.dll,C:\Windows\WinSxS\wow64_microsoft-windows-imageres_31bf3856ad364e35_10.0.26100.7309_none_82de3b0ddc463f77\imageres.dll,File005
imagesp1.dll,C:\Windows\WinSxS\wow64_microsoft-windows-imagesp1_31bf3856ad364e35_10.0.26100.1_none_ebb048ef8f997a03\imagesp1.dll,File005
imageres.dll,C:\Windows\WinSxS\wow64_microsoft-windows-imageres_31bf3856ad364e35_10.0.26100.4484_none_82dbd9a7dc46ae86\imageres.dll,File005
imageres.dll,C:\Windows\WinSxS\wow64_microsoft-windows-imageres_31bf3856ad364e35_10.0.26100.1_none_e405f5e594d362b7\imageres.dll,File005
cmlua.dll.mui,C:\Windows\WinSxS\wow64_microsoft-windows-r..onmanager.resources_31bf3856ad364e35_10.0.26100.1_en-us_35653721a0138b4c\cmlua.dll.mui,File005
rasplap.dll.mui,C:\Windows\WinSxS\wow64_microsoft-windows-rasplap-mui.resources_31bf3856ad364e35_10.0.26100.1_en-us_97a933f48012d01e\rasplap.dll.mui,File160
rtutils.dll.mui,C:\Windows\WinSxS\wow64_microsoft-windows-rasrtutils.resources_31bf3856ad364e35_10.0.26100.1_en-us_e47e005aafc32060\rtutils.dll.mui,File024
qedwipes.dll,C:\Windows\WinSxS\wow64_microsoft-windows-qedwipes_31bf3856ad364e35_10.0.26100.1_none_5ec7ab6247385fbc\qedwipes.dll,File005
regedt32.exe,C:\Windows\WinSxS\wow64_microsoft-windows-registry-editor_31bf3856ad364e35_10.0.26100.7309_none_9a4f4d3fc038dfd7\regedt32.exe,File001
regedt32.exe,C:\Windows\WinSxS\wow64_microsoft-windows-registry-editor_31bf3856ad364e35_10.0.26100.5074_none_9a772d25c019c2f2\regedt32.exe,File001
recover.exe,C:\Windows\WinSxS\wow64_microsoft-windows-recover_31bf3856ad364e35_10.0.26100.1_none_8d5ba08151885bf2\recover.exe,File101
regedt32.exe,C:\Windows\WinSxS\wow64_microsoft-windows-registry-editor_31bf3856ad364e35_10.0.26100.7705_none_9a2468afc058e917\regedt32.exe,File001
Windows.System.Profile.HardwareId.dll.mui,C:\Windows\WinSxS\wow64_microsoft-windows-r..ardwareid.resources_31bf3856ad364e35_10.0.26100.1_en-us_9b5851cd417021e1\Windows.System.Profile.HardwareId.dll.mui,File024
cmdl32.exe.mui,C:\Windows\WinSxS\wow64_microsoft-windows-r..onmanager.resources_31bf3856ad364e35_10.0.26100.1_en-us_35653721a0138b4c\cmdl32.exe.mui,File024
MapControlStringsRes.dll,C:\Windows\WinSxS\wow64_microsoft-windows-mapcontrol_31bf3856ad364e35_10.0.26100.7705_none_b94acf40ef13404f\MapControlStringsRes.dll,File005
RemoveDeviceElevated.dll.mui,C:\Windows\WinSxS\wow64_microsoft-windows-r..eelevated.resources_31bf3856ad364e35_10.0.26100.1_en-us_990a342f73dd6245\RemoveDeviceElevated.dll.mui,File005
cmcfg32.dll.mui,C:\Windows\WinSxS\wow64_microsoft-windows-r..onmanager.resources_31bf3856ad364e35_10.0.26100.1_en-us_35653721a0138b4c\cmcfg32.dll.mui,File027
cmstplua.dll.mui,C:\Windows\WinSxS\wow64_microsoft-windows-r..onmanager.resources_31bf3856ad364e35_10.0.26100.1_en-us_35653721a0138b4c\cmstplua.dll.mui,File005
RpcNs4.dll.mui,C:\Windows\WinSxS\wow64_microsoft-windows-rpc-ns.resources_31bf3856ad364e35_10.0.26100.1_en-us_7b372f9c35f3ae2c\RpcNs4.dll.mui,File160
ndadmin.exe,C:\Windows\WinSxS\wow64_microsoft-windows-newdev_31bf3856ad364e35_10.0.26100.1_none_18be9e06ed967433\ndadmin.exe,File213
VirtualDisplayManager.ProxyStubs.dll,C:\Windows\WinSxS\wow64_microsoft-windows-p..nsimulation-service_31bf3856ad364e35_10.0.26100.1_none_e00769ec74b52014\VirtualDisplayManager.ProxyStubs.dll,File101
SixDofControllerManager.ProxyStubs.dll,C:\Windows\WinSxS\wow64_microsoft-windows-p..nsimulation-service_31bf3856ad364e35_10.0.26100.1_none_e00769ec74b52014\SixDofControllerManager.ProxyStubs.dll,File071
XpsToTiffConverter.dll,C:\Windows\WinSxS\wow64_microsoft-windows-p..ing-printconverters_31bf3856ad364e35_10.0.26100.7705_none_d17c24837bcaa9c2\XpsToTiffConverter.dll,File213
XpsToTiffConverter.dll,C:\Windows\WinSxS\wow64_microsoft-windows-p..ing-printconverters_31bf3856ad364e35_10.0.26100.7309_none_d1a709137baaa082\XpsToTiffConverter.dll,File213
authfwgp.dll.mui,C:\Windows\WinSxS\wow64_networking-mpssvc-admin.resources_31bf3856ad364e35_10.0.26100.1_en-us_48386e2f33b6f423\authfwgp.dll.mui,File160
ServiceModelEvents.dll,C:\Windows\WinSxS\wow64_netfx4-servicemodelevents_dll_b03f5f7f11d50a3a_4.0.15920.100_none_e7af3dd2ebe7d519\ServiceModelEvents.dll,File101
authfwgp.dll.mui,C:\Windows\WinSxS\wow64_networking-mpssvc-admin.resources_31bf3856ad364e35_10.0.26100.7705_en-us_e6e5cec77b49da23\authfwgp.dll.mui,File160
authfwgp.dll.mui,C:\Windows\WinSxS\wow64_networking-mpssvc-admin.resources_31bf3856ad364e35_10.0.26100.7019_en-us_e73223657b109667\authfwgp.dll.mui,File160
xwtpdui.dll.mui,C:\Windows\WinSxS\wow64_microsoft-windows-x..lugin-mui.resources_31bf3856ad364e35_10.0.26100.1_en-us_3d2de4083cf249e7\xwtpdui.dll.mui,File027
portabledevicestatus.dll.mui,C:\Windows\WinSxS\wow64_microsoft-windows-wpd-status.resources_31bf3856ad364e35_10.0.26100.1_en-us_0fc064c15e7ea8c3\portabledevicestatus.dll.mui,File027
GameChatOverlayExt.dll,C:\Windows\WinSxS\wow64_microsoft-xbox-gamechatoverlayext_31bf3856ad364e35_10.0.26100.1_none_bdb5ac45661febe1\GameChatOverlayExt.dll,File101
xwtpw32.dll.mui,C:\Windows\WinSxS\wow64_microsoft-windows-x..lugin-mui.resources_31bf3856ad364e35_10.0.26100.1_en-us_5d178019613fc586\xwtpw32.dll.mui,File024
sc.exe,C:\Windows\WinSxS\wow64_microsoft-windows-s..llercommandlinetool_31bf3856ad364e35_10.0.26100.4484_none_1a8c718db90d5adf\sc.exe,File213
Windows.UI.Input.Inking.dll.mui,C:\Windows\WinSxS\wow64_microsoft-windows-w..putinking.resources_31bf3856ad364e35_10.0.26100.1_en-us_b4fffd3c835936b1\Windows.UI.Input.Inking.dll.mui,File024
wbemcore.dll.mui,C:\Windows\WinSxS\wow64_microsoft-windows-w..mcore-dll.resources_31bf3856ad364e35_10.0.26100.1_en-us_df0830c2c6c96ab4\wbemcore.dll.mui,File027
MMFUtil.dll.mui,C:\Windows\WinSxS\wow64_microsoft-windows-w..t-snapins.resources_31bf3856ad364e35_10.0.26100.1_en-us_e0291552e5f1129d\MMFUtil.dll.mui,File160
ws2help.dll,C:\Windows\WinSxS\wow64_microsoft-windows-w..nfrastructure-other_31bf3856ad364e35_10.0.26100.4484_none_aaa338e2dbbba3b8\ws2help.dll,File160
ws2help.dll,C:\Windows\WinSxS\wow64_microsoft-windows-w..nfrastructure-other_31bf3856ad364e35_10.0.26100.1_none_0bcd5520944857e9\ws2help.dll,File160
ws2help.dll,C:\Windows\WinSxS\wow64_microsoft-windows-w..nfrastructure-other_31bf3856ad364e35_10.0.26100.7623_none_aa87b3c8dbd12164\ws2help.dll,File160
WalletBackgroundServiceProxy.dll,C:\Windows\WinSxS\wow64_microsoft-windows-w..ice.backgroundproxy_31bf3856ad364e35_10.0.26100.1_none_4b6e127be932d81f\WalletBackgroundServiceProxy.dll,File042
WMPMediaSharing.dll.mui,C:\Windows\WinSxS\wow64_microsoft-windows-w..publicapi.resources_31bf3856ad364e35_10.0.26100.1_en-us_7d1e71deb03d9e87\WMPMediaSharing.dll.mui,File024
UusBrain.dll,C:\Windows\WinSxS\wow64_microsoft-windows-update-uus-stable_31bf3856ad364e35_10.0.26100.5074_none_b95bb3704c642b9c\UusBrain.dll,File075
UserDeviceRegistration.Ngc.dll.mui,C:\Windows\WinSxS\wow64_microsoft-windows-u..istration.resources_31bf3856ad364e35_10.0.26100.1_en-us_6b0a6f4117c98827\UserDeviceRegistration.Ngc.dll.mui,File024
UserDeviceRegistration.dll.mui,C:\Windows\WinSxS\wow64_microsoft-windows-u..istration.resources_31bf3856ad364e35_10.0.26100.3915_en-us_09a328b35f6bcac4\UserDeviceRegistration.dll.mui,File024
UserDeviceRegistration.Ngc.dll.mui,C:\Windows\WinSxS\wow64_microsoft-windows-u..istration.resources_31bf3856ad364e35_10.0.26100.3915_en-us_09a328b35f6bcac4\UserDeviceRegistration.Ngc.dll.mui,File024
UserDeviceRegistration.Ngc.dll.mui,C:\Windows\WinSxS\wow64_microsoft-windows-u..istration.resources_31bf3856ad364e35_10.0.26100.7705_en-us_09b7cfd95f5c6e27\UserDeviceRegistration.Ngc.dll.mui,File024
uicom.dll.mui,C:\Windows\WinSxS\wow64_microsoft-windows-u..em-config.resources_31bf3856ad364e35_10.0.26100.1_en-us_99097fa067927d5a\uicom.dll.mui,File005
UserDeviceRegistration.dll.mui,C:\Windows\WinSxS\wow64_microsoft-windows-u..istration.resources_31bf3856ad364e35_10.0.26100.7705_en-us_09b7cfd95f5c6e27\UserDeviceRegistration.dll.mui,File024
serwvdrv.dll.mui,C:\Windows\WinSxS\wow64_microsoft-windows-u..dem-voice.resources_31bf3856ad364e35_10.0.26100.1_en-us_f540f458519d5dba\serwvdrv.dll.mui,File024
UserDeviceRegistration.dll.mui,C:\Windows\WinSxS\wow64_microsoft-windows-u..istration.resources_31bf3856ad364e35_10.0.26100.1_en-us_6b0a6f4117c98827\UserDeviceRegistration.dll.mui,File024
TpmCertResources.dll,C:\Windows\WinSxS\wow64_microsoft-windows-tpm-coreprovisioning_31bf3856ad364e35_10.0.26100.7705_none_dd5a55c55acd5e62\TpmCertResources.dll,File027
TpmCertResources.dll,C:\Windows\WinSxS\wow64_microsoft-windows-tpm-coreprovisioning_31bf3856ad364e35_10.0.26100.7623_none_dd6753d55ac341dd\TpmCertResources.dll,File027
TpmCertResources.dll,C:\Windows\WinSxS\wow64_microsoft-windows-tpm-coreprovisioning_31bf3856ad364e35_10.0.26100.5074_none_ddad1a3b5a8e383d\TpmCertResources.dll,File027
Windows.Gaming.Input.dll.mui,C:\Windows\WinSxS\wow64_windows-gaming-input-winrt.resources_31bf3856ad364e35_10.0.26100.1_en-us_0ceb8b201a08ed71\Windows.Gaming.Input.dll.mui,File024
TCPSVCS.EXE,C:\Windows\WinSxS\wow64_microsoft-windows-tcpip-utility_31bf3856ad364e35_10.0.26100.7309_none_d8e78b85333e5bf3\TCPSVCS.EXE,File001
TCPSVCS.EXE,C:\Windows\WinSxS\wow64_microsoft-windows-tcpip-utility_31bf3856ad364e35_10.0.26100.7705_none_d8bca6f5335e6533\TCPSVCS.EXE,File001
TCPSVCS.EXE,C:\Windows\WinSxS\wow64_microsoft-windows-tcpip-utility_31bf3856ad364e35_10.0.26100.4768_none_d8c25ea7335952ab\TCPSVCS.EXE,File001
TapiSysprep.dll,C:\Windows\WinSxS\wow64_microsoft-windows-tapisetup_31bf3856ad364e35_10.0.26100.5074_none_103ba2847f6b223c\TapiSysprep.dll,File101
RdpSaPs.dll,C:\Windows\WinSxS\wow64_microsoft-windows-t..s-sessionagentproxy_31bf3856ad364e35_10.0.26100.7705_none_b75d5cf85e98a8d0\RdpSaPs.dll,File071
wlgpclnt.dll.mui,C:\Windows\WinSxS\wow64_microsoft-windows-wlangpclient.resources_31bf3856ad364e35_10.0.26100.1_en-us_de8b515bfc58bf49\wlgpclnt.dll.mui,File160
WmiApRpl.dll.mui,C:\Windows\WinSxS\wow64_microsoft-windows-wmi-core-svc.resources_31bf3856ad364e35_10.0.26100.1_en-us_93f09accc9400385\WmiApRpl.dll.mui,File024
termmgr.dll.mui,C:\Windows\WinSxS\wow64_microsoft-windows-t..almanager.resources_31bf3856ad364e35_10.0.26100.1_en-us_8b7f93e057373478\termmgr.dll.mui,File160
wlanutil.dll,C:\Windows\WinSxS\wow64_microsoft-windows-wlanutil_31bf3856ad364e35_10.0.26100.1_none_426005edaaf79b36\wlanutil.dll,File024
WinMgmt.exe.mui,C:\Windows\WinSxS\wow64_microsoft-windows-wmi-core-svc.resources_31bf3856ad364e35_10.0.26100.1_en-us_93f09accc9400385\WinMgmt.exe.mui,File042
wlanutil.dll.mui,C:\Windows\WinSxS\wow64_microsoft-windows-wlanutil.resources_31bf3856ad364e35_10.0.26100.1_en-us_6b43b7ee4dc05cd9\wlanutil.dll.mui,File005
wlancfg.dll,C:\Windows\WinSxS\wow64_microsoft-windows-wlan-netsh-helper_31bf3856ad364e35_10.0.26100.7705_none_ba939b7d48c4d5fe\wlancfg.dll,File148
rtscom.dll.mui,C:\Windows\WinSxS\wow64_microsoft-windows-t..pulations.resources_31bf3856ad364e35_10.0.26100.1_en-us_319de5bb54fa25e1\rtscom.dll.mui,File024
CHxReadingStringIME.dll,C:\Windows\WinSxS\wow64_microsoft-windows-t..chxreadingstringime_31bf3856ad364e35_10.0.26100.1_none_16fda27d8ddf0b63\CHxReadingStringIME.dll,File042
icmp.dll,C:\Windows\WinSxS\wow64_microsoft-windows-t..-platform-libraries_31bf3856ad364e35_10.0.26100.1_none_f1b93d98383b8792\icmp.dll,File005
wlandlg.dll.mui,C:\Windows\WinSxS\wow64_microsoft-windows-wlan-dialog.resources_31bf3856ad364e35_10.0.26100.1_en-us_8a40b25cfcfe24f2\wlandlg.dll.mui,File160
winver.exe.mui,C:\Windows\WinSxS\wow64_microsoft-windows-winver.resources_31bf3856ad364e35_10.0.26100.1_en-us_22382b3e2530733e\winver.exe.mui,File005
avifil32.dll.mui,C:\Windows\WinSxS\wow64_microsoft-windows-v..r-windows.resources_31bf3856ad364e35_10.0.26100.1_en-us_20a8425091aeaaec\avifil32.dll.mui,File160
VscMgrPS.dll,C:\Windows\WinSxS\wow64_microsoft-windows-v..d-manager-psfactory_31bf3856ad364e35_10.0.26100.3624_none_15ccce4780ea8480\VscMgrPS.dll,File042
VscMgrPS.dll,C:\Windows\WinSxS\wow64_microsoft-windows-v..d-manager-psfactory_31bf3856ad364e35_10.0.26100.1_none_77128dff39619600\VscMgrPS.dll,File042
wscproxystub.dll,C:\Windows\WinSxS\wow64_microsoft-windows-securitycenter-core_31bf3856ad364e35_10.0.26100.7309_none_c060f58d96790f81\wscproxystub.dll,File042
SensApi.dll,C:\Windows\WinSxS\wow64_microsoft-windows-sens-client_31bf3856ad364e35_10.0.26100.1_none_088b01795a0e98a5\SensApi.dll,File071
wscproxystub.dll,C:\Windows\WinSxS\wow64_microsoft-windows-securitycenter-core_31bf3856ad364e35_10.0.26100.3624_none_c042f0ad968f2141\wscproxystub.dll,File042
scrnsave.scr.mui,C:\Windows\WinSxS\wow64_microsoft-windows-scrnsave.resources_31bf3856ad364e35_10.0.26100.1_en-us_50600732846a6628\scrnsave.scr.mui,File024
EppManifest.dll.mui,C:\Windows\WinSxS\wow64_windows-defender-branding.resources_31bf3856ad364e35_10.0.26100.1_en-us_bd9597b7a64c5807\EppManifest.dll.mui,File005
WWAApi.dll.mui,C:\Windows\WinSxS\wow64_microsoft-windows-w..-host-api.resources_31bf3856ad364e35_10.0.26100.1_en-us_cd66649ff5c43f39\WWAApi.dll.mui,File027
wmiprop.dll.mui,C:\Windows\WinSxS\wow64_microsoft-windows-w..eprovider.resources_31bf3856ad364e35_10.0.26100.1_en-us_6a96405bada1103a\wmiprop.dll.mui,File027
msvidc32.dll.mui,C:\Windows\WinSxS\wow64_microsoft-windows-v..r-windows.resources_31bf3856ad364e35_10.0.26100.1_en-us_20a8425091aeaaec\msvidc32.dll.mui,File027
wlanext.exe.mui,C:\Windows\WinSxS\wow64_microsoft-windows-w..extension.resources_31bf3856ad364e35_10.0.26100.1_en-us_45bcc44e1d1e7d57\wlanext.exe.mui,File005
Microsoft.BitLocker.Structures.dll,C:\Windows\WinSxS\wow64_microsoft-windows-s..tup-tool-powershell_31bf3856ad364e35_10.0.26100.6584_none_ec313da88ba84565\Microsoft.BitLocker.Structures.dll,File101
RMActivate_isv.exe.mui,C:\Windows\WinSxS\wow64_microsoft-windows-s..tebox-isv.resources_31bf3856ad364e35_10.0.26100.1_en-us_c99700f011a5757e\RMActivate_isv.exe.mui,File005
Microsoft.BitLocker.Structures.dll,C:\Windows\WinSxS\wow64_microsoft-windows-s..tup-tool-powershell_31bf3856ad364e35_10.0.26100.1_none_4d662606442ce357\Microsoft.BitLocker.Structures.dll,File101
osbaseln.dll.mui,C:\Windows\WinSxS\wow64_microsoft-windows-s..ortingapi.resources_31bf3856ad364e35_10.0.26100.1_en-us_6021fed75c409c80\osbaseln.dll.mui,File024
Startupscan.dll.mui,C:\Windows\WinSxS\wow64_startupapp-task-data.resources_31bf3856ad364e35_10.0.26100.1_en-us_17859f46a1b16f45\Startupscan.dll.mui,File024
RMActivate_ssp_isv.exe.mui,C:\Windows\WinSxS\wow64_microsoft-windows-s..erbox-isv.resources_31bf3856ad364e35_10.0.26100.1_en-us_823b1364f85adf82\RMActivate_ssp_isv.exe.mui,File024
sc.exe,C:\Windows\WinSxS\wow64_microsoft-windows-s..llercommandlinetool_31bf3856ad364e35_10.0.26100.1_none_7bb68dcb719a0f10\sc.exe,File213
vdswmi.dll.mui,C:\Windows\WinSxS\wow64_microsoft-windows-s..iprovider.resources_31bf3856ad364e35_10.0.26100.1_en-us_ddd3edeb3afbf620\vdswmi.dll.mui,File024
PhoneutilRes.dll,C:\Windows\WinSxS\wow64_microsoft-windows-telephony-phoneutil_31bf3856ad364e35_10.0.26100.1_none_e86e912d7f4a0ddd\PhoneutilRes.dll,File005
tapiui.dll,C:\Windows\WinSxS\wow64_microsoft-windows-tapicore_31bf3856ad364e35_10.0.26100.5074_none_8a82504b2ad7b6b2\tapiui.dll,File005
tapiperf.dll,C:\Windows\WinSxS\wow64_microsoft-windows-tapicore_31bf3856ad364e35_10.0.26100.5074_none_8a82504b2ad7b6b2\tapiperf.dll,File101
telephon.cpl.mui,C:\Windows\WinSxS\wow64_microsoft-windows-tapicore.resources_31bf3856ad364e35_10.0.26100.1_en-us_013075e4f8f5ac9a\telephon.cpl.mui,File005
tapi3.dll.mui,C:\Windows\WinSxS\wow64_microsoft-windows-tapi3.resources_31bf3856ad364e35_10.0.26100.1_en-us_c5252b1e3c60e95e\tapi3.dll.mui,File071
tapiperf.dll,C:\Windows\WinSxS\wow64_microsoft-windows-tapicore_31bf3856ad364e35_10.0.26100.1_none_eb822b3ce383f6d7\tapiperf.dll,File001
tapiui.dll,C:\Windows\WinSxS\wow64_microsoft-windows-tapicore_31bf3856ad364e35_10.0.26100.1_none_eb822b3ce383f6d7\tapiui.dll,File005
wavemsp.dll.mui,C:\Windows\WinSxS\wow64_microsoft-windows-tapi3.resources_31bf3856ad364e35_10.0.26100.1_en-us_c5252b1e3c60e95e\wavemsp.dll.mui,File005
g711codc.ax.mui,C:\Windows\WinSxS\wow64_microsoft-windows-tapi3.resources_31bf3856ad364e35_10.0.26100.1_en-us_c5252b1e3c60e95e\g711codc.ax.mui,File024
tapi32.dll.mui,C:\Windows\WinSxS\wow64_microsoft-windows-tapi2xclient.resources_31bf3856ad364e35_10.0.26100.1591_en-us_8f2321c6d9e65b97\tapi32.dll.mui,File005
tsgqec.dll.mui,C:\Windows\WinSxS\wow64_microsoft-windows-t..tivexcore.resources_31bf3856ad364e35_10.0.26100.3915_en-us_19a2bd366b0df2a3\tsgqec.dll.mui,File024
TipTsf.dll.mui,C:\Windows\WinSxS\wow64_microsoft-windows-t..tservices.resources_31bf3856ad364e35_10.0.26100.1_en-us_18aa456fe52a70f3\TipTsf.dll.mui,File027
MsCtfMonitor.dll.mui,C:\Windows\WinSxS\wow64_microsoft-windows-t..tfmonitor.resources_31bf3856ad364e35_10.0.26100.1_en-us_1830ff0d8e629e22\MsCtfMonitor.dll.mui,File024
Ninput.dll.mui,C:\Windows\WinSxS\wow64_microsoft-windows-t..ut-ninput.resources_31bf3856ad364e35_10.0.26100.1_en-us_276d672fff53b07e\Ninput.dll.mui,File024
tsgqec.dll.mui,C:\Windows\WinSxS\wow64_microsoft-windows-t..tivexcore.resources_31bf3856ad364e35_10.0.26100.1_en-us_7b0a03c4236bb006\tsgqec.dll.mui,File024
wmi2xml.dll,C:\Windows\WinSxS\wow64_microsoft-windows-wmi-text-encoding_31bf3856ad364e35_10.0.26100.1_none_c0c9b9bfd8fdf4b5\wmi2xml.dll,File213
wmpnssui.dll.mui,C:\Windows\WinSxS\wow64_microsoft-windows-wmpnssui.resources_31bf3856ad364e35_10.0.26100.1_en-us_44314d9f5d1dc211\wmpnssui.dll.mui,File024
Wisp.dll.mui,C:\Windows\WinSxS\wow64_microsoft-windows-t..nput-wisp.resources_31bf3856ad364e35_10.0.26100.1_en-us_78225fb9a3e0eb55\Wisp.dll.mui,File024
TabTip32.exe.mui,C:\Windows\WinSxS\wow64_microsoft-windows-t..nputpanel.resources_31bf3856ad364e35_10.0.26100.1_en-us_045d4c1639ce6d9d\TabTip32.exe.mui,File005
PhoneUtilRes.dll.mui,C:\Windows\WinSxS\wow64_microsoft-windows-t..phoneutil.resources_31bf3856ad364e35_10.0.26100.1_en-us_3ec7f64d4e81db28\PhoneUtilRes.dll.mui,File027
PhoneutilRes.dll,C:\Windows\WinSxS\wow64_microsoft-windows-telephony-phoneutil_31bf3856ad364e35_10.0.26100.5074_none_876eb63bc69dcdb8\PhoneutilRes.dll,File005
themeui.dll.mui,C:\Windows\WinSxS\wow64_microsoft-windows-themeui.resources_31bf3856ad364e35_10.0.26100.1_en-us_a53c779e0a9c635a\themeui.dll.mui,File042
PhoneutilRes.dll,C:\Windows\WinSxS\wow64_microsoft-windows-telephony-phoneutil_31bf3856ad364e35_10.0.26100.7309_none_8746d655c6bcea9d\PhoneutilRes.dll,File005
PhoneutilRes.dll,C:\Windows\WinSxS\wow64_microsoft-windows-telephony-phoneutil_31bf3856ad364e35_10.0.26100.7705_none_871bf1c5c6dcf3dd\PhoneutilRes.dll,File005
softpub.dll,C:\Windows\WinSxS\wow64_microsoft-windows-softpub-dll_31bf3856ad364e35_10.0.26100.1_none_eadc59f11bdaa128\softpub.dll,File001
advapi32res.dll,C:\Windows\WinSxS\wow64_microsoft-windows-system-counters_31bf3856ad364e35_10.0.26100.1_none_6e7a5ef54393e285\advapi32res.dll,File005
advapi32res.dll,C:\Windows\WinSxS\wow64_microsoft-windows-system-counters_31bf3856ad364e35_10.0.26100.4202_none_0d5e0dcf8afdf878\advapi32res.dll,File005
srloc.dll.mui,C:\Windows\WinSxS\wow64_microsoft-windows-speechengine.resources_31bf3856ad364e35_10.0.26100.1_en-us_201e6cec73217b87\srloc.dll.mui,File160
spwinsat.dll,C:\Windows\WinSxS\wow64_microsoft-windows-sysprep-spwinsat_31bf3856ad364e35_10.0.26100.1_none_5a7cd3b41a7012e4\spwinsat.dll,File101
sberes.dll,C:\Windows\WinSxS\wow64_microsoft-windows-streambufferengineres_31bf3856ad364e35_10.0.26100.1_none_f2f8a1a6b0321bc8\sberes.dll,File213
ShMig.dll.mui,C:\Windows\WinSxS\wow64_microsoft-windows-shmig.resources_31bf3856ad364e35_10.0.26100.1_en-us_8724d51ba46e9e65\ShMig.dll.mui,File160
rnr20.dll,C:\Windows\WinSxS\wow64_microsoft-windows-winsock-legacy-rnr20_31bf3856ad364e35_10.0.26100.1_none_648d68721b28a21b\rnr20.dll,File071
wship6.dll,C:\Windows\WinSxS\wow64_microsoft-windows-winsock-helper-tcpip_31bf3856ad364e35_10.0.26100.1_none_d2fb5874ce74e1da\wship6.dll,File042
icsunattend.exe,C:\Windows\WinSxS\wow64_microsoft-windows-sharedaccess_31bf3856ad364e35_10.0.26100.1882_none_aac07d492dcd35c3\icsunattend.exe,File025
WSHTCPIP.DLL,C:\Windows\WinSxS\wow64_microsoft-windows-winsock-helper-tcpip_31bf3856ad364e35_10.0.26100.1_none_d2fb5874ce74e1da\WSHTCPIP.DLL,File001
winhlp32.exe.mui,C:\Windows\WinSxS\wow64_microsoft-windows-winhstb.resources_31bf3856ad364e35_10.0.26100.1_en-us_d9a32a52cacb6c24\winhlp32.exe.mui,File024
msafd.dll,C:\Windows\WinSxS\wow64_microsoft-windows-winsock-legacy-afd_31bf3856ad364e35_10.0.26100.1_none_f2cf460f50dfb500\msafd.dll,File005
icsunattend.exe,C:\Windows\WinSxS\wow64_microsoft-windows-sharedaccess_31bf3856ad364e35_10.0.26100.1_none_0c15b158e639a4e7\icsunattend.exe,File025
TSMSIPrxy.dll,C:\Windows\WinSxS\x86_microsoft-windows-t..-tsappsrv-component_31bf3856ad364e35_10.0.26100.7623_none_ae63dbf5ea377970\TSMSIPrxy.dll,File001
change.exe.mui,C:\Windows\WinSxS\x86_microsoft-windows-t..linetools.resources_31bf3856ad364e35_10.0.26100.1_en-us_ba24d93772ff65f3\change.exe.mui,File024
chgport.exe.mui,C:\Windows\WinSxS\x86_microsoft-windows-t..linetools.resources_31bf3856ad364e35_10.0.26100.7623_en-us_58df37dfba882f6e\chgport.exe.mui,File160
SxsMigPlugin.dll.mui,C:\Windows\WinSxS\x86_microsoft-windows-sxs.resources_31bf3856ad364e35_10.0.26100.1_en-us_92a63ad435fd6ce4\SxsMigPlugin.dll.mui,File005
chgusr.exe.mui,C:\Windows\WinSxS\x86_microsoft-windows-t..linetools.resources_31bf3856ad364e35_10.0.26100.7623_en-us_58df37dfba882f6e\chgusr.exe.mui,File160
tsappcmp.dll.mui,C:\Windows\WinSxS\x86_microsoft-windows-t..appcompat.resources_31bf3856ad364e35_10.0.26100.1_en-us_801f2d5ad04eaee4\tsappcmp.dll.mui,File027
tsappcmp.dll.mui,C:\Windows\WinSxS\x86_microsoft-windows-t..appcompat.resources_31bf3856ad364e35_10.0.26100.7623_en-us_1ed98c0317d7785f\tsappcmp.dll.mui,File027
olecli32.dll.mui,C:\Windows\WinSxS\x86_microsoft-windows-c..legacyole.resources_31bf3856ad364e35_10.0.26100.1_en-us_4e5571d9c4957c0f\olecli32.dll.mui,File027
comctl32.dll.mui,C:\Windows\WinSxS\x86_microsoft.windows.c..-controls.resources_6595b64144ccf1df_6.0.26100.1591_fil-ph_dee98c725eae937c\comctl32.dll.mui,File101
comctl32.dll.mui,C:\Windows\WinSxS\x86_microsoft.windows.c..-controls.resources_6595b64144ccf1df_6.0.26100.1591_fa-ir_3f02890c16bf9ddf\comctl32.dll.mui,File071
comctl32.dll.mui,C:\Windows\WinSxS\x86_microsoft.windows.c..-controls.resources_6595b64144ccf1df_6.0.26100.1591_am-et_0fccdf4b59b8fd98\comctl32.dll.mui,File001
wmlaunch.exe.mui,C:\Windows\WinSxS\x86_microsoft-windows-m..-autoplay.resources_31bf3856ad364e35_10.0.26100.1_en-us_14029efe5bffe5c7\wmlaunch.exe.mui,File005
comctl32.dll.mui,C:\Windows\WinSxS\x86_microsoft.windows.c..-controls.resources_6595b64144ccf1df_6.0.26100.1591_bg-bg_ad6869de4fcdeb6d\comctl32.dll.mui,File101
comctl32.dll.mui,C:\Windows\WinSxS\x86_microsoft.windows.c..-controls.resources_6595b64144ccf1df_6.0.26100.1591_es-mx_9dca765f230af946\comctl32.dll.mui,File101
odbcji32.dll,C:\Windows\WinSxS\x86_microsoft-windows-m..-mdac-odbc-jet-ji32_31bf3856ad364e35_10.0.26100.1_none_ef0fef7b15947c33\odbcji32.dll,File001
mscpxl32.dll.mui,C:\Windows\WinSxS\x86_microsoft-windows-m..-cpxl-dll.resources_31bf3856ad364e35_10.0.26100.1_en-us_3a633ba5c510aa84\mscpxl32.dll.mui,File160
comctl32.dll.mui,C:\Windows\WinSxS\x86_microsoft.windows.c..-controls.resources_6595b64144ccf1df_6.0.26100.1591_ga-ie_dc5cefbf0d05803d\comctl32.dll.mui,File101
comctl32.dll.mui,C:\Windows\WinSxS\x86_microsoft.windows.c..-controls.resources_6595b64144ccf1df_6.0.26100.1591_ug-cn_cbc212024e944ffa\comctl32.dll.mui,File101
comctl32.dll.mui,C:\Windows\WinSxS\x86_microsoft.windows.c..-controls.resources_6595b64144ccf1df_6.0.26100.1591_fr-fr_3e4afeb817492bfd\comctl32.dll.mui,File101
comctl32.dll.mui,C:\Windows\WinSxS\x86_microsoft.windows.c..-controls.resources_6595b64144ccf1df_6.0.26100.1591_es-es_9b9388b92477159b\comctl32.dll.mui,File101
comctl32.dll.mui,C:\Windows\WinSxS\x86_microsoft.windows.c..-controls.resources_6595b64144ccf1df_6.0.26100.1591_nl-nl_54d41d33ad581ffd\comctl32.dll.mui,File101
msaddsr.dll,C:\Windows\WinSxS\x86_microsoft-windows-m..-mdac-rds-shape-rll_31bf3856ad364e35_10.0.26100.1_none_7719e05f694ffbb4\msaddsr.dll,File005
msorc32r.dll,C:\Windows\WinSxS\x86_microsoft-windows-m..c-oracle-driver-rll_31bf3856ad364e35_10.0.26100.1_none_094ce787f393d323\msorc32r.dll,File005
mscpx32r.dLL,C:\Windows\WinSxS\x86_microsoft-windows-m..-mdac-odbc-cpxl-rll_31bf3856ad364e35_10.0.26100.1_none_6a37dcc47370fa21\mscpx32r.dLL,File005
ieinstal.exe.mui,C:\Windows\WinSxS\x86_microsoft-windows-ieinstal.resources_31bf3856ad364e35_11.0.26100.1_en-us_2ac311eb25f38242\ieinstal.exe.mui,File005
comctl32.dll.mui,C:\Windows\WinSxS\x86_microsoft.windows.c..-controls.resources_6595b64144ccf1df_6.0.26100.1591_tt-ru_2b309b875a6f3e1e\comctl32.dll.mui,File071
RMActivate_ssp.exe.mui,C:\Windows\WinSxS\x86_microsoft-windows-s..serverbox.resources_31bf3856ad364e35_10.0.26100.1_en-us_3e50a70150169b68\RMActivate_ssp.exe.mui,File005
comctl32.dll.mui,C:\Windows\WinSxS\x86_microsoft.windows.c..-controls.resources_6595b64144ccf1df_6.0.26100.1591_pt-pt_9e4631c590739171\comctl32.dll.mui,File101
comctl32.dll.mui,C:\Windows\WinSxS\x86_microsoft.windows.c..-controls.resources_6595b64144ccf1df_6.0.26100.1591_pt-br_9d64625991042195\comctl32.dll.mui,File101
comctl32.dll.mui,C:\Windows\WinSxS\x86_microsoft.windows.c..-controls.resources_6595b64144ccf1df_6.0.26100.1591_sq-al_843689ec6a54f0a2\comctl32.dll.mui,File101
comctl32.dll.mui,C:\Windows\WinSxS\x86_microsoft.windows.c..-controls.resources_6595b64144ccf1df_6.0.26100.1591_lo-la_099683f3cb70d44f\comctl32.dll.mui,File071
comctl32.dll.mui,C:\Windows\WinSxS\x86_microsoft.windows.c..-controls.resources_6595b64144ccf1df_6.0.26100.1591_mt-mt_b4ebaa02b8bfece3\comctl32.dll.mui,File101
comctl32.dll.mui,C:\Windows\WinSxS\x86_microsoft.windows.c..-controls.resources_6595b64144ccf1df_6.0.26100.1591_lt-lt_11cd7cc1c62eb609\comctl32.dll.mui,File101
ImagingDevices.exe.mui,C:\Windows\WinSxS\x86_microsoft-windows-i..trolpanel.resources_31bf3856ad364e35_10.0.26100.1_en-us_780a0f0a82541eac\ImagingDevices.exe.mui,File024
comctl32.dll.mui,C:\Windows\WinSxS\x86_microsoft.windows.c..-controls.resources_6595b64144ccf1df_6.0.26100.1591_mr-in_b25879e6ba653353\comctl32.dll.mui,File071
F12Platform.dll.mui,C:\Windows\WinSxS\x86_microsoft-windows-i..2platform.resources_31bf3856ad364e35_11.0.26100.1_en-us_895ba07fe93c4c00\F12Platform.dll.mui,File005
comctl32.dll.mui,C:\Windows\WinSxS\x86_microsoft.windows.c..-controls.resources_6595b64144ccf1df_6.0.26100.1591_quz-pe_0266e81632046792\comctl32.dll.mui,File101
sxsoaps.dll,C:\Windows\WinSxS\x86_microsoft.windows.i..utomation.proxystub_6595b64144ccf1df_1.0.26100.5074_none_e0bda70384ff7581\sxsoaps.dll,File001
comctl32.dll.mui,C:\Windows\WinSxS\x86_microsoft.windows.c..-controls.resources_6595b64144ccf1df_6.0.26100.1591_ur-pk_c9f5652c4fc9c2ed\comctl32.dll.mui,File071
comctl32.dll.mui,C:\Windows\WinSxS\x86_microsoft.windows.c..-controls.resources_6595b64144ccf1df_6.0.26100.1591_chr..-us_6984274ad6d77deb\comctl32.dll.mui,File042
comctl32.dll.mui,C:\Windows\WinSxS\x86_microsoft.windows.c..-controls.resources_6595b64144ccf1df_6.0.26100.1591_pl-pl_9b1077b5927a8db1\comctl32.dll.mui,File101
comctl32.dll.mui,C:\Windows\WinSxS\x86_microsoft.windows.c..-controls.resources_6595b64144ccf1df_6.0.26100.1591_uz-..-uz_0d8c615670109a9d\comctl32.dll.mui,File101
comctl32.dll.mui,C:\Windows\WinSxS\x86_microsoft.windows.c..-controls.resources_6595b64144ccf1df_6.0.26100.1591_nn-no_561312e5ac8d6574\comctl32.dll.mui,File071
mshta.exe.mui,C:\Windows\WinSxS\x86_microsoft-windows-i..plication.resources_31bf3856ad364e35_11.0.26100.1_en-us_2a23f46f2a95d803\mshta.exe.mui,File005
licmgr10.dll.mui,C:\Windows\WinSxS\x86_microsoft-windows-ie-controls.resources_31bf3856ad364e35_11.0.26100.1_en-us_82af9f9ad2ec3ad2\licmgr10.dll.mui,File160
F12Platform2.dll.mui,C:\Windows\WinSxS\x86_microsoft-windows-i..platform2.resources_31bf3856ad364e35_11.0.26100.1_en-us_ef21fb7126517d9e\F12Platform2.dll.mui,File005
comctl32.dll.mui,C:\Windows\WinSxS\x86_microsoft.windows.c..-controls.resources_6595b64144ccf1df_6.0.26100.1591_gl-es_e21bc03f09608c76\comctl32.dll.mui,File101
hmmapi.dll.mui,C:\Windows\WinSxS\x86_microsoft-windows-i..otmailapi.resources_31bf3856ad364e35_10.0.26100.1_en-us_46133e74f8f92491\hmmapi.dll.mui,File005
comctl32.dll.mui,C:\Windows\WinSxS\x86_microsoft.windows.c..-controls.resources_6595b64144ccf1df_6.0.26100.1591_he-il_826aa659fdb82ceb\comctl32.dll.mui,File042
comctl32.dll.mui,C:\Windows\WinSxS\x86_microsoft.windows.c..-controls.resources_6595b64144ccf1df_6.0.26100.1591_ca-es_56199f3f3ec2e437\comctl32.dll.mui,File101
comctl32.dll.mui,C:\Windows\WinSxS\x86_microsoft.windows.c..-controls.resources_6595b64144ccf1df_6.0.26100.1591_th-th_25ee4fb15dc2e739\comctl32.dll.mui,File071
comctl32.dll.mui,C:\Windows\WinSxS\x86_microsoft.windows.c..-controls.resources_6595b64144ccf1df_6.0.26100.1591_hi-in_83227505fd46a5bd\comctl32.dll.mui,File071
XInput9_1_0.dll.mui,C:\Windows\WinSxS\x86_microsoft-windows-d..tx-xinput.resources_31bf3856ad364e35_10.0.26100.1_en-us_a3223af12e24198e\XInput9_1_0.dll.mui,File005
comctl32.dll.mui,C:\Windows\WinSxS\x86_microsoft.windows.c..-controls.resources_6595b64144ccf1df_6.0.26100.1591_ro-ro_e280f7fd76da5ccd\comctl32.dll.mui,File101
comctl32.dll.mui,C:\Windows\WinSxS\x86_microsoft.windows.c..-controls.resources_6595b64144ccf1df_6.0.26100.1591_ja-jp_ca98740be1962356\comctl32.dll.mui,File001
comctl32.dll.mui,C:\Windows\WinSxS\x86_microsoft.windows.c..-controls.resources_6595b64144ccf1df_6.0.26100.1591_lb-lu_1301a287c553c39e\comctl32.dll.mui,File101
msfeedsbs.dll.mui,C:\Windows\WinSxS\x86_microsoft-windows-ie-feedsbs.resources_31bf3856ad364e35_11.0.26100.1_en-us_1d407650f33f63fe\msfeedsbs.dll.mui,File005
comctl32.dll.mui,C:\Windows\WinSxS\x86_microsoft.windows.c..-controls.resources_6595b64144ccf1df_6.0.26100.1591_ar-sa_072888555f4d9a16\comctl32.dll.mui,File071
comctl32.dll.mui,C:\Windows\WinSxS\x86_microsoft.windows.c..-controls.resources_6595b64144ccf1df_6.0.26100.1591_sr-..-rs_2946d232e01acbdb\comctl32.dll.mui,File101
comctl32.dll.mui,C:\Windows\WinSxS\x86_microsoft.windows.c..-controls.resources_6595b64144ccf1df_6.0.26100.1591_fr-ca_36c149021c219223\comctl32.dll.mui,File101
dpwsockx.dll.mui,C:\Windows\WinSxS\x86_microsoft-windows-d..4-payload.resources_31bf3856ad364e35_10.0.26100.1_en-us_7ff0c92282d39e88\dpwsockx.dll.mui,File024
comctl32.dll.mui,C:\Windows\WinSxS\x86_microsoft.windows.c..-controls.resources_6595b64144ccf1df_6.0.26100.1591_en-us_9bc82bd5245023f6\comctl32.dll.mui,File071
comctl32.dll.mui,C:\Windows\WinSxS\x86_microsoft.windows.c..-controls.resources_6595b64144ccf1df_6.0.26100.1591_en-gb_943f70b729277031\comctl32.dll.mui,File071
comctl32.dll.mui,C:\Windows\WinSxS\x86_microsoft.windows.c..-controls.resources_6595b64144ccf1df_6.0.26100.1591_gd-gb_dae818010df89339\comctl32.dll.mui,File101
wiadss.dll.mui,C:\Windows\WinSxS\x86_microsoft-windows-w..aincompat.resources_31bf3856ad364e35_10.0.26100.1_en-us_f2b2130aba1b0b88\wiadss.dll.mui,File024
ir32_32.dll,C:\Windows\WinSxS\x86_microsoft-windows-vcm-core-codecs_31bf3856ad364e35_10.0.26100.1_none_0d77cdee889ef347\ir32_32.dll,File042
dpnsvr.exe.mui,C:\Windows\WinSxS\x86_microsoft-windows-d..8-payload.resources_31bf3856ad364e35_10.0.26100.1_en-us_76606ee2584b778c\dpnsvr.exe.mui,File005
query.exe.mui,C:\Windows\WinSxS\x86_microsoft-windows-t..linetools.resources_31bf3856ad364e35_10.0.26100.1_en-us_ba24d93772ff65f3\query.exe.mui,File024
ir32_32original.dll.mui,C:\Windows\WinSxS\x86_microsoft-windows-v..re-codecs.resources_31bf3856ad364e35_10.0.26100.1_en-us_f839491a88b3ddea\ir32_32original.dll.mui,File027
comctl32.dll.mui,C:\Windows\WinSxS\x86_microsoft.windows.c..-controls.resources_6595b64144ccf1df_6.0.26100.1591_da-dk_f5abc0a0339bc397\comctl32.dll.mui,File071
change.exe.mui,C:\Windows\WinSxS\x86_microsoft-windows-t..linetools.resources_31bf3856ad364e35_10.0.26100.7623_en-us_58df37dfba882f6e\change.exe.mui,File024
iccvid.dll.mui,C:\Windows\WinSxS\x86_microsoft-windows-v..re-codecs.resources_31bf3856ad364e35_10.0.26100.5074_en-us_97396e28d0079dc5\iccvid.dll.mui,File027
comctl32.dll.mui,C:\Windows\WinSxS\x86_microsoft.windows.c..-controls.resources_6595b64144ccf1df_6.0.26100.1591_ne-np_56e5e95fabfb6e82\comctl32.dll.mui,File101
comctl32.dll.mui,C:\Windows\WinSxS\x86_microsoft.windows.c..-controls.resources_6595b64144ccf1df_6.0.26100.1591_de-de_f2d755dc35721831\comctl32.dll.mui,File101
dplaysvr.exe.mui,C:\Windows\WinSxS\x86_microsoft-windows-d..4-payload.resources_31bf3856ad364e35_10.0.26100.1_en-us_7ff0c92282d39e88\dplaysvr.exe.mui,File005
iccvid.dll.mui,C:\Windows\WinSxS\x86_microsoft-windows-v..re-codecs.resources_31bf3856ad364e35_10.0.26100.1_en-us_f839491a88b3ddea\iccvid.dll.mui,File027
reset.exe.mui,C:\Windows\WinSxS\x86_microsoft-windows-t..linetools.resources_31bf3856ad364e35_10.0.26100.7623_en-us_58df37dfba882f6e\reset.exe.mui,File024
reset.exe.mui,C:\Windows\WinSxS\x86_microsoft-windows-t..linetools.resources_31bf3856ad364e35_10.0.26100.1_en-us_ba24d93772ff65f3\reset.exe.mui,File024
query.exe.mui,C:\Windows\WinSxS\x86_microsoft-windows-t..linetools.resources_31bf3856ad364e35_10.0.26100.7623_en-us_58df37dfba882f6e\query.exe.mui,File024
inseng.dll.mui,C:\Windows\WinSxS\x86_microsoft-windows-ie-setup.resources_31bf3856ad364e35_11.0.26100.1_en-us_25f432f9eb6c2bf9\inseng.dll.mui,File027
iprop.dll,C:\Windows\WinSxS\x86_microsoft-windows-com-legacyole_31bf3856ad364e35_10.0.26100.3624_none_7eaaf22cc9fe5002\iprop.dll,File005
iprop.dll,C:\Windows\WinSxS\x86_microsoft-windows-com-legacyole_31bf3856ad364e35_10.0.26100.7309_none_7ec8f70cc9e83e42\iprop.dll,File005
PlayToStatusProvider.dll.mui,C:\Windows\WinSxS\x86_microsoft-windows-p..sprovider.resources_31bf3856ad364e35_10.0.26100.1_en-us_e833fbfd48b7fb7c\PlayToStatusProvider.dll.mui,File005
msdaremr.dll,C:\Windows\WinSxS\x86_microsoft-windows-m..remote-provider-rll_31bf3856ad364e35_10.0.26100.1_none_490716a24f975dc1\msdaremr.dll,File005
msadcor.dll,C:\Windows\WinSxS\x86_microsoft-windows-m..rds-datacontrol-rll_31bf3856ad364e35_10.0.26100.1_none_64ed881ce5f55d44\msadcor.dll,File005
IEChooser.exe.mui,C:\Windows\WinSxS\x86_microsoft-windows-ie-iechooser.resources_31bf3856ad364e35_11.0.26100.1_en-us_9077ca5e3eed4901\IEChooser.exe.mui,File027
msdaorar.dll,C:\Windows\WinSxS\x86_microsoft-windows-m..oracle-provider-rll_31bf3856ad364e35_10.0.26100.1_none_3a2d6cad3f6ec110\msdaorar.dll,File005
mswstr10.dll.mui,C:\Windows\WinSxS\x86_microsoft-windows-m..etintlerr.resources_31bf3856ad364e35_10.0.26100.1_en-us_35caec2f5a302ae5\mswstr10.dll.mui,File024
msvcr100_clr0400.dll,C:\Windows\WinSxS\x86_netfx4-msvcr100_clr_dll_31bf3856ad364e35_4.0.15920.100_none_12993c9ae91d6c7c\msvcr100_clr0400.dll,File101
NaturalLanguage6.dll,C:\Windows\WinSxS\x86_netfx4-naturallanguage6_b03f5f7f11d50a3a_4.0.15920.100_none_48aeb1a3341c5d89\NaturalLanguage6.dll,File101
NlsData0009.dll,C:\Windows\WinSxS\x86_netfx4-nlsdata0009_b03f5f7f11d50a3a_4.0.15920.100_none_781d0084d795f4d4\NlsData0009.dll,File101
NlsLexicons0009.dll,C:\Windows\WinSxS\x86_netfx4-nlslexicons0009_b03f5f7f11d50a3a_4.0.15920.100_none_e21841e49354d2b3\NlsLexicons0009.dll,File101
ServiceModelInstallRC.dll,C:\Windows\WinSxS\x86_netfx4-servicemodelinstallrc_dll_b03f5f7f11d50a3a_4.0.15920.100_none_e08dbba7ae930e37\ServiceModelInstallRC.dll,File101
PenIMC.dll,C:\Windows\WinSxS\x86_netfx4-penimc_b03f5f7f11d50a3a_4.0.15920.102_none_73d7e1083b7a4f90\PenIMC.dll,File101
ServiceModelRegUI.dll,C:\Windows\WinSxS\x86_netfx4-servicemodelregui_dll_b03f5f7f11d50a3a_4.0.15920.100_none_14678bec952c2fe3\ServiceModelRegUI.dll,File101
cscmig.dll.mui,D:\sources\replacementmanifests\microsoft-windows-offlinefiles-core\en-us\cscmig.dll.mui,File024
sxsmigplugin.dll.mui,D:\sources\replacementmanifests\microsoft-windows-sxs\en-us\sxsmigplugin.dll.mui,File005
dismprov.dll.mui,D:\sources\en-us\dismprov.dll.mui,File005
actionqueueetw.dll.mui,D:\sources\etwproviders\en-us\actionqueueetw.dll.mui,File027
osimageprovider.dll.mui,D:\sources\en-us\osimageprovider.dll.mui,File024
uxlibres.dll.mui,D:\sources\en-us\uxlibres.dll.mui,File024
setupmgr.dll.mui,D:\sources\en-us\setupmgr.dll.mui,File005
setupcompat.dll.mui,D:\sources\en-us\setupcompat.dll.mui,File024
folderprovider.dll.mui,D:\sources\en-us\folderprovider.dll.mui,File005
appraiser.dll.mui,D:\sources\en-us\appraiser.dll.mui,File027
reagent.dll.mui,D:\sources\en-us\reagent.dll.mui,File001
actionqueue.dll.mui,D:\sources\en-us\actionqueue.dll.mui,File027
setuperror.exe.mui,D:\sources\en-us\setuperror.exe.mui,File027
deployprovider.dll.mui,D:\sources\en-us\deployprovider.dll.mui,File005
shmig.dll.mui,D:\sources\replacementmanifests\microsoft-windows-shmig\en-us\shmig.dll.mui,File160
actionqueueetw.dll.mui,D:\support\logging\en-us\actionqueueetw.dll.mui,File027
SkypeBGTaskHelper.winmd,E:\Program Files\WindowsApps\Microsoft.SkypeApp_14.35.152.0_x64__kzf8qxf38zg5c\SkypeBGTaskHelper.winmd,File160
SensorFusionLib.winmd,E:\Program Files\WindowsApps\Microsoft.Microsoft3DViewer_5.1902.20012.0_x64__8wekyb3d8bbwe\SensorFusionLib.winmd,File024
TrackingDLLUWP.winmd,E:\Program Files\WindowsApps\Microsoft.Microsoft3DViewer_5.1902.20012.0_x64__8wekyb3d8bbwe\TrackingDLLUWP.winmd,File024
MsMpRes.dll,E:\Program Files\Windows Defender\MsMpRes.dll,File042
SolitaireLiveTileUpdater.winmd,E:\Program Files\WindowsApps\Microsoft.MicrosoftSolitaireCollection_4.2.11280.0_x86__8wekyb3d8bbwe\SolitaireLiveTileUpdater.winmd,File027
ImagingDevices.exe.mui,E:\Program Files\Windows Photo Viewer\en-US\ImagingDevices.exe.mui,File024
shellext.dll.mui,E:\Program Files\Windows Defender\en-US\shellext.dll.mui,File024
msader15.dll,E:\Program Files\Common Files\System\ado\msader15.dll,File005
EppManifest.dll.mui,E:\Program Files\Windows Defender\en-US\EppManifest.dll.mui,File005
mip.exe.mui,E:\Program Files\Common Files\microsoft shared\ink\en-US\mip.exe.mui,File001
msaddsr.dll,E:\Program Files\Common Files\System\msadc\msaddsr.dll,File005
msdaprsr.dll,E:\Program Files\Common Files\System\msadc\msdaprsr.dll,File005
TabTip.exe.mui,E:\Program Files\Common Files\microsoft shared\ink\en-US\TabTip.exe.mui,File005
tipresx.dll.mui,E:\Program Files\Common Files\microsoft shared\ink\ro-RO\tipresx.dll.mui,File001
WMPMediaSharing.dll.mui,E:\Program Files\Windows Media Player\en-US\WMPMediaSharing.dll.mui,File024
wmplayer.exe.mui,E:\Program Files\Windows Media Player\en-US\wmplayer.exe.mui,File024
tipresx.dll.mui,E:\Program Files\Common Files\microsoft shared\ink\sk-SK\tipresx.dll.mui,File001
tipresx.dll.mui,E:\Program Files\Common Files\microsoft shared\ink\pt-BR\tipresx.dll.mui,File001
tipresx.dll.mui,E:\Program Files\Common Files\microsoft shared\ink\de-DE\tipresx.dll.mui,File001
tipresx.dll.mui,E:\Program Files\Common Files\microsoft shared\ink\es-MX\tipresx.dll.mui,File001
tipresx.dll.mui,E:\Program Files\Common Files\microsoft shared\ink\fr-CA\tipresx.dll.mui,File042
tipresx.dll.mui,E:\Program Files\Common Files\microsoft shared\ink\es-ES\tipresx.dll.mui,File001
InputPersonalization.exe.mui,E:\Program Files\Common Files\microsoft shared\ink\en-US\InputPersonalization.exe.mui,File024
TipTsf.dll.mui,E:\Program Files\Common Files\microsoft shared\ink\en-US\TipTsf.dll.mui,File027
rtscom.dll.mui,E:\Program Files\Common Files\microsoft shared\ink\en-US\rtscom.dll.mui,File024
tipresx.dll.mui,E:\Program Files\Common Files\microsoft shared\ink\it-IT\tipresx.dll.mui,File001
tipresx.dll.mui,E:\Program Files\Common Files\microsoft shared\ink\fr-FR\tipresx.dll.mui,File042
tipresx.dll.mui,E:\Program Files\Common Files\microsoft shared\ink\pt-PT\tipresx.dll.mui,File001
wmlaunch.exe.mui,E:\Program Files\Windows Media Player\en-US\wmlaunch.exe.mui,File005
tipresx.dll.mui,E:\Program Files\Common Files\microsoft shared\ink\el-GR\tipresx.dll.mui,File001
hmmapi.dll.mui,E:\Program Files\Internet Explorer\en-US\hmmapi.dll.mui,File005
tipresx.dll.mui,E:\Program Files\Common Files\microsoft shared\ink\bg-BG\tipresx.dll.mui,File001
tipresx.dll.mui,E:\Program Files\Common Files\microsoft shared\ink\ar-SA\tipresx.dll.mui,File001
tipresx.dll.mui,E:\Program Files\Common Files\microsoft shared\ink\et-EE\tipresx.dll.mui,File001
mshwLatin.dll.mui,E:\Program Files\Common Files\microsoft shared\ink\en-US\mshwLatin.dll.mui,File024
wmpnssui.dll.mui,E:\Program Files\Windows Media Player\en-US\wmpnssui.dll.mui,File024
wmpnscfg.exe.mui,E:\Program Files\Windows Media Player\en-US\wmpnscfg.exe.mui,File024
Curve25519Wrap.winmd,E:\Program Files\WindowsApps\Microsoft.SkypeApp_14.35.152.0_x64__kzf8qxf38zg5c\Curve25519Wrap.winmd,File027
AppInstaller.winmd,E:\Program Files\WindowsApps\Microsoft.DesktopAppInstaller_1.0.30251.0_x64__8wekyb3d8bbwe\AppInstaller.winmd,File042
StoreRatingPromotion.winmd,E:\Program Files\WindowsApps\Microsoft.BingWeather_4.25.20211.0_x64__8wekyb3d8bbwe\StoreRatingPromotion.winmd,File024
ieinstal.exe.mui,E:\Program Files\Internet Explorer\en-US\ieinstal.exe.mui,File005
mpvis.dll.mui,E:\Program Files\Windows Media Player\en-US\mpvis.dll.mui,File024
msadcer.dll,E:\Program Files\Common Files\System\msadc\msadcer.dll,File005
sqlxmlx.rll,E:\Program Files\Common Files\System\Ole DB\sqlxmlx.rll,File005
msadcor.dll,E:\Program Files\Common Files\System\msadc\msadcor.dll,File005
msdaremr.dll,E:\Program Files\Common Files\System\msadc\msdaremr.dll,File005
SharedMemory_UWP.winmd,E:\Program Files\WindowsApps\Microsoft.MSPaint_5.1902.13017.0_x64__8wekyb3d8bbwe\SharedMemory_UWP.winmd,File024
PaintStudio_Model_CX.winmd,E:\Program Files\WindowsApps\Microsoft.MSPaint_5.1902.13017.0_x64__8wekyb3d8bbwe\PaintStudio_Model_CX.winmd,File027
Telemetry.winmd,E:\Program Files\WindowsApps\Microsoft.MSPaint_5.1902.13017.0_x64__8wekyb3d8bbwe\Telemetry.winmd,File024
Configuration.winmd,E:\Program Files\WindowsApps\Microsoft.MSPaint_5.1902.13017.0_x64__8wekyb3d8bbwe\Configuration.winmd,File001
PaintStudio.Model.CX.dll,E:\Program Files\WindowsApps\Microsoft.MSPaint_5.1902.13017.0_x64__8wekyb3d8bbwe\PaintStudio.Model.CX.dll,File101
PaintStudio.Cursors.winmd,E:\Program Files\WindowsApps\Microsoft.MSPaint_5.1902.13017.0_x64__8wekyb3d8bbwe\PaintStudio.Cursors.winmd,File160
StoreRatingPromotion.winmd,E:\Program Files\WindowsApps\Microsoft.Messaging_4.1901.10241.0_x64__8wekyb3d8bbwe\StoreRatingPromotion.winmd,File005
Microsoft.CPub.SkuInterop.winmd,E:\Program Files\WindowsApps\Microsoft.Getstarted_7.3.20251.0_x64__8wekyb3d8bbwe\Microsoft.CPub.SkuInterop.winmd,File024
Microsoft.UI.Xaml.Phone.dll.mui,E:\Program Files\WindowsApps\Microsoft.WindowsAppRuntime.1.3_3000.934.1904.0_x64__8wekyb3d8bbwe\zh-CN\Microsoft.UI.Xaml.Phone.dll.mui,File160
Microsoft.ui.xaml.dll.mui,E:\Program Files\WindowsApps\Microsoft.WindowsAppRuntime.1.3_3000.934.1904.0_x64__8wekyb3d8bbwe\zh-CN\Microsoft.ui.xaml.dll.mui,File042
Microsoft.UI.Xaml.Phone.dll.mui,E:\Program Files\WindowsApps\Microsoft.WindowsAppRuntime.1.3_3000.934.1904.0_x64__8wekyb3d8bbwe\ko-KR\Microsoft.UI.Xaml.Phone.dll.mui,File160
Microsoft.ui.xaml.dll.mui,E:\Program Files\WindowsApps\Microsoft.WindowsAppRuntime.1.3_3000.934.1904.0_x64__8wekyb3d8bbwe\ja-JP\Microsoft.ui.xaml.dll.mui,File101
Microsoft.UI.Xaml.Phone.dll.mui,E:\Program Files\WindowsApps\Microsoft.WindowsAppRuntime.1.3_3000.934.1904.0_x64__8wekyb3d8bbwe\ja-JP\Microsoft.UI.Xaml.Phone.dll.mui,File160
Microsoft.UI.Xaml.Phone.dll.mui,E:\Program Files\WindowsApps\Microsoft.WindowsAppRuntime.1.3_3000.934.1904.0_x64__8wekyb3d8bbwe\zh-TW\Microsoft.UI.Xaml.Phone.dll.mui,File160
Microsoft.ui.xaml.dll.mui,E:\Program Files\WindowsApps\Microsoft.WindowsAppRuntime.1.3_3000.934.1904.0_x64__8wekyb3d8bbwe\zh-TW\Microsoft.ui.xaml.dll.mui,File042
Microsoft.ui.xaml.dll.mui,E:\Program Files\WindowsApps\Microsoft.WindowsAppRuntime.1.3_3000.934.1904.0_x86__8wekyb3d8bbwe\ja-JP\Microsoft.ui.xaml.dll.mui,File101
Microsoft.UI.Xaml.Phone.dll.mui,E:\Program Files\WindowsApps\Microsoft.WindowsAppRuntime.1.3_3000.934.1904.0_x86__8wekyb3d8bbwe\ja-JP\Microsoft.UI.Xaml.Phone.dll.mui,File160
Microsoft.UI.Xaml.Phone.dll.mui,E:\Program Files\WindowsApps\Microsoft.WindowsAppRuntime.1.3_3000.934.1904.0_x86__8wekyb3d8bbwe\ko-KR\Microsoft.UI.Xaml.Phone.dll.mui,File160
codecpacks_webp.winmd,E:\Program Files\WindowsApps\Microsoft.WebpImageExtension_1.0.12821.0_x64__8wekyb3d8bbwe\codecpacks_webp.winmd,File160
Microsoft.ui.xaml.dll.mui,E:\Program Files\WindowsApps\Microsoft.WindowsAppRuntime.1.3_3000.934.1904.0_x86__8wekyb3d8bbwe\zh-CN\Microsoft.ui.xaml.dll.mui,File042
Microsoft.UI.Xaml.Phone.dll.mui,E:\Program Files\WindowsApps\Microsoft.WindowsAppRuntime.1.3_3000.934.1904.0_x86__8wekyb3d8bbwe\zh-CN\Microsoft.UI.Xaml.Phone.dll.mui,File160
Microsoft.ui.xaml.dll.mui,E:\Program Files\WindowsApps\Microsoft.WindowsAppRuntime.1.3_3000.934.1904.0_x86__8wekyb3d8bbwe\zh-TW\Microsoft.ui.xaml.dll.mui,File042
Microsoft.UI.Xaml.Phone.dll.mui,E:\Program Files\WindowsApps\Microsoft.WindowsAppRuntime.1.3_3000.934.1904.0_x86__8wekyb3d8bbwe\zh-TW\Microsoft.UI.Xaml.Phone.dll.mui,File160
DecoderAppService.winmd,E:\Program Files\WindowsApps\Microsoft.WebMediaExtensions_1.0.13321.0_x64__8wekyb3d8bbwe\DecoderAppService.winmd,File024
Microsoft_WebMediaExtensions.winmd,E:\Program Files\WindowsApps\Microsoft.WebMediaExtensions_1.0.13321.0_x64__8wekyb3d8bbwe\Microsoft_WebMediaExtensions.winmd,File160
SourceAppService.winmd,E:\Program Files\WindowsApps\Microsoft.WebMediaExtensions_1.0.13321.0_x64__8wekyb3d8bbwe\SourceAppService.winmd,File024
msdaorar.dll,E:\Program Files (x86)\Common Files\System\Ole DB\msdaorar.dll,File005
Microsoft.PackageManagement.MsuProvider.resources.dll,E:\Program Files (x86)\WindowsPowerShell\Modules\PackageManagement\1.0.0.1\en\Microsoft.PackageManagement.MsuProvider.resources.dll,File160
PRNDMediaSource.winmd,E:\Program Files\WindowsApps\Microsoft.XboxApp_48.48.7001.0_x64__8wekyb3d8bbwe\PRNDMediaSource.winmd,File027
msxactps.dll,E:\Program Files (x86)\Common Files\System\Ole DB\msxactps.dll,File071
Microsoft.Xbox.NetworkTroubleshooter.winmd,E:\Program Files\WindowsApps\Microsoft.XboxApp_48.48.7001.0_x64__8wekyb3d8bbwe\Microsoft.Xbox.NetworkTroubleshooter.winmd,File160
StoreRatingPromotion.winmd,E:\Program Files\WindowsApps\Microsoft.XboxApp_48.48.7001.0_x64__8wekyb3d8bbwe\StoreRatingPromotion.winmd,File005
hmmapi.dll.mui,E:\Program Files (x86)\Internet Explorer\en-US\hmmapi.dll.mui,File005
ieinstal.exe.mui,E:\Program Files (x86)\Internet Explorer\en-US\ieinstal.exe.mui,File005
IEShims.dll,E:\Program Files (x86)\Internet Explorer\IEShims.dll,File148
Microsoft.PackageManagement.ArchiverProviders.resources.dll,E:\Program Files (x86)\WindowsPowerShell\Modules\PackageManagement\1.0.0.1\en\Microsoft.PackageManagement.ArchiverProviders.resources.dll,File160
YourPhone.winmd,E:\Program Files\WindowsApps\Microsoft.YourPhone_0.0.13313.0_x64__8wekyb3d8bbwe\YourPhone.winmd,File042
msader15.dll,E:\Program Files (x86)\Common Files\System\ado\msader15.dll,File005
SpeechToTextOverlay.winmd,E:\Program Files\WindowsApps\Microsoft.XboxSpeechToTextOverlay_1.17.29001.0_x64__8wekyb3d8bbwe\SpeechToTextOverlay.winmd,File071
ImagingDevices.exe.mui,E:\Program Files (x86)\Windows Photo Viewer\en-US\ImagingDevices.exe.mui,File024
rtscom.dll.mui,E:\Program Files (x86)\Common Files\Microsoft Shared\ink\en-US\rtscom.dll.mui,File024
TabTip32.exe.mui,E:\Program Files (x86)\Common Files\Microsoft Shared\ink\en-US\TabTip32.exe.mui,File005
msdaprsr.dll,E:\Program Files (x86)\Common Files\System\msadc\msdaprsr.dll,File005
TipTsf.dll.mui,E:\Program Files (x86)\Common Files\Microsoft Shared\ink\en-US\TipTsf.dll.mui,File027
msaddsr.dll,E:\Program Files (x86)\Common Files\System\msadc\msaddsr.dll,File005
msadcer.dll,E:\Program Files (x86)\Common Files\System\msadc\msadcer.dll,File005
FileSyncFS.dll,E:\Users\John\AppData\Local\Microsoft\OneDrive\26.017.0126.0002\FileSyncFS.dll,File118
msadcor.dll,E:\Program Files (x86)\Common Files\System\msadc\msadcor.dll,File005
msdaremr.dll,E:\Program Files (x86)\Common Files\System\msadc\msdaremr.dll,File005
mpvis.dll.mui,E:\Program Files (x86)\Windows Media Player\en-US\mpvis.dll.mui,File024
sqlxmlx.rll,E:\Program Files (x86)\Common Files\System\Ole DB\sqlxmlx.rll,File005
mshwLatin.dll.mui,E:\Program Files (x86)\Common Files\Microsoft Shared\ink\en-US\mshwLatin.dll.mui,File024
wmpnssui.dll.mui,E:\Program Files (x86)\Windows Media Player\en-US\wmpnssui.dll.mui,File024
Microsoft.PackageManagement.ArchiverProviders.resources.dll,E:\Program Files\WindowsPowerShell\Modules\PackageManagement\1.0.0.1\en\Microsoft.PackageManagement.ArchiverProviders.resources.dll,File160
wmlaunch.exe.mui,E:\Program Files (x86)\Windows Media Player\en-US\wmlaunch.exe.mui,File005
wmplayer.exe.mui,E:\Program Files (x86)\Windows Media Player\en-US\wmplayer.exe.mui,File024
WMPMediaSharing.dll.mui,E:\Program Files (x86)\Windows Media Player\en-US\WMPMediaSharing.dll.mui,File024
wabmig.exe,E:\Program Files (x86)\Windows Mail\wabmig.exe,File213
EppManifest.dll.mui,E:\Program Files (x86)\Windows Defender\en-US\EppManifest.dll.mui,File005
Microsoft.PackageManagement.MsuProvider.resources.dll,E:\Program Files\WindowsPowerShell\Modules\PackageManagement\1.0.0.1\en\Microsoft.PackageManagement.MsuProvider.resources.dll,File160
winhlp32.exe,E:\Windows\winhlp32.exe,File071
File211,E:\Users\John\Documents\File211,File211
UpdatePrinterDriver.dll,E:\Windows\diagnostics\system\Printer\UpdatePrinterDriver.dll,File001
el-GR_BitLockerToGo.exe.mui,E:\Windows\BitLockerDiscoveryVolumeContents\el-GR_BitLockerToGo.exe.mui,File001
File117,E:\Users\John\Documents\File117,File117
DiagPackage.dll.mui,E:\Windows\diagnostics\system\PCW\en-US\DiagPackage.dll.mui,File001
DiagPackage.dll.mui,E:\Windows\diagnostics\system\Device\en-US\DiagPackage.dll.mui,File042
File118,E:\Users\John\Documents\File118,File118
File115,E:\Users\John\Documents\File115,File115
File114,E:\Users\John\Documents\File114,File114
File111,E:\Users\John\Documents\File111,File111
Microsoft.PowerShell.Commands.Diagnostics.resources.dll,E:\Windows\assembly\GAC_MSIL\Microsoft.PowerShell.Commands.Diagnostics.Resources\1.0.0.0_en_31bf3856ad364e35\Microsoft.PowerShell.Commands.Diagnostics.resources.dll,File001
File113,E:\Users\John\Documents\File113,File113
File112,E:\Users\John\Documents\File112,File112
File026,E:\Users\John\Documents\File026,File026
File116,E:\Users\John\Documents\File116,File116
File110,E:\Users\John\Documents\File110,File110
DiagPackage.dll,E:\Windows\diagnostics\system\Video\DiagPackage.dll,File101
File027,E:\Users\John\Documents\File027,File027
File025,E:\Users\John\Documents\File025,File025
File024,E:\Users\John\Documents\File024,File024
File138,E:\Users\John\Documents\File138,File138
File124,E:\Users\John\Documents\File124,File124
File137,E:\Users\John\Documents\File137,File137
File023,E:\Users\John\Documents\File023,File023
File022,E:\Users\John\Documents\File022,File022
File021,E:\Users\John\Documents\File021,File021
File136,E:\Users\John\Documents\File136,File136
File020,E:\Users\John\Documents\File020,File020
File019,E:\Users\John\Documents\File019,File019
File135,E:\Users\John\Documents\File135,File135
File018,E:\Users\John\Documents\File018,File018
File017,E:\Users\John\Documents\File017,File017
File016,E:\Users\John\Documents\File016,File016
File220,E:\Users\John\Documents\File220,File220
File015,E:\Users\John\Documents\File015,File015
File123,E:\Users\John\Documents\File123,File123
File134,E:\Users\John\Documents\File134,File134
File219,E:\Users\John\Documents\File219,File219
File014,E:\Users\John\Documents\File014,File014
File133,E:\Users\John\Documents\File133,File133
File140,E:\Users\John\Documents\File140,File140
File013,E:\Users\John\Documents\File013,File013
File218,E:\Users\John\Documents\File218,File218
File012,E:\Users\John\Documents\File012,File012
File142,E:\Users\John\Documents\File142,File142
File217,E:\Users\John\Documents\File217,File217
File011,E:\Users\John\Documents\File011,File011
File216,E:\Users\John\Documents\File216,File216
File010,E:\Users\John\Documents\File010,File010
File009,E:\Users\John\Documents\File009,File009
File215,E:\Users\John\Documents\File215,File215
File127,E:\Users\John\Documents\File127,File127
File132,E:\Users\John\Documents\File132,File132
File008,E:\Users\John\Documents\File008,File008
File214,E:\Users\John\Documents\File214,File214
File006,E:\Users\John\Documents\File006,File006
File131,E:\Users\John\Documents\File131,File131
File213,E:\Users\John\Documents\File213,File213
File005,E:\Users\John\Documents\File005,File005
File004,E:\Users\John\Documents\File004,File004
File212,E:\Users\John\Documents\File212,File212
File003,E:\Users\John\Documents\File003,File003
winhlp32.exe.mui,E:\Windows\en-US\winhlp32.exe.mui,File024
File139,E:\Users\John\Documents\File139,File139
File002,E:\Users\John\Documents\File002,File002
File045,E:\Users\John\Documents\File045,File045
File001,E:\Users\John\Documents\File001,File001
File210,E:\Users\John\Documents\File210,File210
File129,E:\Users\John\Documents\File129,File129
File209,E:\Users\John\Documents\File209,File209
File208,E:\Users\John\Documents\File208,File208
File207,E:\Users\John\Documents\File207,File207
File206,E:\Users\John\Documents\File206,File206
File141,E:\Users\John\Documents\File141,File141
File205,E:\Users\John\Documents\File205,File205
File204,E:\Users\John\Documents\File204,File204
File126,E:\Users\John\Documents\File126,File126
File203,E:\Users\John\Documents\File203,File203
File202,E:\Users\John\Documents\File202,File202
File122,E:\Users\John\Documents\File122,File122
File201,E:\Users\John\Documents\File201,File201
File200,E:\Users\John\Documents\File200,File200
File121,E:\Users\John\Documents\File121,File121
File199,E:\Users\John\Documents\File199,File199
File198,E:\Users\John\Documents\File198,File198
File194,E:\Users\John\Documents\File194,File194
File120,E:\Users\John\Documents\File120,File120
File197,E:\Users\John\Documents\File197,File197
File196,E:\Users\John\Documents\File196,File196
File195,E:\Users\John\Documents\File195,File195
File119,E:\Users\John\Documents\File119,File119
File125,E:\Users\John\Documents\File125,File125
File189,E:\Users\John\Documents\File189,File189
File193,E:\Users\John\Documents\File193,File193
File128,E:\Users\John\Documents\File128,File128
File192,E:\Users\John\Documents\File192,File192
File191,E:\Users\John\Documents\File191,File191
File190,E:\Users\John\Documents\File190,File190
File130,E:\Users\John\Documents\File130,File130
File188,E:\Users\John\Documents\File188,File188
DiagPackage.dll.mui,E:\Windows\diagnostics\system\Printer\en-US\DiagPackage.dll.mui,File101
File186,E:\Users\John\Documents\File186,File186
File109,E:\Users\John\Documents\File109,File109
File184,E:\Users\John\Documents\File184,File184
File185,E:\Users\John\Documents\File185,File185
File183,E:\Users\John\Documents\File183,File183
File105,E:\Users\John\Documents\File105,File105
File182,E:\Users\John\Documents\File182,File182
File104,E:\Users\John\Documents\File104,File104
File102,E:\Users\John\Documents\File102,File102
File181,E:\Users\John\Documents\File181,File181
File103,E:\Users\John\Documents\File103,File103
File180,E:\Users\John\Documents\File180,File180
File101,E:\Users\John\Documents\File101,File101
File100,E:\Users\John\Documents\File100,File100
File179,E:\Users\John\Documents\File179,File179
File099,E:\Users\John\Documents\File099,File099
File098,E:\Users\John\Documents\File098,File098
File178,E:\Users\John\Documents\File178,File178
File043,E:\Users\John\Documents\File043,File043
File097,E:\Users\John\Documents\File097,File097
File177,E:\Users\John\Documents\File177,File177
File096,E:\Users\John\Documents\File096,File096
File107,E:\Users\John\Documents\File107,File107
File095,E:\Users\John\Documents\File095,File095
File176,E:\Users\John\Documents\File176,File024
File094,E:\Users\John\Documents\File094,File094
File080,E:\Users\John\Documents\File080,File071
File093,E:\Users\John\Documents\File093,File093
File175,E:\Users\John\Documents\File175,File175
File092,E:\Users\John\Documents\File092,File092
File091,E:\Users\John\Documents\File091,File091
File174,E:\Users\John\Documents\File174,File174
File090,E:\Users\John\Documents\File090,File090
File173,E:\Users\John\Documents\File173,File173
File088,E:\Users\John\Documents\File088,File088
File089,E:\Users\John\Documents\File089,File089
File087,E:\Users\John\Documents\File087,File087
File172,E:\Users\John\Documents\File172,File172
MMCFxCommon.Resources.dll,E:\Windows\assembly\GAC_MSIL\MMCFxCommon.Resources\3.0.0.0_en_31bf3856ad364e35\MMCFxCommon.Resources.dll,File160
File086,E:\Users\John\Documents\File086,File086
File085,E:\Users\John\Documents\File085,File085
File171,E:\Users\John\Documents\File171,File171
File084,E:\Users\John\Documents\File084,File084
File083,E:\Users\John\Documents\File083,File083
File170,E:\Users\John\Documents\File170,File170
File082,E:\Users\John\Documents\File082,File082
File081,E:\Users\John\Documents\File081,File024
File169,E:\Users\John\Documents\File169,File169
File079,E:\Users\John\Documents\File079,File079
File168,E:\Users\John\Documents\File168,File168
File078,E:\Users\John\Documents\File078,File078
File033,E:\Users\John\Documents\File033,File033
File167,E:\Users\John\Documents\File167,File167
File077,E:\Users\John\Documents\File077,File077
File076,E:\Users\John\Documents\File076,File076
File166,E:\Users\John\Documents\File166,File024
File073,E:\Users\John\Documents\File073,File073
File074,E:\Users\John\Documents\File074,File074
File165,E:\Users\John\Documents\File165,File165
File072,E:\Users\John\Documents\File072,File072
File071,E:\Users\John\Documents\File071,File071
File164,E:\Users\John\Documents\File164,File164
bootres.dll.mui,E:\Windows\Boot\Resources\en-US\bootres.dll.mui,File101
File070,E:\Users\John\Documents\File070,File070
File163,E:\Users\John\Documents\File163,File163
File106,E:\Users\John\Documents\File106,File106
File069,E:\Users\John\Documents\File069,File069
File187,E:\Users\John\Documents\File187,File187
File162,E:\Users\John\Documents\File162,File162
File068,E:\Users\John\Documents\File068,File068
File067,E:\Users\John\Documents\File067,File067
File061,E:\Users\John\Documents\File061,File061
File066,E:\Users\John\Documents\File066,File066
File161,E:\Users\John\Documents\File161,File161
File065,E:\Users\John\Documents\File065,File065
File063,E:\Users\John\Documents\File063,File063
File064,E:\Users\John\Documents\File064,File064
File160,E:\Users\John\Documents\File160,File160
File062,E:\Users\John\Documents\File062,File062
File159,E:\Users\John\Documents\File159,File159
File060,E:\Users\John\Documents\File060,File024
File158,E:\Users\John\Documents\File158,File158
File058,E:\Users\John\Documents\File058,File058
File108,E:\Users\John\Documents\File108,File108
File157,E:\Users\John\Documents\File157,File157
File057,E:\Users\John\Documents\File057,File057
File056,E:\Users\John\Documents\File056,File056
File156,E:\Users\John\Documents\File156,File156
File055,E:\Users\John\Documents\File055,File055
File155,E:\Users\John\Documents\File155,File155
File054,E:\Users\John\Documents\File054,File054
File059,E:\Users\John\Documents\File059,File059
File053,E:\Users\John\Documents\File053,File053
File154,E:\Users\John\Documents\File154,File154
File052,E:\Users\John\Documents\File052,File052
File051,E:\Users\John\Documents\File051,File051
File153,E:\Users\John\Documents\File153,File153
File152,E:\Users\John\Documents\File152,File152
File049,E:\Users\John\Documents\File049,File049
File048,E:\Users\John\Documents\File048,File048
File050,E:\Users\John\Documents\File050,File050
File047,E:\Users\John\Documents\File047,File047
File151,E:\Users\John\Documents\File151,File151
File046,E:\Users\John\Documents\File046,File046
File044,E:\Users\John\Documents\File044,File044
File150,E:\Users\John\Documents\File150,File150
File039,E:\Users\John\Documents\File039,File039
File042,E:\Users\John\Documents\File042,File042
File149,E:\Users\John\Documents\File149,File149
File041,E:\Users\John\Documents\File041,File041
File148,E:\Users\John\Documents\File148,File148
File040,E:\Users\John\Documents\File040,File040
File147,E:\Users\John\Documents\File147,File147
File036,E:\Users\John\Documents\File036,File036
File146,E:\Users\John\Documents\File146,File024
File037,E:\Users\John\Documents\File037,File037
File035,E:\Users\John\Documents\File035,File035
File145,E:\Users\John\Documents\File145,File145
File032,E:\Users\John\Documents\File032,File032
File034,E:\Users\John\Documents\File034,File034
File144,E:\Users\John\Documents\File144,File144
File031,E:\Users\John\Documents\File031,File031
File038,E:\Users\John\Documents\File038,File038
File030,E:\Users\John\Documents\File030,File030
File143,E:\Users\John\Documents\File143,File143
File075,E:\Users\John\Documents\File075,File075
File029,E:\Users\John\Documents\File029,File029
File028,E:\Users\John\Documents\File028,File028
DiagPackage.dll.mui,E:\Windows\diagnostics\system\Keyboard\en-US\DiagPackage.dll.mui,File027
h8514oem.fon,E:\Windows\Fonts\h8514oem.fon,File164
DiagPackage.dll,E:\Windows\diagnostics\system\DeviceCenter\DiagPackage.dll,File005
DiagPackage.dll.mui,E:\Windows\diagnostics\system\DeviceCenter\en-US\DiagPackage.dll.mui,File027
SpTip.dll.mui,E:\Windows\IME\en-US\SpTip.dll.mui,File005
DiagPackage.dll,E:\Windows\diagnostics\system\Bluetooth\DiagPackage.dll,File005
Microsoft.ApplicationId.Framework.Resources.dll,E:\Windows\Microsoft.NET\assembly\GAC_MSIL\Microsoft.ApplicationId.Framework.Resources\v4.0_10.0.0.0_en_31bf3856ad364e35\Microsoft.ApplicationId.Framework.Resources.dll,File101
File007,E:\Users\John\Documents\File007,File007
write.exe,E:\Windows\write.exe,File042
bfsvc.exe.mui,E:\Windows\en-US\bfsvc.exe.mui,File005
hh.exe.mui,E:\Windows\en-US\hh.exe.mui,File005
Microsoft.Security.ApplicationId.PolicyManagement.XmlHelper.dll,E:\Windows\Microsoft.NET\assembly\GAC_MSIL\Microsoft.Security.ApplicationId.PolicyManagement.XmlHelper\v4.0_10.0.0.0__31bf3856ad364e35\Microsoft.Security.ApplicationId.PolicyManagement.XmlHelper.dll,File101
Microsoft.KeyDistributionService.Cmdlets.Resources.dll,E:\Windows\Microsoft.NET\assembly\GAC_MSIL\Microsoft.KeyDistributionService.Cmdlets.Resources\v4.0_10.0.0.0_en_31bf3856ad364e35\Microsoft.KeyDistributionService.Cmdlets.Resources.dll,File160
Microsoft.PowerShell.Utility.Activities.Resources.dll,E:\Windows\Microsoft.NET\assembly\GAC_MSIL\Microsoft.PowerShell.Utility.Activities.Resources\v4.0_3.0.0.0_en_31bf3856ad364e35\Microsoft.PowerShell.Utility.Activities.Resources.dll,File160
Microsoft.PowerShell.Commands.Diagnostics.resources.dll,E:\Windows\Microsoft.NET\assembly\GAC_MSIL\Microsoft.PowerShell.Commands.Diagnostics.Resources\v4.0_3.0.0.0_en_31bf3856ad364e35\Microsoft.PowerShell.Commands.Diagnostics.resources.dll,File071
Microsoft.AppV.AppVClientWmi.resources.dll,E:\Windows\Microsoft.NET\assembly\GAC_MSIL\Microsoft.AppV.AppVClientWmi.Resources\v4.0_10.0.0.0_en_31bf3856ad364e35\Microsoft.AppV.AppVClientWmi.resources.dll,File160
PenIMC.dll,E:\Windows\Microsoft.NET\Framework\v4.0.30319\WPF\PenIMC.dll,File173
Microsoft.Windows.Diagnosis.Commands.UpdateDiagRootcause.resources.dll,E:\Windows\Microsoft.NET\assembly\GAC_MSIL\Microsoft.Windows.Diagnosis.Commands.UpdateDiagRootcause.Resources\v4.0_1.0.0.0_en_31bf3856ad364e35\Microsoft.Windows.Diagnosis.Commands.UpdateDiagRootcause.resources.dll,File160
Microsoft.Windows.Diagnosis.Commands.WriteDiagTelemetry.resources.dll,E:\Windows\Microsoft.NET\assembly\GAC_MSIL\Microsoft.Windows.Diagnosis.Commands.WriteDiagTelemetry.Resources\v4.0_1.0.0.0_en_31bf3856ad364e35\Microsoft.Windows.Diagnosis.Commands.WriteDiagTelemetry.resources.dll,File160
Microsoft.Windows.Diagnosis.Commands.WriteDiagProgress.resources.dll,E:\Windows\Microsoft.NET\assembly\GAC_MSIL\Microsoft.Windows.Diagnosis.Commands.WriteDiagProgress.Resources\v4.0_1.0.0.0_en_31bf3856ad364e35\Microsoft.Windows.Diagnosis.Commands.WriteDiagProgress.resources.dll,File160
Microsoft.Windows.StartLayout.Commands.dll,E:\Windows\Microsoft.NET\assembly\GAC_MSIL\Microsoft.Windows.StartLayout.Commands\v4.0_10.0.0.0__31bf3856ad364e35\Microsoft.Windows.StartLayout.Commands.dll,File042
Microsoft.windowsauthenticationprotocols.commands.resources.dll,E:\Windows\Microsoft.NET\assembly\GAC_MSIL\Microsoft.WindowsAuthenticationProtocols.Commands.Resources\v4.0_10.0.0.0_en_31bf3856ad364e35\Microsoft.windowsauthenticationprotocols.commands.resources.dll,File160
Microsoft.Windows.StartLayout.Commands.Resources.dll,E:\Windows\Microsoft.NET\assembly\GAC_MSIL\Microsoft.Windows.StartLayout.Commands.Resources\v4.0_10.0.0.0_en_31bf3856ad364e35\Microsoft.Windows.StartLayout.Commands.Resources.dll,File160
Microsoft.Windows.Diagnosis.SDHost.resources.dll,E:\Windows\Microsoft.NET\assembly\GAC_MSIL\Microsoft.Windows.Diagnosis.SDHost.Resources\v4.0_1.0.0.0_en_31bf3856ad364e35\Microsoft.Windows.Diagnosis.SDHost.resources.dll,File160
Microsoft.Windows.Diagnosis.Commands.UpdateDiagReport.resources.dll,E:\Windows\Microsoft.NET\assembly\GAC_MSIL\Microsoft.Windows.Diagnosis.Commands.UpdateDiagReport.Resources\v4.0_1.0.0.0_en_31bf3856ad364e35\Microsoft.Windows.Diagnosis.Commands.UpdateDiagReport.resources.dll,File160
Microsoft.Windows.Diagnosis.Commands.GetDiagInput.resources.dll,E:\Windows\Microsoft.NET\assembly\GAC_MSIL\Microsoft.Windows.Diagnosis.Commands.GetDiagInput.Resources\v4.0_1.0.0.0_en_31bf3856ad364e35\Microsoft.Windows.Diagnosis.Commands.GetDiagInput.resources.dll,File160
Microsoft.Windows.Diagnosis.Commands.UpdateDiagReport.dll,E:\Windows\Microsoft.NET\assembly\GAC_MSIL\Microsoft.Windows.Diagnosis.Commands.UpdateDiagReport\v4.0_10.0.0.0__31bf3856ad364e35\Microsoft.Windows.Diagnosis.Commands.UpdateDiagReport.dll,File001
TrustedInstaller.exe.mui,E:\Windows\servicing\en-US\TrustedInstaller.exe.mui,File024
PrintDialog.exe.mui,E:\Windows\PrintDialog\en-US\PrintDialog.exe.mui,File005
acledit.dll,E:\Windows\System32\acledit.dll,File042
ActionCenter.dll,E:\Windows\System32\ActionCenter.dll,File148
acproxy.dll,E:\Windows\System32\acproxy.dll,File101
advapi32res.dll,E:\Windows\System32\advapi32res.dll,File005
sapisvr.exe.mui,E:\Windows\Speech\Common\en-US\sapisvr.exe.mui,File005
basesrv.dll,E:\Windows\System32\basesrv.dll,File213
ctfmon.exe,E:\Windows\System32\ctfmon.exe,File042
CIRCoInst.dll,E:\Windows\System32\CIRCoInst.dll,File042
bridgeres.dll,E:\Windows\System32\bridgeres.dll,File005
apprepapi.dll,E:\Windows\System32\apprepapi.dll,File101
comres.dll,E:\Windows\System32\comres.dll,File005
blbres.dll,E:\Windows\System32\blbres.dll,File005
asferror.dll,E:\Windows\System32\asferror.dll,File005
BdeSysprep.dll,E:\Windows\System32\BdeSysprep.dll,File071
defragres.dll,E:\Windows\System32\defragres.dll,File160
dcomcnfg.exe,E:\Windows\System32\dcomcnfg.exe,File071
DMAppsRes.dll,E:\Windows\System32\DMAppsRes.dll,File005
dllhst3g.exe,E:\Windows\System32\dllhst3g.exe,File101
DMAlertListener.ProxyStub.dll,E:\Windows\System32\DMAlertListener.ProxyStub.dll,File001
dmdskres2.dll,E:\Windows\System32\dmdskres2.dll,File005
dmdskres.dll,E:\Windows\System32\dmdskres.dll,File005
dvdplay.exe,E:\Windows\System32\dvdplay.exe,File071
ETWCoreUIComponentsResources.dll,E:\Windows\System32\ETWCoreUIComponentsResources.dll,File005
expand.exe,E:\Windows\System32\expand.exe,File213
gamestreamingext.dll,E:\Windows\System32\gamestreamingext.dll,File001
getuname.dll,E:\Windows\System32\getuname.dll,File042
help.exe,E:\Windows\System32\help.exe,File071
icmp.dll,E:\Windows\System32\icmp.dll,File024
imageres.dll,E:\Windows\System32\imageres.dll,File005
imagesp1.dll,E:\Windows\System32\imagesp1.dll,File005
iologmsg.dll,E:\Windows\System32\iologmsg.dll,File005
iprtprio.dll,E:\Windows\System32\iprtprio.dll,File071
kbdnecat.dll,E:\Windows\System32\kbdnecat.dll,File001
LaunchTM.exe,E:\Windows\System32\LaunchTM.exe,File071
lltdres.dll,E:\Windows\System32\lltdres.dll,File005
Locator.exe,E:\Windows\System32\Locator.exe,File042
lpk.dll,E:\Windows\System32\lpk.dll,File024
logoncli.dll,E:\Windows\System32\logoncli.dll,File095
lz32.dll,E:\Windows\System32\lz32.dll,File024
MapControlStringsRes.dll,E:\Windows\System32\MapControlStringsRes.dll,File005
microsoft-windows-processor-aggregator-events.dll,E:\Windows\System32\microsoft-windows-processor-aggregator-events.dll,File160
Microsoft-WindowsPhone-SEManagementProvider.dll,E:\Windows\System32\Microsoft-WindowsPhone-SEManagementProvider.dll,File005
Microsoft.Uev.SmbSyncProvider.dll,E:\Windows\System32\Microsoft.Uev.SmbSyncProvider.dll,File042
mmres.dll,E:\Windows\System32\mmres.dll,File027
moricons.dll,E:\Windows\System32\moricons.dll,File005
msprivs.dll,E:\Windows\System32\msprivs.dll,File005
mscat32.dll,E:\Windows\System32\mscat32.dll,File071
msafd.dll,E:\Windows\System32\msafd.dll,File024
msidle.dll,E:\Windows\System32\msidle.dll,File071
mousocoreworker.exe,E:\Windows\System32\mousocoreworker.exe,File051
msctfime.ime,E:\Windows\System32\msctfime.ime,File001
msxml6r.dll,E:\Windows\System32\msxml6r.dll,File005
msxml3r.dll,E:\Windows\System32\msxml3r.dll,File005
neth.dll,E:\Windows\System32\neth.dll,File005
NetHost.exe,E:\Windows\System32\NetHost.exe,File001
netmsg.dll,E:\Windows\System32\netmsg.dll,File005
Nlsdl.dll,E:\Windows\System32\Nlsdl.dll,File001
ntlanman.dll,E:\Windows\System32\ntlanman.dll,File213
pcaevts.dll,E:\Windows\System32\pcaevts.dll,File101
PhoneServiceRes.dll,E:\Windows\System32\PhoneServiceRes.dll,File005
PhoneutilRes.dll,E:\Windows\System32\PhoneutilRes.dll,File005
plasrv.exe,E:\Windows\System32\plasrv.exe,File001
qedwipes.dll,E:\Windows\System32\qedwipes.dll,File005
rdpcfgex.dll,E:\Windows\System32\rdpcfgex.dll,File042
regedt32.exe,E:\Windows\System32\regedt32.exe,File071
RemotePosWorker.exe,E:\Windows\System32\RemotePosWorker.exe,File101
RemovableMediaProvisioningPlugin.dll,E:\Windows\System32\RemovableMediaProvisioningPlugin.dll,File213
rnr20.dll,E:\Windows\System32\rnr20.dll,File005
sberes.dll,E:\Windows\System32\sberes.dll,File213
secinit.exe,E:\Windows\System32\secinit.exe,File001
SensorsCpl.dll,E:\Windows\System32\SensorsCpl.dll,File005
sfc.dll,E:\Windows\System32\sfc.dll,File024
shfolder.dll,E:\Windows\System32\shfolder.dll,File001
softpub.dll,E:\Windows\System32\softpub.dll,File001
spnet.dll,E:\Windows\System32\spnet.dll,File071
spmpm.dll,E:\Windows\System32\spmpm.dll,File042
spwmp.dll,E:\Windows\System32\spwmp.dll,File042
SyncRes.dll,E:\Windows\System32\SyncRes.dll,File005
systray.exe,E:\Windows\System32\systray.exe,File042
tapiui.dll,E:\Windows\System32\tapiui.dll,File005
TCPSVCS.EXE,E:\Windows\System32\TCPSVCS.EXE,File101
TelephonyInteractiveUserRes.dll,E:\Windows\System32\TelephonyInteractiveUserRes.dll,File005
tier2punctuations.dll,E:\Windows\System32\tier2punctuations.dll,File005
TpmCertResources.dll,E:\Windows\System32\TpmCertResources.dll,File027
TimeDateMUICallback.dll,E:\Windows\System32\TimeDateMUICallback.dll,File071
txfw32.dll,E:\Windows\System32\txfw32.dll,File101
tzres.dll,E:\Windows\System32\tzres.dll,File005
tzsyncres.dll,E:\Windows\System32\tzsyncres.dll,File160
UevTemplateConfigItemGenerator.exe,E:\Windows\System32\UevTemplateConfigItemGenerator.exe,File071
uxlibres.dll,E:\Windows\System32\uxlibres.dll,File071
VpnSohDesktop.dll,E:\Windows\System32\VpnSohDesktop.dll,File042
WalletBackgroundServiceProxy.dll,E:\Windows\System32\WalletBackgroundServiceProxy.dll,File101
WiaExtensionHost64.dll,E:\Windows\System32\WiaExtensionHost64.dll,File071
Windows.Internal.PlatformExtension.DevicePickerExperience.dll,E:\Windows\System32\Windows.Internal.PlatformExtension.DevicePickerExperience.dll,File213
wlanutil.dll,E:\Windows\System32\wlanutil.dll,File027
wlidnsp.dll,E:\Windows\System32\wlidnsp.dll,File213
wmerror.dll,E:\Windows\System32\wmerror.dll,File005
wmploc.DLL,E:\Windows\System32\wmploc.DLL,File005
write.exe,E:\Windows\System32\write.exe,File042
WppRecorderUM.dll,E:\Windows\System32\WppRecorderUM.dll,File071
wship6.dll,E:\Windows\System32\wship6.dll,File101
WSHTCPIP.DLL,E:\Windows\System32\WSHTCPIP.DLL,File101
wsnmp32.dll,E:\Windows\System32\wsnmp32.dll,File213
wuapihost.exe,E:\Windows\System32\wuapihost.exe,File042
XAudio2_8.dll,E:\Windows\System32\XAudio2_8.dll,File027
XInput9_1_0.dll,E:\Windows\System32\XInput9_1_0.dll,File042
quickassist.exe.mui,E:\Windows\System32\ar-SA\quickassist.exe.mui,File027
quickassist.exe.mui,E:\Windows\System32\bg-BG\quickassist.exe.mui,File027
api-ms-win-core-localization-l1-2-1.dll,E:\Windows\System32\downlevel\api-ms-win-core-localization-l1-2-1.dll,File062
api-ms-win-core-datetime-l1-1-1.dll,E:\Windows\System32\downlevel\api-ms-win-core-datetime-l1-1-1.dll,File042
api-ms-win-core-string-l1-1-0.dll,E:\Windows\System32\downlevel\api-ms-win-core-string-l1-1-0.dll,File071
api-ms-win-crt-heap-l1-1-0.dll,E:\Windows\System32\downlevel\api-ms-win-crt-heap-l1-1-0.dll,File101
api-ms-win-core-threadpool-private-l1-1-0.dll,E:\Windows\System32\downlevel\api-ms-win-core-threadpool-private-l1-1-0.dll,File042
comrepl.exe.mui,E:\Windows\System32\Com\en-US\comrepl.exe.mui,File005
acpipagr.sys,E:\Windows\System32\drivers\acpipagr.sys,File101
mstee.sys,E:\Windows\System32\drivers\mstee.sys,File101
api-ms-win-core-realtime-l1-1-0.dll,E:\Windows\System32\downlevel\api-ms-win-core-realtime-l1-1-0.dll,File071
mspclock.sys,E:\Windows\System32\drivers\mspclock.sys,File042
api-ms-win-core-processtopology-obsolete-l1-1-0.dll,E:\Windows\System32\downlevel\api-ms-win-core-processtopology-obsolete-l1-1-0.dll,File071
api-ms-win-core-processenvironment-l1-1-0.dll,E:\Windows\System32\downlevel\api-ms-win-core-processenvironment-l1-1-0.dll,File101
API-MS-Win-core-file-l2-1-0.dll,E:\Windows\System32\downlevel\API-MS-Win-core-file-l2-1-0.dll,File071
api-ms-win-core-file-l1-2-1.dll,E:\Windows\System32\downlevel\api-ms-win-core-file-l1-2-1.dll,File071
msisadrv.sys,E:\Windows\System32\drivers\msisadrv.sys,File173
mspqm.sys,E:\Windows\System32\drivers\mspqm.sys,File042
API-MS-Win-core-localization-obsolete-l1-2-0.dll,E:\Windows\System32\downlevel\API-MS-Win-core-localization-obsolete-l1-2-0.dll,File071
api-ms-win-core-profile-l1-1-0.dll,E:\Windows\System32\downlevel\api-ms-win-core-profile-l1-1-0.dll,File042
api-ms-win-core-fibers-l1-1-0.dll,E:\Windows\System32\downlevel\api-ms-win-core-fibers-l1-1-0.dll,File071
api-ms-win-core-errorhandling-l1-1-1.dll,E:\Windows\System32\downlevel\api-ms-win-core-errorhandling-l1-1-1.dll,File071
api-ms-win-core-privateprofile-l1-1-1.dll,E:\Windows\System32\downlevel\api-ms-win-core-privateprofile-l1-1-1.dll,File071
api-ms-win-core-processthreads-l1-1-2.dll,E:\Windows\System32\downlevel\api-ms-win-core-processthreads-l1-1-2.dll,File071
SmiProvider.dll.mui,E:\Windows\System32\Dism\en-US\SmiProvider.dll.mui,File005
api-ms-win-core-fibers-l1-1-1.dll,E:\Windows\System32\downlevel\api-ms-win-core-fibers-l1-1-1.dll,File042
MigRegDB.exe.mui,E:\Windows\System32\Com\en-US\MigRegDB.exe.mui,File005
api-ms-win-core-libraryloader-l1-1-0.dll,E:\Windows\System32\downlevel\api-ms-win-core-libraryloader-l1-1-0.dll,File101
api-ms-win-core-processenvironment-l1-2-0.dll,E:\Windows\System32\downlevel\api-ms-win-core-processenvironment-l1-2-0.dll,File071
api-ms-win-service-winsvc-l1-1-0.dll,E:\Windows\System32\downlevel\api-ms-win-service-winsvc-l1-1-0.dll,File101
api-ms-win-core-io-l1-1-0.dll,E:\Windows\System32\downlevel\api-ms-win-core-io-l1-1-0.dll,File071
API-MS-Win-Core-Kernel32-Private-L1-1-1.dll,E:\Windows\System32\downlevel\API-MS-Win-Core-Kernel32-Private-L1-1-1.dll,File042
OSProvider.dll.mui,E:\Windows\System32\Dism\en-US\OSProvider.dll.mui,File024
SysprepProvider.dll.mui,E:\Windows\System32\Dism\en-US\SysprepProvider.dll.mui,File024
API-MS-Win-core-xstate-l2-1-0.dll,E:\Windows\System32\downlevel\API-MS-Win-core-xstate-l2-1-0.dll,File071
API-MS-Win-Security-Lsalookup-L2-1-0.dll,E:\Windows\System32\downlevel\API-MS-Win-Security-Lsalookup-L2-1-0.dll,File071
IBSProvider.dll.mui,E:\Windows\System32\Dism\en-US\IBSProvider.dll.mui,File005
api-ms-win-core-handle-l1-1-0.dll,E:\Windows\System32\downlevel\api-ms-win-core-handle-l1-1-0.dll,File071
API-MS-Win-core-file-l2-1-1.dll,E:\Windows\System32\downlevel\API-MS-Win-core-file-l2-1-1.dll,File042
api-ms-win-core-libraryloader-l1-1-1.dll,E:\Windows\System32\downlevel\api-ms-win-core-libraryloader-l1-1-1.dll,File071
api-ms-win-service-management-l1-1-0.dll,E:\Windows\System32\downlevel\api-ms-win-service-management-l1-1-0.dll,File071
DismProv.dll.mui,E:\Windows\System32\Dism\en-US\DismProv.dll.mui,File005
api-ms-win-core-debug-l1-1-1.dll,E:\Windows\System32\downlevel\api-ms-win-core-debug-l1-1-1.dll,File071
api-ms-win-core-file-l1-2-0.dll,E:\Windows\System32\downlevel\api-ms-win-core-file-l1-2-0.dll,File071
api-ms-win-core-io-l1-1-1.dll,E:\Windows\System32\downlevel\api-ms-win-core-io-l1-1-1.dll,File071
api-ms-win-base-util-l1-1-0.dll,E:\Windows\System32\downlevel\api-ms-win-base-util-l1-1-0.dll,File062
quickassist.exe.mui,E:\Windows\System32\da-DK\quickassist.exe.mui,File027
api-ms-win-core-delayload-l1-1-0.dll,E:\Windows\System32\downlevel\api-ms-win-core-delayload-l1-1-0.dll,File042
API-MS-Win-core-string-obsolete-l1-1-0.dll,E:\Windows\System32\downlevel\API-MS-Win-core-string-obsolete-l1-1-0.dll,File071
API-MS-Win-EventLog-Legacy-L1-1-0.dll,E:\Windows\System32\downlevel\API-MS-Win-EventLog-Legacy-L1-1-0.dll,File071
api-ms-win-core-debug-l1-1-0.dll,E:\Windows\System32\downlevel\api-ms-win-core-debug-l1-1-0.dll,File071
OfflineSetupProvider.dll.mui,E:\Windows\System32\Dism\en-US\OfflineSetupProvider.dll.mui,File005
api-ms-win-crt-process-l1-1-0.dll,E:\Windows\System32\downlevel\api-ms-win-crt-process-l1-1-0.dll,File101
FolderProvider.dll.mui,E:\Windows\System32\Dism\en-US\FolderProvider.dll.mui,File005
API-MS-Win-Core-Heap-Obsolete-L1-1-0.dll,E:\Windows\System32\downlevel\API-MS-Win-Core-Heap-Obsolete-L1-1-0.dll,File071
API-MS-Win-core-string-l2-1-0.dll,E:\Windows\System32\downlevel\API-MS-Win-core-string-l2-1-0.dll,File071
api-ms-win-core-stringloader-l1-1-1.dll,E:\Windows\System32\downlevel\api-ms-win-core-stringloader-l1-1-1.dll,File042
DiagnosticsHub.StandardCollector.ServiceRes.dll.mui,E:\Windows\System32\DiagSvcs\en-US\DiagnosticsHub.StandardCollector.ServiceRes.dll.mui,File024
api-ms-win-core-interlocked-l1-1-0.dll,E:\Windows\System32\downlevel\api-ms-win-core-interlocked-l1-1-0.dll,File071
api-ms-win-core-namedpipe-l1-1-0.dll,E:\Windows\System32\downlevel\api-ms-win-core-namedpipe-l1-1-0.dll,File071
api-ms-win-core-stringansi-l1-1-0.dll,E:\Windows\System32\downlevel\api-ms-win-core-stringansi-l1-1-0.dll,File071
api-ms-win-core-sysinfo-l1-2-1.dll,E:\Windows\System32\downlevel\api-ms-win-core-sysinfo-l1-2-1.dll,File071
api-ms-win-core-datetime-l1-1-0.dll,E:\Windows\System32\downlevel\api-ms-win-core-datetime-l1-1-0.dll,File071
api-ms-win-core-shutdown-l1-1-0.dll,E:\Windows\System32\downlevel\api-ms-win-core-shutdown-l1-1-0.dll,File042
quickassist.exe.mui,E:\Windows\System32\cs-CZ\quickassist.exe.mui,File027
api-ms-win-core-util-l1-1-0.dll,E:\Windows\System32\downlevel\api-ms-win-core-util-l1-1-0.dll,File071
api-ms-win-core-sysinfo-l1-1-0.dll,E:\Windows\System32\downlevel\api-ms-win-core-sysinfo-l1-1-0.dll,File101
quickassist.exe.mui,E:\Windows\System32\de-DE\quickassist.exe.mui,File160
api-ms-win-core-threadpool-legacy-l1-1-0.dll,E:\Windows\System32\downlevel\api-ms-win-core-threadpool-legacy-l1-1-0.dll,File071
api-ms-win-core-version-l1-1-0.dll,E:\Windows\System32\downlevel\api-ms-win-core-version-l1-1-0.dll,File071
api-ms-win-core-sysinfo-l1-2-0.dll,E:\Windows\System32\downlevel\api-ms-win-core-sysinfo-l1-2-0.dll,File071
GenericProvider.dll.mui,E:\Windows\System32\Dism\en-US\GenericProvider.dll.mui,File024
api-ms-win-core-wow64-l1-1-0.dll,E:\Windows\System32\downlevel\api-ms-win-core-wow64-l1-1-0.dll,File071
api-ms-win-core-xstate-l1-1-0.dll,E:\Windows\System32\downlevel\api-ms-win-core-xstate-l1-1-0.dll,File071
DiagnosticsHub.StandardCollector.ServiceRes.dll,E:\Windows\System32\DiagSvcs\DiagnosticsHub.StandardCollector.ServiceRes.dll,File005
api-ms-win-crt-conio-l1-1-0.dll,E:\Windows\System32\downlevel\api-ms-win-crt-conio-l1-1-0.dll,File101
API-MS-Win-Eventing-ClassicProvider-L1-1-0.dll,E:\Windows\System32\downlevel\API-MS-Win-Eventing-ClassicProvider-L1-1-0.dll,File071
API-MS-Win-security-lsapolicy-l1-1-0.dll,E:\Windows\System32\downlevel\API-MS-Win-security-lsapolicy-l1-1-0.dll,File101
api-ms-win-service-private-l1-1-1.dll,E:\Windows\System32\downlevel\api-ms-win-service-private-l1-1-1.dll,File101
API-MS-Win-Security-Lsalookup-L2-1-1.dll,E:\Windows\System32\downlevel\API-MS-Win-Security-Lsalookup-L2-1-1.dll,File042
API-MS-Win-security-provider-L1-1-0.dll,E:\Windows\System32\downlevel\API-MS-Win-security-provider-L1-1-0.dll,File071
api-ms-win-service-core-l1-1-0.dll,E:\Windows\System32\downlevel\api-ms-win-service-core-l1-1-0.dll,File071
api-ms-win-security-sddl-l1-1-0.dll,E:\Windows\System32\downlevel\api-ms-win-security-sddl-l1-1-0.dll,File071
API-MS-Win-Eventing-Provider-L1-1-0.dll,E:\Windows\System32\downlevel\API-MS-Win-Eventing-Provider-L1-1-0.dll,File071
API-MS-Win-Eventing-Controller-L1-1-0.dll,E:\Windows\System32\downlevel\API-MS-Win-Eventing-Controller-L1-1-0.dll,File071
api-ms-win-eventing-consumer-l1-1-0.dll,E:\Windows\System32\downlevel\api-ms-win-eventing-consumer-l1-1-0.dll,File042
API-MS-Win-Eventing-Legacy-L1-1-0.dll,E:\Windows\System32\downlevel\API-MS-Win-Eventing-Legacy-L1-1-0.dll,File071
api-ms-win-service-core-l1-1-1.dll,E:\Windows\System32\downlevel\api-ms-win-service-core-l1-1-1.dll,File071
api-ms-win-service-management-l2-1-0.dll,E:\Windows\System32\downlevel\api-ms-win-service-management-l2-1-0.dll,File071
hidbatt.sys.mui,E:\Windows\System32\drivers\en-US\hidbatt.sys.mui,File005
SensorsCx.dll.mui,E:\Windows\System32\drivers\UMDF\en-US\SensorsCx.dll.mui,File005
cmimcext.sys.mui,E:\Windows\System32\drivers\en-US\cmimcext.sys.mui,File027
mshidumdf.sys.mui,E:\Windows\System32\drivers\en-US\mshidumdf.sys.mui,File024
mgtdyn.dll.mui,E:\Windows\System32\drivers\UMDF\en-US\mgtdyn.dll.mui,File001
mssmbios.sys.mui,E:\Windows\System32\drivers\en-US\mssmbios.sys.mui,File027
i8042prt.sys.mui,E:\Windows\System32\drivers\en-US\i8042prt.sys.mui,File001
mssecflt.sys.mui,E:\Windows\System32\drivers\en-US\mssecflt.sys.mui,File024
modem.sys.mui,E:\Windows\System32\drivers\en-US\modem.sys.mui,File160
mouhid.sys.mui,E:\Windows\System32\drivers\en-US\mouhid.sys.mui,File024
iorate.sys.mui,E:\Windows\System32\drivers\en-US\iorate.sys.mui,File005
qwavedrv.sys.mui,E:\Windows\System32\drivers\en-US\qwavedrv.sys.mui,File024
parport.sys.mui,E:\Windows\System32\drivers\en-US\parport.sys.mui,File160
mountmgr.sys.mui,E:\Windows\System32\drivers\en-US\mountmgr.sys.mui,File024
pnpmem.sys.mui,E:\Windows\System32\drivers\en-US\pnpmem.sys.mui,File024
msisadrv.sys,E:\Windows\System32\DriverStore\FileRepository\machine.inf_amd64_ca8339f37498a948\msisadrv.sys,File173
mxdwdui.dll,E:\Windows\System32\DriverStore\FileRepository\prnms001.inf_amd64_9e116340d71d6c05\mxdwdui.dll,File024
CAD.sys.mui,E:\Windows\System32\drivers\en-US\CAD.sys.mui,File005
BTHUSB.SYS.mui,E:\Windows\System32\drivers\en-US\BTHUSB.SYS.mui,File027
usbstor.sys.mui,E:\Windows\System32\drivers\en-US\usbstor.sys.mui,File024
bthenum.sys.mui,E:\Windows\System32\drivers\en-US\bthenum.sys.mui,File005
cdrom.sys.mui,E:\Windows\System32\drivers\en-US\cdrom.sys.mui,File024
tsusbflt.sys.mui,E:\Windows\System32\drivers\en-US\tsusbflt.sys.mui,File027
isapnp.sys.mui,E:\Windows\System32\drivers\en-US\isapnp.sys.mui,File160
acpi.sys.mui,E:\Windows\System32\drivers\en-US\acpi.sys.mui,File001
sdstor.sys.mui,E:\Windows\System32\drivers\en-US\sdstor.sys.mui,File027
idtsec.dll.mui,E:\Windows\System32\drivers\UMDF\en-US\idtsec.dll.mui,File001
rdpdr.sys.mui,E:\Windows\System32\drivers\en-US\rdpdr.sys.mui,File024
ndisuio.sys.mui,E:\Windows\System32\drivers\en-US\ndisuio.sys.mui,File027
NdisVirtualBus.sys.mui,E:\Windows\System32\drivers\en-US\NdisVirtualBus.sys.mui,File005
NdisImPlatform.sys.mui,E:\Windows\System32\drivers\en-US\NdisImPlatform.sys.mui,File071
agilevpn.sys.mui,E:\Windows\System32\drivers\en-US\agilevpn.sys.mui,File160
IndirectKmd.sys.mui,E:\Windows\System32\drivers\en-US\IndirectKmd.sys.mui,File024
kbdhid.sys.mui,E:\Windows\System32\drivers\en-US\kbdhid.sys.mui,File024
Microsoft.Bluetooth.AvrcpTransport.sys.mui,E:\Windows\System32\drivers\en-US\Microsoft.Bluetooth.AvrcpTransport.sys.mui,File024
MTConfig.sys.mui,E:\Windows\System32\drivers\en-US\MTConfig.sys.mui,File024
watchdog.sys,E:\Windows\System32\drivers\watchdog.sys,File213
pdc.sys.mui,E:\Windows\System32\drivers\en-US\pdc.sys.mui,File005
netvsc.sys.mui,E:\Windows\System32\drivers\en-US\netvsc.sys.mui,File042
scfilter.sys.mui,E:\Windows\System32\drivers\en-US\scfilter.sys.mui,File024
rfxvmt.sys.mui,E:\Windows\System32\drivers\en-US\rfxvmt.sys.mui,File024
partmgr.sys.mui,E:\Windows\System32\drivers\en-US\partmgr.sys.mui,File024
volmgrx.sys.mui,E:\Windows\System32\drivers\en-US\volmgrx.sys.mui,File024
scsiport.sys.mui,E:\Windows\System32\drivers\en-US\scsiport.sys.mui,File027
volmgr.sys.mui,E:\Windows\System32\drivers\en-US\volmgr.sys.mui,File005
wdf01000.sys.mui,E:\Windows\System32\drivers\en-US\wdf01000.sys.mui,File027
serial.sys.mui,E:\Windows\System32\drivers\en-US\serial.sys.mui,File001
hidscanner.dll.mui,E:\Windows\System32\drivers\UMDF\en-US\hidscanner.dll.mui,File005
vmbus.sys.mui,E:\Windows\System32\drivers\en-US\vmbus.sys.mui,File024
VerifierExt.sys.mui,E:\Windows\System32\drivers\en-US\VerifierExt.sys.mui,File027
wudfpf.sys.mui,E:\Windows\System32\drivers\en-US\wudfpf.sys.mui,File024
acpipagr.sys,E:\Windows\System32\DriverStore\FileRepository\acpipagr.inf_amd64_b609ce463ff894b6\acpipagr.sys,File101
wpdmtpdr.dll.mui,E:\Windows\System32\drivers\UMDF\en-US\wpdmtpdr.dll.mui,File024
SensorsHid.dll.mui,E:\Windows\System32\drivers\UMDF\en-US\SensorsHid.dll.mui,File027
ws2ifsl.sys.mui,E:\Windows\System32\drivers\en-US\ws2ifsl.sys.mui,File005
wfplwfs.sys.mui,E:\Windows\System32\drivers\en-US\wfplwfs.sys.mui,File027
srvsvc.dll.mui,E:\Windows\System32\en-US\srvsvc.dll.mui,File160
taskhostw.exe.mui,E:\Windows\System32\en-US\taskhostw.exe.mui,File005
iphlpapi.dll.mui,E:\Windows\System32\en-US\iphlpapi.dll.mui,File160
joinproviderol.dll.mui,E:\Windows\System32\en-US\joinproviderol.dll.mui,File027
cofire.exe.mui,E:\Windows\System32\en-US\cofire.exe.mui,File160
chgport.exe.mui,E:\Windows\System32\en-US\chgport.exe.mui,File160
IEChooser.exe.mui,E:\Windows\System32\F12\en-US\IEChooser.exe.mui,File027
StartTileData.dll.mui,E:\Windows\System32\en-US\StartTileData.dll.mui,File027
ksxbar.ax.mui,E:\Windows\System32\en-US\ksxbar.ax.mui,File160
SystemSettingsAdminFlows.exe.mui,E:\Windows\System32\en-US\SystemSettingsAdminFlows.exe.mui,File024
sscore.dll.mui,E:\Windows\System32\en-US\sscore.dll.mui,File024
srumsvc.dll.mui,E:\Windows\System32\en-US\srumsvc.dll.mui,File160
srumapi.dll.mui,E:\Windows\System32\en-US\srumapi.dll.mui,File160
tapi32.dll.mui,E:\Windows\System32\en-US\tapi32.dll.mui,File005
ssdpsrv.dll.mui,E:\Windows\System32\en-US\ssdpsrv.dll.mui,File027
tapi3.dll.mui,E:\Windows\System32\en-US\tapi3.dll.mui,File071
Conhost.exe.mui,E:\Windows\System32\en-US\Conhost.exe.mui,File160
dabapi.dll.mui,E:\Windows\System32\en-US\dabapi.dll.mui,File005
cttune.exe.mui,E:\Windows\System32\en-US\cttune.exe.mui,File001
iyuv_32.dll.mui,E:\Windows\System32\en-US\iyuv_32.dll.mui,File027
csrss.exe.mui,E:\Windows\System32\en-US\csrss.exe.mui,File005
kswdmcap.ax.mui,E:\Windows\System32\en-US\kswdmcap.ax.mui,File042
SystemPropertiesProtection.exe.mui,E:\Windows\System32\en-US\SystemPropertiesProtection.exe.mui,File005
cttunesvr.exe.mui,E:\Windows\System32\en-US\cttunesvr.exe.mui,File005
bthudtask.exe.mui,E:\Windows\System32\en-US\bthudtask.exe.mui,File024
keyiso.dll.mui,E:\Windows\System32\en-US\keyiso.dll.mui,File024
credprovslegacy.dll.mui,E:\Windows\System32\en-US\credprovslegacy.dll.mui,File001
SystemPropertiesDataExecutionPrevention.exe.mui,E:\Windows\System32\en-US\SystemPropertiesDataExecutionPrevention.exe.mui,File024
svsvc.dll.mui,E:\Windows\System32\en-US\svsvc.dll.mui,File024
kdcpw.dll.mui,E:\Windows\System32\en-US\kdcpw.dll.mui,File005
sppnp.dll.mui,E:\Windows\System32\en-US\sppnp.dll.mui,File024
ConsentUxClient.dll.mui,E:\Windows\System32\en-US\ConsentUxClient.dll.mui,File024
spoolsv.exe.mui,E:\Windows\System32\en-US\spoolsv.exe.mui,File024
colorcpl.exe.mui,E:\Windows\System32\en-US\colorcpl.exe.mui,File024
SystemPropertiesRemote.exe.mui,E:\Windows\System32\en-US\SystemPropertiesRemote.exe.mui,File005
SystemSettingsRemoveDevice.exe.mui,E:\Windows\System32\en-US\SystemSettingsRemoveDevice.exe.mui,File024
SrTasks.exe.mui,E:\Windows\System32\en-US\SrTasks.exe.mui,File005
LanguageComponentsInstallerComHandler.exe.mui,E:\Windows\System32\en-US\LanguageComponentsInstallerComHandler.exe.mui,File024
ksproxy.ax.mui,E:\Windows\System32\en-US\ksproxy.ax.mui,File160
ConsoleLogon.dll.mui,E:\Windows\System32\en-US\ConsoleLogon.dll.mui,File160
LanguagePackDiskCleanup.dll.mui,E:\Windows\System32\en-US\LanguagePackDiskCleanup.dll.mui,File024
cmlua.dll.mui,E:\Windows\System32\en-US\cmlua.dll.mui,File005
kmddsp.tsp.mui,E:\Windows\System32\en-US\kmddsp.tsp.mui,File005
dpapimig.exe.mui,E:\Windows\System32\en-US\dpapimig.exe.mui,File160
SystemPropertiesHardware.exe.mui,E:\Windows\System32\en-US\SystemPropertiesHardware.exe.mui,File005
compact.exe.mui,E:\Windows\System32\en-US\compact.exe.mui,File071
chgusr.exe.mui,E:\Windows\System32\en-US\chgusr.exe.mui,File160
dab.dll.mui,E:\Windows\System32\en-US\dab.dll.mui,File005
cmcfg32.dll.mui,E:\Windows\System32\en-US\cmcfg32.dll.mui,File027
SystemPropertiesAdvanced.exe.mui,E:\Windows\System32\en-US\SystemPropertiesAdvanced.exe.mui,File005
syncreg.dll.mui,E:\Windows\System32\en-US\syncreg.dll.mui,File024
cngcredui.dll.mui,E:\Windows\System32\en-US\cngcredui.dll.mui,File027
SrEvents.dll.mui,E:\Windows\System32\en-US\SrEvents.dll.mui,File024
localui.dll.mui,E:\Windows\System32\en-US\localui.dll.mui,File027
LanguageOverlayServer.dll.mui,E:\Windows\System32\en-US\LanguageOverlayServer.dll.mui,File027
label.exe.mui,E:\Windows\System32\en-US\label.exe.mui,File005
CloudExperienceHostCommon.dll.mui,E:\Windows\System32\en-US\CloudExperienceHostCommon.dll.mui,File024
SystemPropertiesPerformance.exe.mui,E:\Windows\System32\en-US\SystemPropertiesPerformance.exe.mui,File005
bthci.dll.mui,E:\Windows\System32\en-US\bthci.dll.mui,File027
quickassist.exe.mui,E:\Windows\System32\he-IL\quickassist.exe.mui,File027
lmhsvc.dll.mui,E:\Windows\System32\en-US\lmhsvc.dll.mui,File027
licmgr10.dll.mui,E:\Windows\System32\en-US\licmgr10.dll.mui,File160
SystemPropertiesComputerName.exe.mui,E:\Windows\System32\en-US\SystemPropertiesComputerName.exe.mui,File005
licensingdiag.exe.mui,E:\Windows\System32\en-US\licensingdiag.exe.mui,File160
sppcomapi.dll.mui,E:\Windows\System32\en-US\sppcomapi.dll.mui,File160
LanguageComponentsInstaller.dll.mui,E:\Windows\System32\en-US\LanguageComponentsInstaller.dll.mui,File027
StorSvc.dll.mui,E:\Windows\System32\en-US\StorSvc.dll.mui,File027
dafpos.dll.mui,E:\Windows\System32\en-US\dafpos.dll.mui,File005
spaceman.exe.mui,E:\Windows\System32\en-US\spaceman.exe.mui,File005
cofiredm.dll.mui,E:\Windows\System32\en-US\cofiredm.dll.mui,File101
BrokerLib.dll.mui,E:\Windows\System32\en-US\BrokerLib.dll.mui,File005
sysreseterr.exe.mui,E:\Windows\System32\en-US\sysreseterr.exe.mui,File024
LockAppBroker.dll.mui,E:\Windows\System32\en-US\LockAppBroker.dll.mui,File027
softkbd.dll.mui,E:\Windows\System32\en-US\softkbd.dll.mui,File024
lltdres.dll.mui,E:\Windows\System32\en-US\lltdres.dll.mui,File027
cmdl32.exe.mui,E:\Windows\System32\en-US\cmdl32.exe.mui,File024
quickassist.exe.mui,E:\Windows\System32\fi-FI\quickassist.exe.mui,File027
Locator.exe.mui,E:\Windows\System32\en-US\Locator.exe.mui,File024
computelibeventlog.dll.mui,E:\Windows\System32\en-US\computelibeventlog.dll.mui,File160
BthAvctpSvc.dll.mui,E:\Windows\System32\en-US\BthAvctpSvc.dll.mui,File024
snmptrap.exe.mui,E:\Windows\System32\en-US\snmptrap.exe.mui,File005
spectrum.exe.mui,E:\Windows\System32\en-US\spectrum.exe.mui,File024
SnippingTool.exe.mui,E:\Windows\System32\en-US\SnippingTool.exe.mui,File042
cscript.exe.mui,E:\Windows\System32\en-US\cscript.exe.mui,File071
BTAGService.dll.mui,E:\Windows\System32\en-US\BTAGService.dll.mui,File027
clfs.sys.mui,E:\Windows\System32\en-US\clfs.sys.mui,File005
listsvc.dll.mui,E:\Windows\System32\en-US\listsvc.dll.mui,File160
LocationNotificationWindows.exe.mui,E:\Windows\System32\en-US\LocationNotificationWindows.exe.mui,File024
ClipboardServer.dll.mui,E:\Windows\System32\en-US\ClipboardServer.dll.mui,File024
CredDialogBroker.dll.mui,E:\Windows\System32\en-US\CredDialogBroker.dll.mui,File005
SpaceAgent.exe.mui,E:\Windows\System32\en-US\SpaceAgent.exe.mui,File024
LockScreenContent.dll.mui,E:\Windows\System32\en-US\LockScreenContent.dll.mui,File024
cic.dll.mui,E:\Windows\System32\en-US\cic.dll.mui,File005
subst.exe.mui,E:\Windows\System32\en-US\subst.exe.mui,File005
StorageContextHandler.dll.mui,E:\Windows\System32\en-US\StorageContextHandler.dll.mui,File024
lpq.exe.mui,E:\Windows\System32\en-US\lpq.exe.mui,File027
BthAvrcp.dll.mui,E:\Windows\System32\en-US\BthAvrcp.dll.mui,File024
quickassist.exe.mui,E:\Windows\System32\fr-CA\quickassist.exe.mui,File027
CloudNotifications.exe.mui,E:\Windows\System32\en-US\CloudNotifications.exe.mui,File024
lpremove.exe.mui,E:\Windows\System32\en-US\lpremove.exe.mui,File005
swprv.dll.mui,E:\Windows\System32\en-US\swprv.dll.mui,File024
cob-au.rs.mui,E:\Windows\System32\en-US\cob-au.rs.mui,File027
mitigationscanner.exe.mui,E:\Windows\System32\en-US\mitigationscanner.exe.mui,File024
bridgeres.dll.mui,E:\Windows\System32\en-US\bridgeres.dll.mui,File005
corrEngine.dll.mui,E:\Windows\System32\en-US\corrEngine.dll.mui,File005
bootstr.dll.mui,E:\Windows\System32\en-US\bootstr.dll.mui,File024
CIWmi.dll.mui,E:\Windows\System32\en-US\CIWmi.dll.mui,File024
Startupscan.dll.mui,E:\Windows\System32\en-US\Startupscan.dll.mui,File024
computenetwork.dll.mui,E:\Windows\System32\en-US\computenetwork.dll.mui,File005
cleanmgr.exe.mui,E:\Windows\System32\en-US\cleanmgr.exe.mui,File071
CompMgmtLauncher.exe.mui,E:\Windows\System32\en-US\CompMgmtLauncher.exe.mui,File005
Magnification.dll.mui,E:\Windows\System32\en-US\Magnification.dll.mui,File024
main.cpl.mui,E:\Windows\System32\en-US\main.cpl.mui,File101
ctfmon.exe.mui,E:\Windows\System32\en-US\ctfmon.exe.mui,File005
smss.exe.mui,E:\Windows\System32\en-US\smss.exe.mui,File005
MCCSEngineShared.dll.mui,E:\Windows\System32\en-US\MCCSEngineShared.dll.mui,File024
svchost.exe.mui,E:\Windows\System32\en-US\svchost.exe.mui,File005
ComputerDefaults.exe.mui,E:\Windows\System32\en-US\ComputerDefaults.exe.mui,File024
MemoryDiagnostic.dll.mui,E:\Windows\System32\en-US\MemoryDiagnostic.dll.mui,File027
cryptxml.dll.mui,E:\Windows\System32\en-US\cryptxml.dll.mui,File027
ContentDeliveryManager.Utilities.dll.mui,E:\Windows\System32\en-US\ContentDeliveryManager.Utilities.dll.mui,File024
chkwudrv.dll.mui,E:\Windows\System32\en-US\chkwudrv.dll.mui,File024
mapstoasttask.dll.mui,E:\Windows\System32\en-US\mapstoasttask.dll.mui,File024
ConhostV1.dll.mui,E:\Windows\System32\en-US\ConhostV1.dll.mui,File160
quickassist.exe.mui,E:\Windows\System32\fr-FR\quickassist.exe.mui,File027
cmstplua.dll.mui,E:\Windows\System32\en-US\cmstplua.dll.mui,File005
bdesvc.dll.mui,E:\Windows\System32\en-US\bdesvc.dll.mui,File160
MBMediaManager.dll.mui,E:\Windows\System32\en-US\MBMediaManager.dll.mui,File024
chkntfs.exe.mui,E:\Windows\System32\en-US\chkntfs.exe.mui,File005
chkdsk.exe.mui,E:\Windows\System32\en-US\chkdsk.exe.mui,File005
mpeval.dll.mui,E:\Windows\System32\en-US\mpeval.dll.mui,File027
Windows.System.Profile.HardwareId.dll.mui,E:\Windows\System32\en-US\Windows.System.Profile.HardwareId.dll.mui,File024
wmpdui.dll.mui,E:\Windows\System32\en-US\wmpdui.dll.mui,File027
autoplay.dll.mui,E:\Windows\System32\en-US\autoplay.dll.mui,File160
wmiprop.dll.mui,E:\Windows\System32\en-US\wmiprop.dll.mui,File027
mprdim.dll.mui,E:\Windows\System32\en-US\mprdim.dll.mui,File024
rdpshell.exe.mui,E:\Windows\System32\en-US\rdpshell.exe.mui,File005
MMDevAPI.dll.mui,E:\Windows\System32\en-US\MMDevAPI.dll.mui,File005
Apphlpdm.dll.mui,E:\Windows\System32\en-US\Apphlpdm.dll.mui,File160
AppInstallerPrompt.Desktop.dll.mui,E:\Windows\System32\en-US\AppInstallerPrompt.Desktop.dll.mui,File005
moshost.dll.mui,E:\Windows\System32\en-US\moshost.dll.mui,File160
wiaservc.dll.mui,E:\Windows\System32\en-US\wiaservc.dll.mui,File024
quser.exe.mui,E:\Windows\System32\en-US\quser.exe.mui,File160
WMPhoto.dll.mui,E:\Windows\System32\en-US\WMPhoto.dll.mui,File024
Windows.System.Launcher.dll.mui,E:\Windows\System32\en-US\Windows.System.Launcher.dll.mui,File027
nbtstat.exe.mui,E:\Windows\System32\en-US\nbtstat.exe.mui,File001
rasphone.exe.mui,E:\Windows\System32\en-US\rasphone.exe.mui,File027
napinsp.dll.mui,E:\Windows\System32\en-US\napinsp.dll.mui,File005
applockercsp.dll.mui,E:\Windows\System32\en-US\applockercsp.dll.mui,File024
mmcshext.dll.mui,E:\Windows\System32\en-US\mmcshext.dll.mui,File005
WiFiDisplay.dll.mui,E:\Windows\System32\en-US\WiFiDisplay.dll.mui,File027
wiadss.dll.mui,E:\Windows\System32\en-US\wiadss.dll.mui,File024
rdvgogl64.dll.mui,E:\Windows\System32\en-US\rdvgogl64.dll.mui,File027
rasmans.dll.mui,E:\Windows\System32\en-US\rasmans.dll.mui,File024
pnrpnsp.dll.mui,E:\Windows\System32\en-US\pnrpnsp.dll.mui,File005
NaturalAuth.dll.mui,E:\Windows\System32\en-US\NaturalAuth.dll.mui,File027
ncryptprov.dll.mui,E:\Windows\System32\en-US\ncryptprov.dll.mui,File027
reseteng.dll.mui,E:\Windows\System32\en-US\reseteng.dll.mui,File027
Windows.System.Profile.SystemManufacturers.dll.mui,E:\Windows\System32\en-US\Windows.System.Profile.SystemManufacturers.dll.mui,File024
AppxApplicabilityEngine.dll.mui,E:\Windows\System32\en-US\AppxApplicabilityEngine.dll.mui,File024
mpr.dll.mui,E:\Windows\System32\en-US\mpr.dll.mui,File005
rdpclip.exe.mui,E:\Windows\System32\en-US\rdpclip.exe.mui,File027
ncpa.cpl.mui,E:\Windows\System32\en-US\ncpa.cpl.mui,File005
appraiser.dll.mui,E:\Windows\System32\en-US\appraiser.dll.mui,File027
rasplap.dll.mui,E:\Windows\System32\en-US\rasplap.dll.mui,File160
ModernExecServer.dll.mui,E:\Windows\System32\en-US\ModernExecServer.dll.mui,File024
MixedRealityRuntime.dll.mui,E:\Windows\System32\en-US\MixedRealityRuntime.dll.mui,File005
ndadmin.exe.mui,E:\Windows\System32\en-US\ndadmin.exe.mui,File005
rasauto.dll.mui,E:\Windows\System32\en-US\rasauto.dll.mui,File024
wlgpclnt.dll.mui,E:\Windows\System32\en-US\wlgpclnt.dll.mui,File160
rasmbmgr.dll.mui,E:\Windows\System32\en-US\rasmbmgr.dll.mui,File024
rasmm.dll.mui,E:\Windows\System32\en-US\rasmm.dll.mui,File027
wiaacmgr.exe.mui,E:\Windows\System32\en-US\wiaacmgr.exe.mui,File001
ncsi.dll.mui,E:\Windows\System32\en-US\ncsi.dll.mui,File101
Windows.Storage.Search.dll.mui,E:\Windows\System32\en-US\Windows.Storage.Search.dll.mui,File027
RdpSa.exe.mui,E:\Windows\System32\en-US\RdpSa.exe.mui,File024
rasdiag.dll.mui,E:\Windows\System32\en-US\rasdiag.dll.mui,File160
ReAgentTask.dll.mui,E:\Windows\System32\en-US\ReAgentTask.dll.mui,File024
WLIDSvc.dll.mui,E:\Windows\System32\en-US\WLIDSvc.dll.mui,File024
racengn.dll.mui,E:\Windows\System32\en-US\racengn.dll.mui,File160
netbtugc.exe.mui,E:\Windows\System32\en-US\netbtugc.exe.mui,File005
wlidcli.dll.mui,E:\Windows\System32\en-US\wlidcli.dll.mui,File005
rasctrs.dll.mui,E:\Windows\System32\en-US\rasctrs.dll.mui,File160
AppResolver.dll.mui,E:\Windows\System32\en-US\AppResolver.dll.mui,File027
reset.exe.mui,E:\Windows\System32\en-US\reset.exe.mui,File024
AppReadiness.dll.mui,E:\Windows\System32\en-US\AppReadiness.dll.mui,File071
raserver.exe.mui,E:\Windows\System32\en-US\raserver.exe.mui,File024
rasautou.exe.mui,E:\Windows\System32\en-US\rasautou.exe.mui,File005
QuickActionsDataModel.dll.mui,E:\Windows\System32\en-US\QuickActionsDataModel.dll.mui,File027
FXSUTILITY.dll.mui,E:\Windows\System32\en-US\FXSUTILITY.dll.mui,File071
AuthExt.dll.mui,E:\Windows\System32\en-US\AuthExt.dll.mui,File024
GCDEF.dll.mui,E:\Windows\System32\en-US\GCDEF.dll.mui,File042
query.exe.mui,E:\Windows\System32\en-US\query.exe.mui,File024
AuthBrokerUI.dll.mui,E:\Windows\System32\en-US\AuthBrokerUI.dll.mui,File027
AuthBroker.dll.mui,E:\Windows\System32\en-US\AuthBroker.dll.mui,File027
gpprnext.dll.mui,E:\Windows\System32\en-US\gpprnext.dll.mui,File005
Query.dll.mui,E:\Windows\System32\en-US\Query.dll.mui,File024
gpapi.dll.mui,E:\Windows\System32\en-US\gpapi.dll.mui,File160
AudioSrv.dll.mui,E:\Windows\System32\en-US\AudioSrv.dll.mui,File160
getmac.exe.mui,E:\Windows\System32\en-US\getmac.exe.mui,File001
pla.dll.mui,E:\Windows\System32\en-US\pla.dll.mui,File001
quickassist.exe.mui,E:\Windows\System32\en-US\quickassist.exe.mui,File027
recover.exe.mui,E:\Windows\System32\en-US\recover.exe.mui,File005
grb.rs.mui,E:\Windows\System32\en-US\grb.rs.mui,File027
gptext.dll.mui,E:\Windows\System32\en-US\gptext.dll.mui,File024
gpscript.dll.mui,E:\Windows\System32\en-US\gpscript.dll.mui,File024
httpapi.dll.mui,E:\Windows\System32\en-US\httpapi.dll.mui,File005
hidserv.dll.mui,E:\Windows\System32\en-US\hidserv.dll.mui,File024
pstask.dll.mui,E:\Windows\System32\en-US\pstask.dll.mui,File005
vaultsvc.dll.mui,E:\Windows\System32\en-US\vaultsvc.dll.mui,File024
hdwwiz.exe.mui,E:\Windows\System32\en-US\hdwwiz.exe.mui,File005
html.iec.mui,E:\Windows\System32\en-US\html.iec.mui,File001
VaultRoaming.dll.mui,E:\Windows\System32\en-US\VaultRoaming.dll.mui,File027
AuditNativeSnapIn.dll.mui,E:\Windows\System32\en-US\AuditNativeSnapIn.dll.mui,File027
hidphone.tsp.mui,E:\Windows\System32\en-US\hidphone.tsp.mui,File027
hid.dll.mui,E:\Windows\System32\en-US\hid.dll.mui,File005
usermgr.dll.mui,E:\Windows\System32\en-US\usermgr.dll.mui,File024
HolographicExtensions.dll.mui,E:\Windows\System32\en-US\HolographicExtensions.dll.mui,File027
hostname.exe.mui,E:\Windows\System32\en-US\hostname.exe.mui,File024
hvsigpext.dll.mui,E:\Windows\System32\en-US\hvsigpext.dll.mui,File160
pwsso.dll.mui,E:\Windows\System32\en-US\pwsso.dll.mui,File024
PushToInstall.dll.mui,E:\Windows\System32\en-US\PushToInstall.dll.mui,File160
hlink.dll.mui,E:\Windows\System32\en-US\hlink.dll.mui,File024
iasads.dll.mui,E:\Windows\System32\en-US\iasads.dll.mui,File005
iashlpr.dll.mui,E:\Windows\System32\en-US\iashlpr.dll.mui,File005
QuietHours.dll.mui,E:\Windows\System32\en-US\QuietHours.dll.mui,File001
AudioHandlers.dll.mui,E:\Windows\System32\en-US\AudioHandlers.dll.mui,File005
icsigd.dll.mui,E:\Windows\System32\en-US\icsigd.dll.mui,File160
NetworkItemFactory.dll.mui,E:\Windows\System32\en-US\NetworkItemFactory.dll.mui,File005
iasrad.dll.mui,E:\Windows\System32\en-US\iasrad.dll.mui,File024
iasacct.dll.mui,E:\Windows\System32\en-US\iasacct.dll.mui,File005
psmsrv.dll.mui,E:\Windows\System32\en-US\psmsrv.dll.mui,File027
imaadp32.acm.mui,E:\Windows\System32\en-US\imaadp32.acm.mui,File160
vac.dll.mui,E:\Windows\System32\en-US\vac.dll.mui,File024
ie4uinit.exe.mui,E:\Windows\System32\en-US\ie4uinit.exe.mui,File160
RDXService.dll.mui,E:\Windows\System32\en-US\RDXService.dll.mui,File027
AuditPolicyGPInterop.dll.mui,E:\Windows\System32\en-US\AuditPolicyGPInterop.dll.mui,File160
ieunatt.exe.mui,E:\Windows\System32\en-US\ieunatt.exe.mui,File005
inseng.dll.mui,E:\Windows\System32\en-US\inseng.dll.mui,File027
auditpolcore.dll.mui,E:\Windows\System32\en-US\auditpolcore.dll.mui,File160
RDXTaskFactory.dll.mui,E:\Windows\System32\en-US\RDXTaskFactory.dll.mui,File005
ieui.dll.mui,E:\Windows\System32\en-US\ieui.dll.mui,File027
iertutil.dll.mui,E:\Windows\System32\en-US\iertutil.dll.mui,File024
regsvc.dll.mui,E:\Windows\System32\en-US\regsvc.dll.mui,File024
profext.dll.mui,E:\Windows\System32\en-US\profext.dll.mui,File027
imapi.dll.mui,E:\Windows\System32\en-US\imapi.dll.mui,File024
inetpp.dll.mui,E:\Windows\System32\en-US\inetpp.dll.mui,File005
immersivetpmvscmgrsvr.exe.mui,E:\Windows\System32\en-US\immersivetpmvscmgrsvr.exe.mui,File024
imageres.dll.mui,E:\Windows\System32\en-US\imageres.dll.mui,File005
utcutil.dll.mui,E:\Windows\System32\en-US\utcutil.dll.mui,File024
ikeext.dll.mui,E:\Windows\System32\en-US\ikeext.dll.mui,File160
rdpinit.exe.mui,E:\Windows\System32\en-US\rdpinit.exe.mui,File005
usosvc.dll.mui,E:\Windows\System32\en-US\usosvc.dll.mui,File027
reagent.dll.mui,E:\Windows\System32\en-US\reagent.dll.mui,File001
PrintWSDAHost.dll.mui,E:\Windows\System32\en-US\PrintWSDAHost.dll.mui,File005
rdvvmtransport.dll.mui,E:\Windows\System32\en-US\rdvvmtransport.dll.mui,File005
printui.exe.mui,E:\Windows\System32\en-US\printui.exe.mui,File005
InternetMailCsp.dll.mui,E:\Windows\System32\en-US\InternetMailCsp.dll.mui,File024
InputSwitchToastHandler.exe.mui,E:\Windows\System32\en-US\InputSwitchToastHandler.exe.mui,File005
PrintWorkflowService.dll.mui,E:\Windows\System32\en-US\PrintWorkflowService.dll.mui,File024
ipsecsvc.dll.mui,E:\Windows\System32\en-US\ipsecsvc.dll.mui,File005
iscsicpl.exe.mui,E:\Windows\System32\en-US\iscsicpl.exe.mui,File005
vbscript.dll.mui,E:\Windows\System32\en-US\vbscript.dll.mui,File042
MessagingDataModel2.dll.mui,E:\Windows\System32\en-US\MessagingDataModel2.dll.mui,File005
mciqtz32.dll.mui,E:\Windows\System32\en-US\mciqtz32.dll.mui,File027
pcbp.rs.mui,E:\Windows\System32\en-US\pcbp.rs.mui,File027
NfcRadioMedia.dll.mui,E:\Windows\System32\en-US\NfcRadioMedia.dll.mui,File005
newdev.exe.mui,E:\Windows\System32\en-US\newdev.exe.mui,File005
seclogon.dll.mui,E:\Windows\System32\en-US\seclogon.dll.mui,File024
sessenv.dll.mui,E:\Windows\System32\en-US\sessenv.dll.mui,File027
mciwave.dll.mui,E:\Windows\System32\en-US\mciwave.dll.mui,File027
wlanutil.dll.mui,E:\Windows\System32\en-US\wlanutil.dll.mui,File005
MdRes.exe.mui,E:\Windows\System32\en-US\MdRes.exe.mui,File024
MDEServer.exe.mui,E:\Windows\System32\en-US\MDEServer.exe.mui,File005
usk.rs.mui,E:\Windows\System32\en-US\usk.rs.mui,File027
mciseq.dll.mui,E:\Windows\System32\en-US\mciseq.dll.mui,File005
PCPKsp.dll.mui,E:\Windows\System32\en-US\PCPKsp.dll.mui,File160
sessionmsg.exe.mui,E:\Windows\System32\en-US\sessionmsg.exe.mui,File027
WorkFoldersShell.Dll.mui,E:\Windows\System32\en-US\WorkFoldersShell.Dll.mui,File160
InfDefaultInstall.exe.mui,E:\Windows\System32\en-US\InfDefaultInstall.exe.mui,File005
mcicda.dll.mui,E:\Windows\System32\en-US\mcicda.dll.mui,File024
quickassist.exe.mui,E:\Windows\System32\en-GB\quickassist.exe.mui,File027
wptaskscheduler.dll.mui,E:\Windows\System32\en-US\wptaskscheduler.dll.mui,File005
MessagingService.dll.mui,E:\Windows\System32\en-US\MessagingService.dll.mui,File024
RemoveDeviceContextHandler.dll.mui,E:\Windows\System32\en-US\RemoveDeviceContextHandler.dll.mui,File027
ngcsvc.dll.mui,E:\Windows\System32\en-US\ngcsvc.dll.mui,File160
lsm.dll.mui,E:\Windows\System32\en-US\lsm.dll.mui,File071
mfmp4srcsnk.dll.mui,E:\Windows\System32\en-US\mfmp4srcsnk.dll.mui,File024
sdchange.exe.mui,E:\Windows\System32\en-US\sdchange.exe.mui,File005
PeerDistCleaner.dll.mui,E:\Windows\System32\en-US\PeerDistCleaner.dll.mui,File005
SensorService.dll.mui,E:\Windows\System32\en-US\SensorService.dll.mui,File027
mgmtrefreshcredprov.dll.mui,E:\Windows\System32\en-US\mgmtrefreshcredprov.dll.mui,File160
IPNATHLPCLIENT.dll.mui,E:\Windows\System32\en-US\IPNATHLPCLIENT.dll.mui,File024
mfpmp.exe.mui,E:\Windows\System32\en-US\mfpmp.exe.mui,File005
Microsoft-Windows-Internal-Shell-NearShareExperience.dll.mui,E:\Windows\System32\en-US\Microsoft-Windows-Internal-Shell-NearShareExperience.dll.mui,File160
Ninput.dll.mui,E:\Windows\System32\en-US\Ninput.dll.mui,File024
wpnprv.dll.mui,E:\Windows\System32\en-US\wpnprv.dll.mui,File024
rundll32.exe.mui,E:\Windows\System32\en-US\rundll32.exe.mui,File024
NgcRecovery.dll.mui,E:\Windows\System32\en-US\NgcRecovery.dll.mui,File005
wintypes.dll.mui,E:\Windows\System32\en-US\wintypes.dll.mui,File005
xboxgipsvc.dll.mui,E:\Windows\System32\en-US\xboxgipsvc.dll.mui,File024
WinSetupUI.dll.mui,E:\Windows\System32\en-US\WinSetupUI.dll.mui,File027
quickassist.exe.mui,E:\Windows\System32\ko-KR\quickassist.exe.mui,File024
Microsoft.Uev.AppAgent.dll.mui,E:\Windows\System32\en-US\Microsoft.Uev.AppAgent.dll.mui,File160
quickassist.exe.mui,E:\Windows\System32\el-GR\quickassist.exe.mui,File027
sechost.dll.mui,E:\Windows\System32\en-US\sechost.dll.mui,File005
wosc.dll.mui,E:\Windows\System32\en-US\wosc.dll.mui,File024
msprivs.dll.mui,E:\Windows\System32\ko-KR\msprivs.dll.mui,File160
UserDeviceRegistration.Ngc.dll.mui,E:\Windows\System32\en-US\UserDeviceRegistration.Ngc.dll.mui,File024
ngctasks.dll.mui,E:\Windows\System32\en-US\ngctasks.dll.mui,File027
pcwutl.dll.mui,E:\Windows\System32\en-US\pcwutl.dll.mui,File024
winver.exe.mui,E:\Windows\System32\en-US\winver.exe.mui,File005
microsoft-windows-storage-tiering-events.dll.mui,E:\Windows\System32\en-US\microsoft-windows-storage-tiering-events.dll.mui,File027
ScDeviceEnum.dll.mui,E:\Windows\System32\en-US\ScDeviceEnum.dll.mui,File160
ktmutil.exe.mui,E:\Windows\System32\en-US\ktmutil.exe.mui,File001
xmlfilter.dll.mui,E:\Windows\System32\en-US\xmlfilter.dll.mui,File005
quickassist.exe.mui,E:\Windows\System32\et-EE\quickassist.exe.mui,File027
securityhealthsso.dll.mui,E:\Windows\System32\en-US\securityhealthsso.dll.mui,File024
sens.dll.mui,E:\Windows\System32\en-US\sens.dll.mui,File024
iprtrmgr.dll.mui,E:\Windows\System32\en-US\iprtrmgr.dll.mui,File024
miracastreceiver.dll.mui,E:\Windows\System32\en-US\miracastreceiver.dll.mui,File024
witnesswmiv2provider.dll.mui,E:\Windows\System32\en-US\witnesswmiv2provider.dll.mui,File027
XInput9_1_0.dll.mui,E:\Windows\System32\en-US\XInput9_1_0.dll.mui,File005
lpasvc.dll.mui,E:\Windows\System32\en-US\lpasvc.dll.mui,File024
XboxGipRadioManager.dll.mui,E:\Windows\System32\en-US\XboxGipRadioManager.dll.mui,File005
TSTheme.exe.mui,E:\Windows\System32\en-US\TSTheme.exe.mui,File005
MitigationConfiguration.dll.mui,E:\Windows\System32\en-US\MitigationConfiguration.dll.mui,File024
miguiresource.dll.mui,E:\Windows\System32\en-US\miguiresource.dll.mui,File024
mimefilt.dll.mui,E:\Windows\System32\en-US\mimefilt.dll.mui,File005
wlanext.exe.mui,E:\Windows\System32\en-US\wlanext.exe.mui,File005
APHostRes.dll.mui,E:\Windows\System32\ko-KR\APHostRes.dll.mui,File001
sdiagnhost.exe.mui,E:\Windows\System32\en-US\sdiagnhost.exe.mui,File005
scavengeui.dll.mui,E:\Windows\System32\en-US\scavengeui.dll.mui,File027
xwtpdui.dll.mui,E:\Windows\System32\en-US\xwtpdui.dll.mui,File027
APHostRes.dll.mui,E:\Windows\System32\ja-jp\APHostRes.dll.mui,File071
Wisp.dll.mui,E:\Windows\System32\en-US\Wisp.dll.mui,File024
wavemsp.dll.mui,E:\Windows\System32\en-US\wavemsp.dll.mui,File005
runonce.exe.mui,E:\Windows\System32\en-US\runonce.exe.mui,File024
fms.dll.mui,E:\Windows\System32\ko-KR\fms.dll.mui,File001
nlhtml.dll.mui,E:\Windows\System32\en-US\nlhtml.dll.mui,File024
msiexec.exe.mui,E:\Windows\System32\en-US\msiexec.exe.mui,File005
TimeSyncTask.dll.mui,E:\Windows\System32\en-US\TimeSyncTask.dll.mui,File024
mapsupdatetask.dll.mui,E:\Windows\System32\en-US\mapsupdatetask.dll.mui,File024
wpnpinst.exe.mui,E:\Windows\System32\en-US\wpnpinst.exe.mui,File027
waitfor.exe.mui,E:\Windows\System32\en-US\waitfor.exe.mui,File042
LicenseManagerSvc.dll.mui,E:\Windows\System32\en-US\LicenseManagerSvc.dll.mui,File024
vmictimeprovider.dll.mui,E:\Windows\System32\en-US\vmictimeprovider.dll.mui,File024
semgrsvc.dll.mui,E:\Windows\System32\en-US\semgrsvc.dll.mui,File024
sberes.dll.mui,E:\Windows\System32\en-US\sberes.dll.mui,File005
quickassist.exe.mui,E:\Windows\System32\it-IT\quickassist.exe.mui,File027
rtutils.dll.mui,E:\Windows\System32\en-US\rtutils.dll.mui,File024
MsiCofire.dll.mui,E:\Windows\System32\en-US\MsiCofire.dll.mui,File027
WpdBusEnum.dll.mui,E:\Windows\System32\en-US\WpdBusEnum.dll.mui,File024
mtstocom.exe.mui,E:\Windows\System32\en-US\mtstocom.exe.mui,File005
quickassist.exe.mui,E:\Windows\System32\es-MX\quickassist.exe.mui,File027
Microsoft.Graphics.Display.DisplayEnhancementService.dll.mui,E:\Windows\System32\en-US\Microsoft.Graphics.Display.DisplayEnhancementService.dll.mui,File024
RMActivate_isv.exe.mui,E:\Windows\System32\en-US\RMActivate_isv.exe.mui,File005
WpnUserService.dll.mui,E:\Windows\System32\en-US\WpnUserService.dll.mui,File027
RpcNs4.dll.mui,E:\Windows\System32\en-US\RpcNs4.dll.mui,File160
TpmTasks.dll.mui,E:\Windows\System32\en-US\TpmTasks.dll.mui,File027
rpchttp.dll.mui,E:\Windows\System32\en-US\rpchttp.dll.mui,File027
lfsvc.dll.mui,E:\Windows\System32\en-US\lfsvc.dll.mui,File024
RMActivate.exe.mui,E:\Windows\System32\en-US\RMActivate.exe.mui,File005
wlandlg.dll.mui,E:\Windows\System32\en-US\wlandlg.dll.mui,File160
wpnservice.dll.mui,E:\Windows\System32\en-US\wpnservice.dll.mui,File024
vdsvd.dll.mui,E:\Windows\System32\en-US\vdsvd.dll.mui,File005
xwtpw32.dll.mui,E:\Windows\System32\en-US\xwtpw32.dll.mui,File024
WPDShextAutoplay.exe.mui,E:\Windows\System32\en-US\WPDShextAutoplay.exe.mui,File005
MoIME_ps.dll,E:\Windows\System32\InputMethod\SHARED\MoIME_ps.dll,File101
RmClient.exe.mui,E:\Windows\System32\en-US\RmClient.exe.mui,File005
WinSCard.dll.mui,E:\Windows\System32\en-US\WinSCard.dll.mui,File027
WSCollect.exe.mui,E:\Windows\System32\en-US\WSCollect.exe.mui,File024
nlahc.dll.mui,E:\Windows\System32\en-US\nlahc.dll.mui,File024
ntvdm64.dll.mui,E:\Windows\System32\en-US\ntvdm64.dll.mui,File024
msg711.acm.mui,E:\Windows\System32\en-US\msg711.acm.mui,File024
TabSvc.dll.mui,E:\Windows\System32\en-US\TabSvc.dll.mui,File024
windows.ui.xaml.dll.mui,E:\Windows\System32\ko-KR\windows.ui.xaml.dll.mui,File101
MultiDigiMon.exe.mui,E:\Windows\System32\en-US\MultiDigiMon.exe.mui,File027
sensrsvc.dll.mui,E:\Windows\System32\en-US\sensrsvc.dll.mui,File027
ltotape.sys,E:\Windows\System32\DriverStore\FileRepository\tape.inf_amd64_32387ea16b29de65\ltotape.sys,File101
XInput1_4.dll.mui,E:\Windows\System32\en-US\XInput1_4.dll.mui,File005
miniqic.sys,E:\Windows\System32\DriverStore\FileRepository\tape.inf_amd64_32387ea16b29de65\miniqic.sys,File101
easconsent.dll.mui,E:\Windows\System32\en-US\easconsent.dll.mui,File024
fdPHost.dll.mui,E:\Windows\System32\en-US\fdPHost.dll.mui,File160
EASPolicyManagerBrokerHost.exe.mui,E:\Windows\System32\en-US\EASPolicyManagerBrokerHost.exe.mui,File024
wscsvc.dll.mui,E:\Windows\System32\en-US\wscsvc.dll.mui,File001
wlrmdr.exe.mui,E:\Windows\System32\en-US\wlrmdr.exe.mui,File005
F12Platform2.dll.mui,E:\Windows\System32\F12\en-US\F12Platform2.dll.mui,File005
energytask.dll.mui,E:\Windows\System32\en-US\energytask.dll.mui,File024
edptask.dll.mui,E:\Windows\System32\en-US\edptask.dll.mui,File027
UserDeviceRegistration.dll.mui,E:\Windows\System32\en-US\UserDeviceRegistration.dll.mui,File024
EnterpriseAppMgmtSvc.dll.mui,E:\Windows\System32\en-US\EnterpriseAppMgmtSvc.dll.mui,File024
SharedRealitySvc.dll.mui,E:\Windows\System32\en-US\SharedRealitySvc.dll.mui,File024
edputil.dll.mui,E:\Windows\System32\en-US\edputil.dll.mui,File024
userinit.exe.mui,E:\Windows\System32\en-US\userinit.exe.mui,File027
uicom.dll.mui,E:\Windows\System32\en-US\uicom.dll.mui,File005
grpconv.exe.mui,E:\Windows\System32\en-US\grpconv.exe.mui,File024
F12Platform.dll.mui,E:\Windows\System32\F12\en-US\F12Platform.dll.mui,File005
fodhelper.exe.mui,E:\Windows\System32\en-US\fodhelper.exe.mui,File024
DevicePairingProxy.dll.mui,E:\Windows\System32\en-US\DevicePairingProxy.dll.mui,File005
msfeedsbs.dll.mui,E:\Windows\System32\en-US\msfeedsbs.dll.mui,File005
hnetcfgclient.dll.mui,E:\Windows\System32\en-US\hnetcfgclient.dll.mui,File024
AudioEndpointBuilder.dll.mui,E:\Windows\System32\en-US\AudioEndpointBuilder.dll.mui,File027
embeddedmodesvc.dll.mui,E:\Windows\System32\en-US\embeddedmodesvc.dll.mui,File024
mssign32.dll.mui,E:\Windows\System32\en-US\mssign32.dll.mui,File160
BitLockerWizardElev.exe.mui,E:\Windows\System32\en-US\BitLockerWizardElev.exe.mui,File024
Windows.UI.Input.Inking.dll.mui,E:\Windows\System32\en-US\Windows.UI.Input.Inking.dll.mui,File024
FunDisc.dll.mui,E:\Windows\System32\en-US\FunDisc.dll.mui,File042
OptionalFeatures.exe.mui,E:\Windows\System32\en-US\OptionalFeatures.exe.mui,File005
WorkFoldersGPExt.dll.mui,E:\Windows\System32\en-US\WorkFoldersGPExt.dll.mui,File005
SrpUxNativeSnapIn.dll.mui,E:\Windows\System32\en-US\SrpUxNativeSnapIn.dll.mui,File027
print.exe.mui,E:\Windows\System32\en-US\print.exe.mui,File005
msctfuimanager.dll.mui,E:\Windows\System32\en-US\msctfuimanager.dll.mui,File101
fc.exe.mui,E:\Windows\System32\en-US\fc.exe.mui,File005
Windows.UI.AppDefaults.dll.mui,E:\Windows\System32\en-US\Windows.UI.AppDefaults.dll.mui,File027
MsCtfMonitor.dll.mui,E:\Windows\System32\en-US\MsCtfMonitor.dll.mui,File024
evr.dll.mui,E:\Windows\System32\en-US\evr.dll.mui,File024
fhengine.dll.mui,E:\Windows\System32\en-US\fhengine.dll.mui,File005
ExecModelClient.dll.mui,E:\Windows\System32\en-US\ExecModelClient.dll.mui,File024
finger.exe.mui,E:\Windows\System32\en-US\finger.exe.mui,File160
extrac32.exe.mui,E:\Windows\System32\en-US\extrac32.exe.mui,File024
WindowsActionDialog.exe.mui,E:\Windows\System32\en-US\WindowsActionDialog.exe.mui,File024
fhcfg.dll.mui,E:\Windows\System32\en-US\fhcfg.dll.mui,File024
authui.dll.mui,E:\Windows\System32\en-US\authui.dll.mui,File001
AppContracts.dll.mui,E:\Windows\System32\en-US\AppContracts.dll.mui,File160
elscore.dll.mui,E:\Windows\System32\en-US\elscore.dll.mui,File027
msftedit.dll.mui,E:\Windows\System32\en-US\msftedit.dll.mui,File024
drt.dll.mui,E:\Windows\System32\en-US\drt.dll.mui,File042
fhtask.dll.mui,E:\Windows\System32\en-US\fhtask.dll.mui,File024
EhStorShell.dll.mui,E:\Windows\System32\en-US\EhStorShell.dll.mui,File024
remotepg.dll.mui,E:\Windows\System32\en-US\remotepg.dll.mui,File042
RemoveDeviceElevated.dll.mui,E:\Windows\System32\en-US\RemoveDeviceElevated.dll.mui,File005
SettingsHandlers_Notifications.dll.mui,E:\Windows\System32\en-US\SettingsHandlers_Notifications.dll.mui,File160
msdtc.exe.mui,E:\Windows\System32\en-US\msdtc.exe.mui,File005
XblAuthManager.dll.mui,E:\Windows\System32\en-US\XblAuthManager.dll.mui,File024
ResetEngine.dll.mui,E:\Windows\System32\en-US\ResetEngine.dll.mui,File024
tpmvscmgrsvr.exe.mui,E:\Windows\System32\en-US\tpmvscmgrsvr.exe.mui,File005
sort.exe.mui,E:\Windows\System32\en-US\sort.exe.mui,File042
fontview.exe.mui,E:\Windows\System32\en-US\fontview.exe.mui,File160
fhshl.dll.mui,E:\Windows\System32\en-US\fhshl.dll.mui,File005
setspn.exe.mui,E:\Windows\System32\en-US\setspn.exe.mui,File101
Windows.Web.Http.dll.mui,E:\Windows\System32\en-US\Windows.Web.Http.dll.mui,File101
find.exe.mui,E:\Windows\System32\en-US\find.exe.mui,File005
FileHistory.exe.mui,E:\Windows\System32\en-US\FileHistory.exe.mui,File005
SettingsHandlers_Display.dll.mui,E:\Windows\System32\en-US\SettingsHandlers_Display.dll.mui,File027
Windows.UI.FileExplorer.dll.mui,E:\Windows\System32\en-US\Windows.UI.FileExplorer.dll.mui,File005
FntCache.dll.mui,E:\Windows\System32\en-US\FntCache.dll.mui,File024
dsregcmd.exe.mui,E:\Windows\System32\en-US\dsregcmd.exe.mui,File027
fixmapi.exe.mui,E:\Windows\System32\en-US\fixmapi.exe.mui,File005
dot3mm.dll.mui,E:\Windows\System32\en-US\dot3mm.dll.mui,File024
SgrmBroker.exe.mui,E:\Windows\System32\en-US\SgrmBroker.exe.mui,File024
AccountAccessor.dll.mui,E:\Windows\System32\en-US\AccountAccessor.dll.mui,File027
PeopleBand.dll.mui,E:\Windows\System32\en-US\PeopleBand.dll.mui,File005
FlightSettings.dll.mui,E:\Windows\System32\en-US\FlightSettings.dll.mui,File024
Windows.UI.Immersive.dll.mui,E:\Windows\System32\en-US\Windows.UI.Immersive.dll.mui,File071
sfc.exe.mui,E:\Windows\System32\en-US\sfc.exe.mui,File042
fsavailux.exe.mui,E:\Windows\System32\en-US\fsavailux.exe.mui,File027
UpgradeResultsUI.exe.mui,E:\Windows\System32\en-US\UpgradeResultsUI.exe.mui,File027
usbceip.dll.mui,E:\Windows\System32\en-US\usbceip.dll.mui,File027
AboutSettingsHandlers.dll.mui,E:\Windows\System32\en-US\AboutSettingsHandlers.dll.mui,File027
msctfui.dll.mui,E:\Windows\System32\en-US\msctfui.dll.mui,File005
serwvdrv.dll.mui,E:\Windows\System32\en-US\serwvdrv.dll.mui,File024
Fondue.exe.mui,E:\Windows\System32\en-US\Fondue.exe.mui,File027
BitLockerWizard.exe.mui,E:\Windows\System32\en-US\BitLockerWizard.exe.mui,File024
fphc.dll.mui,E:\Windows\System32\en-US\fphc.dll.mui,File042
secinit.exe.mui,E:\Windows\System32\en-US\secinit.exe.mui,File005
mssph.dll.mui,E:\Windows\System32\en-US\mssph.dll.mui,File024
AgentService.exe.mui,E:\Windows\System32\en-US\AgentService.exe.mui,File024
replace.exe.mui,E:\Windows\System32\en-US\replace.exe.mui,File005
mshta.exe.mui,E:\Windows\System32\en-US\mshta.exe.mui,File005
sdohlp.dll.mui,E:\Windows\System32\en-US\sdohlp.dll.mui,File160
mssrch.dll.mui,E:\Windows\System32\en-US\mssrch.dll.mui,File027
bitsadmin.exe.mui,E:\Windows\System32\en-US\bitsadmin.exe.mui,File005
fthsvc.dll.mui,E:\Windows\System32\en-US\fthsvc.dll.mui,File027
osbaseln.dll.mui,E:\Windows\System32\en-US\osbaseln.dll.mui,File024
Search.ProtocolHandler.MAPI2.dll.mui,E:\Windows\System32\en-US\Search.ProtocolHandler.MAPI2.dll.mui,File160
Dot3Conn.dll.mui,E:\Windows\System32\en-US\Dot3Conn.dll.mui,File005
userinitext.dll.mui,E:\Windows\System32\en-US\userinitext.dll.mui,File027
dxpserver.exe.mui,E:\Windows\System32\en-US\dxpserver.exe.mui,File024
SettingsHandlers_Maps.dll.mui,E:\Windows\System32\en-US\SettingsHandlers_Maps.dll.mui,File042
MSchedExe.exe.mui,E:\Windows\System32\en-US\MSchedExe.exe.mui,File005
fveprompt.exe.mui,E:\Windows\System32\en-US\fveprompt.exe.mui,File160
wsdapi.dll.mui,E:\Windows\System32\en-US\wsdapi.dll.mui,File005
mscandui.dll.mui,E:\Windows\System32\en-US\mscandui.dll.mui,File024
upnp.dll.mui,E:\Windows\System32\en-US\upnp.dll.mui,File024
p2psvc.dll.mui,E:\Windows\System32\en-US\p2psvc.dll.mui,File027
g711codc.ax.mui,E:\Windows\System32\en-US\g711codc.ax.mui,File024
fveui.dll.mui,E:\Windows\System32\en-US\fveui.dll.mui,File024
OpenWith.exe.mui,E:\Windows\System32\en-US\OpenWith.exe.mui,File005
sdshext.dll.mui,E:\Windows\System32\en-US\sdshext.dll.mui,File027
ApplicationFrame.dll.mui,E:\Windows\System32\en-US\ApplicationFrame.dll.mui,File027
msacm32.drv.mui,E:\Windows\System32\en-US\msacm32.drv.mui,File005
eappcfgui.dll.mui,E:\Windows\System32\en-US\eappcfgui.dll.mui,File160
dsound.dll.mui,E:\Windows\System32\en-US\dsound.dll.mui,File024
doskey.exe.mui,E:\Windows\System32\en-US\doskey.exe.mui,File005
cscobj.dll.mui,E:\Windows\System32\en-US\cscobj.dll.mui,File024
ubpm.dll.mui,E:\Windows\System32\en-US\ubpm.dll.mui,File024
cscmig.dll.mui,E:\Windows\System32\en-US\cscmig.dll.mui,File024
CredProv2faHelper.dll.mui,E:\Windows\System32\en-US\CredProv2faHelper.dll.mui,File024
WiFiTask.exe.mui,E:\Windows\System32\en-US\WiFiTask.exe.mui,File024
nsisvc.dll.mui,E:\Windows\System32\en-US\nsisvc.dll.mui,File024
dot3dlg.dll.mui,E:\Windows\System32\en-US\dot3dlg.dll.mui,File005
CSRR.rs.mui,E:\Windows\System32\en-US\CSRR.rs.mui,File160
Windows.Data.Activities.dll.mui,E:\Windows\System32\en-US\Windows.Data.Activities.dll.mui,File027
cryptsvc.dll.mui,E:\Windows\System32\en-US\cryptsvc.dll.mui,File160
domgmt.dll.mui,E:\Windows\System32\en-US\domgmt.dll.mui,File027
consent.exe.mui,E:\Windows\System32\en-US\consent.exe.mui,File024
CredentialEnrollmentManager.exe.mui,E:\Windows\System32\en-US\CredentialEnrollmentManager.exe.mui,File024
mprext.dll.mui,E:\Windows\System32\en-US\mprext.dll.mui,File160
DocumentPerformanceEvents.dll.mui,E:\Windows\System32\en-US\DocumentPerformanceEvents.dll.mui,File024
Windows.Media.MediaControl.dll.mui,E:\Windows\System32\en-US\Windows.Media.MediaControl.dll.mui,File160
Windows.Devices.Custom.dll.mui,E:\Windows\System32\en-US\Windows.Devices.Custom.dll.mui,File005
dnsrslvr.dll.mui,E:\Windows\System32\en-US\dnsrslvr.dll.mui,File027
dosvc.dll.mui,E:\Windows\System32\en-US\dosvc.dll.mui,File027
TtlsAuth.dll.mui,E:\Windows\System32\en-US\TtlsAuth.dll.mui,File160
DscTimer.dll.mui,E:\Windows\System32\en-US\DscTimer.dll.mui,File024
Windows.Gaming.Input.dll.mui,E:\Windows\System32\en-US\Windows.Gaming.Input.dll.mui,File024
tzsyncres.dll.mui,E:\Windows\System32\en-US\tzsyncres.dll.mui,File160
drprov.dll.mui,E:\Windows\System32\en-US\drprov.dll.mui,File024
clb.dll.mui,E:\Windows\System32\en-US\clb.dll.mui,File027
dmwappushsvc.dll.mui,E:\Windows\System32\en-US\dmwappushsvc.dll.mui,File024
dmusic.dll.mui,E:\Windows\System32\en-US\dmusic.dll.mui,File005
TrustedSignalCredProv.dll.mui,E:\Windows\System32\en-US\TrustedSignalCredProv.dll.mui,File027
vrd.sys,E:\Windows\System32\DriverStore\FileRepository\vrd.inf_amd64_3a0ba97737bffd01\vrd.sys,File042
msadp32.acm.mui,E:\Windows\System32\en-US\msadp32.acm.mui,File024
dlnashext.dll.mui,E:\Windows\System32\en-US\dlnashext.dll.mui,File160
CloudDomainJoinAUG.dll.mui,E:\Windows\System32\en-US\CloudDomainJoinAUG.dll.mui,File024
Windows.ApplicationModel.Store.TestingFramework.dll.mui,E:\Windows\System32\en-US\Windows.ApplicationModel.Store.TestingFramework.dll.mui,File024
cdpusersvc.dll.mui,E:\Windows\System32\en-US\cdpusersvc.dll.mui,File024
Docking.VirtualInput.dll.mui,E:\Windows\System32\en-US\Docking.VirtualInput.dll.mui,File005
Windows.Globalization.dll.mui,E:\Windows\System32\en-US\Windows.Globalization.dll.mui,File005
DsmUserTask.exe.mui,E:\Windows\System32\en-US\DsmUserTask.exe.mui,File024
thumbcache.dll.mui,E:\Windows\System32\en-US\thumbcache.dll.mui,File024
Windows.Devices.Background.dll.mui,E:\Windows\System32\en-US\Windows.Devices.Background.dll.mui,File024
avifil32.dll.mui,E:\Windows\System32\en-US\avifil32.dll.mui,File160
winbioext.dll.mui,E:\Windows\System32\en-US\winbioext.dll.mui,File005
Windows.ImmersiveShell.ServiceProvider.dll.mui,E:\Windows\System32\en-US\Windows.ImmersiveShell.ServiceProvider.dll.mui,File027
NotificationController.dll.mui,E:\Windows\System32\en-US\NotificationController.dll.mui,File027
Windows.Devices.Bluetooth.dll.mui,E:\Windows\System32\en-US\Windows.Devices.Bluetooth.dll.mui,File042
certcli.dll.mui,E:\Windows\System32\en-US\certcli.dll.mui,File160
AppHostRegistrationVerifier.exe.mui,E:\Windows\System32\en-US\AppHostRegistrationVerifier.exe.mui,File024
Win32_DeviceGuard.dll.mui,E:\Windows\System32\en-US\Win32_DeviceGuard.dll.mui,File160
BthAvrcpAppSvc.dll.mui,E:\Windows\System32\en-US\BthAvrcpAppSvc.dll.mui,File024
dot3gpclnt.dll.mui,E:\Windows\System32\en-US\dot3gpclnt.dll.mui,File160
comp.exe.mui,E:\Windows\System32\en-US\comp.exe.mui,File005
hpt4qic.sys,E:\Windows\System32\DriverStore\FileRepository\tape.inf_amd64_32387ea16b29de65\hpt4qic.sys,File042
dot3msm.dll.mui,E:\Windows\System32\en-US\dot3msm.dll.mui,File024
Windows.Management.SecureAssessment.Diagnostics.dll.mui,E:\Windows\System32\ja-jp\Windows.Management.SecureAssessment.Diagnostics.dll.mui,File160
DpiScaling.exe.mui,E:\Windows\System32\en-US\DpiScaling.exe.mui,File024
ntprint.exe.mui,E:\Windows\System32\en-US\ntprint.exe.mui,File005
wincredui.dll.mui,E:\Windows\System32\en-US\wincredui.dll.mui,File042
windows.internal.shell.broker.dll.mui,E:\Windows\System32\en-US\windows.internal.shell.broker.dll.mui,File024
TimeBrokerServer.dll.mui,E:\Windows\System32\en-US\TimeBrokerServer.dll.mui,File160
drvinst.exe.mui,E:\Windows\System32\en-US\drvinst.exe.mui,File005
uDWM.dll.mui,E:\Windows\System32\en-US\uDWM.dll.mui,File027
Windows.Management.Service.dll.mui,E:\Windows\System32\en-US\Windows.Management.Service.dll.mui,File024
tpmcompc.dll.mui,E:\Windows\System32\en-US\tpmcompc.dll.mui,File027
DscProxy.dll.mui,E:\Windows\System32\en-US\DscProxy.dll.mui,File005
ntasn1.dll.mui,E:\Windows\System32\en-US\ntasn1.dll.mui,File024
fhcleanup.dll.mui,E:\Windows\System32\en-US\fhcleanup.dll.mui,File024
Windows.Internal.Management.dll.mui,E:\Windows\System32\en-US\Windows.Internal.Management.dll.mui,File027
NPSMDesktopProvider.dll.mui,E:\Windows\System32\en-US\NPSMDesktopProvider.dll.mui,File005
dsregtask.dll.mui,E:\Windows\System32\en-US\dsregtask.dll.mui,File024
dwmapi.dll.mui,E:\Windows\System32\en-US\dwmapi.dll.mui,File027
win32spl.dll.mui,E:\Windows\System32\en-US\win32spl.dll.mui,File024
bcrypt.dll.mui,E:\Windows\System32\en-US\bcrypt.dll.mui,File027
Dsui.dll.mui,E:\Windows\System32\en-US\Dsui.dll.mui,File027
dssvc.dll.mui,E:\Windows\System32\en-US\dssvc.dll.mui,File024
TsUsbRedirectionGroupPolicyExtension.dll.mui,E:\Windows\System32\en-US\TsUsbRedirectionGroupPolicyExtension.dll.mui,File024
Windows.Internal.CapturePicker.Desktop.dll.mui,E:\Windows\System32\en-US\Windows.Internal.CapturePicker.Desktop.dll.mui,File024
tzautoupdate.dll.mui,E:\Windows\System32\en-US\tzautoupdate.dll.mui,File005
dwmredir.dll.mui,E:\Windows\System32\en-US\dwmredir.dll.mui,File024
Windows.Devices.SmartCards.dll.mui,E:\Windows\System32\en-US\Windows.Devices.SmartCards.dll.mui,File027
duser.dll.mui,E:\Windows\System32\en-US\duser.dll.mui,File027
autotimesvc.dll.mui,E:\Windows\System32\en-US\autotimesvc.dll.mui,File024
dwminit.dll.mui,E:\Windows\System32\en-US\dwminit.dll.mui,File024
appidsvc.dll.mui,E:\Windows\System32\en-US\appidsvc.dll.mui,File027
efssvc.dll.mui,E:\Windows\System32\en-US\efssvc.dll.mui,File024
themeui.dll.mui,E:\Windows\System32\en-US\themeui.dll.mui,File001
DWrite.dll.mui,E:\Windows\System32\en-US\DWrite.dll.mui,File005
windows.internal.shellcommon.shareexperience.dll.mui,E:\Windows\System32\en-US\windows.internal.shellcommon.shareexperience.dll.mui,File160
ResetEngOnline.dll.mui,E:\Windows\System32\en-US\ResetEngOnline.dll.mui,File005
trkwks.dll.mui,E:\Windows\System32\en-US\trkwks.dll.mui,File024
ntlanman.dll.mui,E:\Windows\System32\en-US\ntlanman.dll.mui,File027
Windows.Internal.CapturePicker.dll.mui,E:\Windows\System32\en-US\Windows.Internal.CapturePicker.dll.mui,File005
wiarpc.dll.mui,E:\Windows\System32\en-US\wiarpc.dll.mui,File024
TokenBroker.dll.mui,E:\Windows\System32\en-US\TokenBroker.dll.mui,File024
quickassist.exe.mui,E:\Windows\System32\ja-jp\quickassist.exe.mui,File024
bnmanager.dll.mui,E:\Windows\System32\en-US\bnmanager.dll.mui,File024
UevAgentDriver.sys.mui,E:\Windows\System32\en-US\UevAgentDriver.sys.mui,File024
efsext.dll.mui,E:\Windows\System32\en-US\efsext.dll.mui,File027
msprivs.dll.mui,E:\Windows\System32\ja-jp\msprivs.dll.mui,File160
tsgqec.dll.mui,E:\Windows\System32\en-US\tsgqec.dll.mui,File024
Windows.Devices.Picker.dll.mui,E:\Windows\System32\en-US\Windows.Devices.Picker.dll.mui,File024
btpanui.dll.mui,E:\Windows\System32\en-US\btpanui.dll.mui,File160
PackageInspector.exe.mui,E:\Windows\System32\en-US\PackageInspector.exe.mui,File001
scrnsave.scr.mui,E:\Windows\System32\en-US\scrnsave.scr.mui,File024
atl.dll.mui,E:\Windows\System32\en-US\atl.dll.mui,File005
sdrsvc.dll.mui,E:\Windows\System32\en-US\sdrsvc.dll.mui,File005
assignedaccessmanager.dll.mui,E:\Windows\System32\en-US\assignedaccessmanager.dll.mui,File005
audiodg.exe.mui,E:\Windows\System32\en-US\audiodg.exe.mui,File005
sihclient.exe.mui,E:\Windows\System32\en-US\sihclient.exe.mui,File160
PhoneUtilRes.dll.mui,E:\Windows\System32\en-US\PhoneUtilRes.dll.mui,File160
WMVENCOD.dll.mui,E:\Windows\System32\en-US\WMVENCOD.dll.mui,File024
wmpshell.dll.mui,E:\Windows\System32\en-US\wmpshell.dll.mui,File027
msoert2.dll.mui,E:\Windows\System32\en-US\msoert2.dll.mui,File027
netjoin.dll.mui,E:\Windows\System32\en-US\netjoin.dll.mui,File024
SCardSvr.dll.mui,E:\Windows\System32\en-US\SCardSvr.dll.mui,File071
shimgvw.dll.mui,E:\Windows\System32\en-US\shimgvw.dll.mui,File024
netiougc.exe.mui,E:\Windows\System32\en-US\netiougc.exe.mui,File005
sharemediacpl.dll.mui,E:\Windows\System32\en-US\sharemediacpl.dll.mui,File101
themeservice.dll.mui,E:\Windows\System32\en-US\themeservice.dll.mui,File005
Netplwiz.exe.mui,E:\Windows\System32\en-US\Netplwiz.exe.mui,File005
wephostsvc.dll.mui,E:\Windows\System32\en-US\wephostsvc.dll.mui,File160
SettingsHandlers_StorageSense.dll.mui,E:\Windows\System32\en-US\SettingsHandlers_StorageSense.dll.mui,File024
WMVDECOD.dll.mui,E:\Windows\System32\en-US\WMVDECOD.dll.mui,File024
SettingsHandlers_UserAccount.dll.mui,E:\Windows\System32\en-US\SettingsHandlers_UserAccount.dll.mui,File024
sensordataservice.exe.mui,E:\Windows\System32\en-US\sensordataservice.exe.mui,File024
wercplsupport.dll.mui,E:\Windows\System32\en-US\wercplsupport.dll.mui,File024
setupugc.exe.mui,E:\Windows\System32\en-US\setupugc.exe.mui,File160
SHCore.dll.mui,E:\Windows\System32\en-US\SHCore.dll.mui,File005
TCPMON.dll.mui,E:\Windows\System32\en-US\TCPMON.dll.mui,File024
SensorsApi.dll.mui,E:\Windows\System32\en-US\SensorsApi.dll.mui,File024
WofTasks.dll.mui,E:\Windows\System32\en-US\WofTasks.dll.mui,File024
PlayToDevice.dll.mui,E:\Windows\System32\en-US\PlayToDevice.dll.mui,File005
termmgr.dll.mui,E:\Windows\System32\en-US\termmgr.dll.mui,File160
PlaySndSrv.dll.mui,E:\Windows\System32\en-US\PlaySndSrv.dll.mui,File005
ShareHost.dll.mui,E:\Windows\System32\en-US\ShareHost.dll.mui,File027
RunLegacyCPLElevated.exe.mui,E:\Windows\System32\en-US\RunLegacyCPLElevated.exe.mui,File024
wevtapi.dll.mui,E:\Windows\System32\en-US\wevtapi.dll.mui,File160
attrib.exe.mui,E:\Windows\System32\en-US\attrib.exe.mui,File005
SensorsCpl.dll.mui,E:\Windows\System32\en-US\SensorsCpl.dll.mui,File024
PlayToStatusProvider.dll.mui,E:\Windows\System32\en-US\PlayToStatusProvider.dll.mui,File005
RMActivate_ssp.exe.mui,E:\Windows\System32\en-US\RMActivate_ssp.exe.mui,File005
route.exe.mui,E:\Windows\System32\en-US\route.exe.mui,File101
assignedaccessmanagersvc.dll.mui,E:\Windows\System32\en-US\assignedaccessmanagersvc.dll.mui,File024
perftrack.dll.mui,E:\Windows\System32\en-US\perftrack.dll.mui,File027
rtffilt.dll.mui,E:\Windows\System32\en-US\rtffilt.dll.mui,File005
rmapi.dll.mui,E:\Windows\System32\en-US\rmapi.dll.mui,File024
TetheringStation.dll.mui,E:\Windows\System32\en-US\TetheringStation.dll.mui,File024
SettingsHandlers_Privacy.dll.mui,E:\Windows\System32\en-US\SettingsHandlers_Privacy.dll.mui,File024
mskeyprotect.dll.mui,E:\Windows\System32\en-US\mskeyprotect.dll.mui,File005
WFDSConMgrSvc.dll.mui,E:\Windows\System32\en-US\WFDSConMgrSvc.dll.mui,File024
SettingsHandlers_WorkAccess.dll.mui,E:\Windows\System32\en-US\SettingsHandlers_WorkAccess.dll.mui,File160
SettingsHandlers_ForceSync.dll.mui,E:\Windows\System32\en-US\SettingsHandlers_ForceSync.dll.mui,File024
TelephonyInteractiveUserRes.dll.mui,E:\Windows\System32\en-US\TelephonyInteractiveUserRes.dll.mui,File027
ping.exe.mui,E:\Windows\System32\en-US\ping.exe.mui,File042
telephon.cpl.mui,E:\Windows\System32\en-US\telephon.cpl.mui,File005
playtomenu.dll.mui,E:\Windows\System32\en-US\playtomenu.dll.mui,File024
SettingsHandlers_Geolocation.dll.mui,E:\Windows\System32\en-US\SettingsHandlers_Geolocation.dll.mui,File027
SettingsHandlers_SIUF.dll.mui,E:\Windows\System32\en-US\SettingsHandlers_SIUF.dll.mui,File024
CIRCoInst.dll,E:\Windows\System32\DriverStore\FileRepository\usbcir.inf_amd64_74bd1710ce8513bc\CIRCoInst.dll,File042
SettingsHandlers_OneDriveBackup.dll.mui,E:\Windows\System32\en-US\SettingsHandlers_OneDriveBackup.dll.mui,File160
RMActivate_ssp_isv.exe.mui,E:\Windows\System32\en-US\RMActivate_ssp_isv.exe.mui,File024
PasswordOnWakeSettingFlyout.exe.mui,E:\Windows\System32\en-US\PasswordOnWakeSettingFlyout.exe.mui,File024
mskeyprotcli.dll.mui,E:\Windows\System32\en-US\mskeyprotcli.dll.mui,File005
NetworkDesktopSettings.dll.mui,E:\Windows\System32\en-US\NetworkDesktopSettings.dll.mui,File024
SettingsHandlers_CapabilityAccess.dll.mui,E:\Windows\System32\en-US\SettingsHandlers_CapabilityAccess.dll.mui,File024
SettingsHandlers_QuickActions.dll.mui,E:\Windows\System32\en-US\SettingsHandlers_QuickActions.dll.mui,File024
SetProxyCredential.dll.mui,E:\Windows\System32\en-US\SetProxyCredential.dll.mui,File024
SettingsHandlers_Devices.dll.mui,E:\Windows\System32\en-US\SettingsHandlers_Devices.dll.mui,File005
pnppolicy.dll.mui,E:\Windows\System32\en-US\pnppolicy.dll.mui,File005
pcalua.exe.mui,E:\Windows\System32\en-US\pcalua.exe.mui,File005
regidle.dll.mui,E:\Windows\System32\en-US\regidle.dll.mui,File024
TetheringMgr.dll.mui,E:\Windows\System32\en-US\TetheringMgr.dll.mui,File024
pnpclean.dll.mui,E:\Windows\System32\en-US\pnpclean.dll.mui,File160
TCPMonUI.dll.mui,E:\Windows\System32\en-US\TCPMonUI.dll.mui,File042
TetheringIeProvider.dll.mui,E:\Windows\System32\en-US\TetheringIeProvider.dll.mui,File024
NetworkStatus.dll.mui,E:\Windows\System32\en-US\NetworkStatus.dll.mui,File027
resutils.dll.mui,E:\Windows\System32\en-US\resutils.dll.mui,File005
SetNetworkLocationFlyout.dll.mui,E:\Windows\System32\en-US\SetNetworkLocationFlyout.dll.mui,File024
PlayToManager.dll.mui,E:\Windows\System32\en-US\PlayToManager.dll.mui,File160
acpials.sys,E:\Windows\System32\DriverStore\FileRepository\sensorsalsdriver.inf_amd64_a9cff71c33787951\acpials.sys,File071
msimtf.dll.mui,E:\Windows\System32\en-US\msimtf.dll.mui,File005
Mystify.scr.mui,E:\Windows\System32\en-US\Mystify.scr.mui,File101
pnrpauto.dll.mui,E:\Windows\System32\en-US\pnrpauto.dll.mui,File024
WWAApi.dll.mui,E:\Windows\System32\en-US\WWAApi.dll.mui,File027
dggpext.dll.mui,E:\Windows\System32\en-US\dggpext.dll.mui,File005
pnrpsvc.dll.mui,E:\Windows\System32\en-US\pnrpsvc.dll.mui,File071
cewmdm.dll.mui,E:\Windows\System32\en-US\cewmdm.dll.mui,File027
certprop.dll.mui,E:\Windows\System32\en-US\certprop.dll.mui,File160
cfgbkend.dll.mui,E:\Windows\System32\en-US\cfgbkend.dll.mui,File160
wsp_sr.dll.mui,E:\Windows\System32\en-US\wsp_sr.dll.mui,File005
offFilt.dll.mui,E:\Windows\System32\en-US\offFilt.dll.mui,File005
quickassist.exe.mui,E:\Windows\System32\hr-HR\quickassist.exe.mui,File027
CBDHSvc.dll.mui,E:\Windows\System32\en-US\CBDHSvc.dll.mui,File005
DfrgUI.exe.mui,E:\Windows\System32\en-US\DfrgUI.exe.mui,File071
bcastdvruserservice.dll.mui,E:\Windows\System32\en-US\bcastdvruserservice.dll.mui,File024
DeviceSetupManagerApi.dll.mui,E:\Windows\System32\en-US\DeviceSetupManagerApi.dll.mui,File005
odbcad32.exe.mui,E:\Windows\System32\en-US\odbcad32.exe.mui,File005
dot3api.dll.mui,E:\Windows\System32\en-US\dot3api.dll.mui,File024
polstore.dll.mui,E:\Windows\System32\en-US\polstore.dll.mui,File160
DfsShlEx.dll.mui,E:\Windows\System32\en-US\DfsShlEx.dll.mui,File027
CertEnrollCtrl.exe.mui,E:\Windows\System32\en-US\CertEnrollCtrl.exe.mui,File005
quickassist.exe.mui,E:\Windows\System32\hu-HU\quickassist.exe.mui,File027
certenc.dll.mui,E:\Windows\System32\en-US\certenc.dll.mui,File024
djctq.rs.mui,E:\Windows\System32\en-US\djctq.rs.mui,File027
change.exe.mui,E:\Windows\System32\en-US\change.exe.mui,File024
wdi.dll.mui,E:\Windows\System32\en-US\wdi.dll.mui,File027
WEB.rs.mui,E:\Windows\System32\en-US\WEB.rs.mui,File024
DeviceDirectoryClient.dll.mui,E:\Windows\System32\en-US\DeviceDirectoryClient.dll.mui,File027
apphelp.dll.mui,E:\Windows\System32\en-US\apphelp.dll.mui,File027
AccountsRT.dll.mui,E:\Windows\System32\en-US\AccountsRT.dll.mui,File024
cdpsvc.dll.mui,E:\Windows\System32\en-US\cdpsvc.dll.mui,File024
DavSyncProvider.dll.mui,E:\Windows\System32\en-US\DavSyncProvider.dll.mui,File071
wdmaud.drv.mui,E:\Windows\System32\en-US\wdmaud.drv.mui,File024
wshqos.dll.mui,E:\Windows\System32\en-US\wshqos.dll.mui,File024
pots.dll.mui,E:\Windows\System32\en-US\pots.dll.mui,File027
AxInstUI.exe.mui,E:\Windows\System32\en-US\AxInstUI.exe.mui,File005
ajrouter.dll.mui,E:\Windows\System32\en-US\ajrouter.dll.mui,File160
azroles.dll.mui,E:\Windows\System32\en-US\azroles.dll.mui,File027
wship6.dll.mui,E:\Windows\System32\en-US\wship6.dll.mui,File005
cdp.dll.mui,E:\Windows\System32\en-US\cdp.dll.mui,File024
cxcredprov.dll.mui,E:\Windows\System32\en-US\cxcredprov.dll.mui,File005
CaptureService.dll.mui,E:\Windows\System32\en-US\CaptureService.dll.mui,File024
acproxy.dll.mui,E:\Windows\System32\en-US\acproxy.dll.mui,File024
cemapi.dll.mui,E:\Windows\System32\en-US\cemapi.dll.mui,File027
APMon.dll.mui,E:\Windows\System32\en-US\APMon.dll.mui,File024
webclnt.dll.mui,E:\Windows\System32\en-US\webclnt.dll.mui,File027
DevicePairingExperienceMEM.dll.mui,E:\Windows\System32\en-US\DevicePairingExperienceMEM.dll.mui,File024
capisp.dll.mui,E:\Windows\System32\en-US\capisp.dll.mui,File024
DefaultPrinterProvider.dll.mui,E:\Windows\System32\en-US\DefaultPrinterProvider.dll.mui,File005
wshtcpip.dll.mui,E:\Windows\System32\en-US\wshtcpip.dll.mui,File005
DispBroker.Desktop.dll.mui,E:\Windows\System32\en-US\DispBroker.Desktop.dll.mui,File024
devenum.dll.mui,E:\Windows\System32\en-US\devenum.dll.mui,File024
bcdboot.exe.mui,E:\Windows\System32\en-US\bcdboot.exe.mui,File071
datusage.dll.mui,E:\Windows\System32\en-US\datusage.dll.mui,File027
devquerybroker.dll.mui,E:\Windows\System32\en-US\devquerybroker.dll.mui,File024
PNPXAssocPrx.dll.mui,E:\Windows\System32\en-US\PNPXAssocPrx.dll.mui,File024
deskmon.dll.mui,E:\Windows\System32\en-US\deskmon.dll.mui,File160
alg.exe.mui,E:\Windows\System32\en-US\alg.exe.mui,File024
advapi32.dll.mui,E:\Windows\System32\en-US\advapi32.dll.mui,File160
DevicesFlowBroker.dll.mui,E:\Windows\System32\en-US\DevicesFlowBroker.dll.mui,File024
Windows.Media.Renewal.dll.mui,E:\Windows\System32\en-US\Windows.Media.Renewal.dll.mui,File027
powercpl.dll.mui,E:\Windows\System32\en-US\powercpl.dll.mui,File101
Windows.Networking.Sockets.PushEnabledApplication.dll.mui,E:\Windows\System32\en-US\Windows.Networking.Sockets.PushEnabledApplication.dll.mui,File160
certcredprovider.dll.mui,E:\Windows\System32\en-US\certcredprovider.dll.mui,File024
DeviceDisplayStatusManager.dll.mui,E:\Windows\System32\en-US\DeviceDisplayStatusManager.dll.mui,File005
dmdskres2.dll.mui,E:\Windows\System32\en-US\dmdskres2.dll.mui,File160
actionqueue.dll.mui,E:\Windows\System32\en-US\actionqueue.dll.mui,File027
Windows.SharedPC.CredentialProvider.dll.mui,E:\Windows\System32\en-US\Windows.SharedPC.CredentialProvider.dll.mui,File024
DisplaySwitch.exe.mui,E:\Windows\System32\en-US\DisplaySwitch.exe.mui,File160
DeviceSetupStatusProvider.dll.mui,E:\Windows\System32\en-US\DeviceSetupStatusProvider.dll.mui,File160
DafGip.dll.mui,E:\Windows\System32\en-US\DafGip.dll.mui,File024
OneBackupHandler.dll.mui,E:\Windows\System32\en-US\OneBackupHandler.dll.mui,File160
Windows.Perception.Stub.dll.mui,E:\Windows\System32\en-US\Windows.Perception.Stub.dll.mui,File160
DataExchangeHost.exe.mui,E:\Windows\System32\en-US\DataExchangeHost.exe.mui,File005
CapabilityAccessManager.dll.mui,E:\Windows\System32\en-US\CapabilityAccessManager.dll.mui,File024
DevDispItemProvider.dll.mui,E:\Windows\System32\en-US\DevDispItemProvider.dll.mui,File024
BthMtpContextHandler.dll.mui,E:\Windows\System32\en-US\BthMtpContextHandler.dll.mui,File024
mpsdrv.sys.mui,E:\Windows\System32\en-US\mpsdrv.sys.mui,File024
DeviceElementSource.dll.mui,E:\Windows\System32\en-US\DeviceElementSource.dll.mui,File027
ActiveSyncCsp.dll.mui,E:\Windows\System32\en-US\ActiveSyncCsp.dll.mui,File024
portabledevicestatus.dll.mui,E:\Windows\System32\en-US\portabledevicestatus.dll.mui,File027
AppExtension.dll.mui,E:\Windows\System32\en-US\AppExtension.dll.mui,File005
wshrm.dll.mui,E:\Windows\System32\en-US\wshrm.dll.mui,File024
quickassist.exe.mui,E:\Windows\System32\lt-LT\quickassist.exe.mui,File027
dcomcnfg.exe.mui,E:\Windows\System32\en-US\dcomcnfg.exe.mui,File005
adsldpc.dll.mui,E:\Windows\System32\en-US\adsldpc.dll.mui,File024
Windows.Mirage.dll.mui,E:\Windows\System32\en-US\Windows.Mirage.dll.mui,File001
WUDFHost.exe.mui,E:\Windows\System32\en-US\WUDFHost.exe.mui,File005
mswsock.dll.mui,E:\Windows\System32\en-US\mswsock.dll.mui,File071
quickassist.exe.mui,E:\Windows\System32\es-ES\quickassist.exe.mui,File027
DeviceProperties.exe.mui,E:\Windows\System32\en-US\DeviceProperties.exe.mui,File005
adsmsext.dll.mui,E:\Windows\System32\en-US\adsmsext.dll.mui,File005
ddraw.dll.mui,E:\Windows\System32\en-US\ddraw.dll.mui,File024
wwanconn.dll.mui,E:\Windows\System32\en-US\wwanconn.dll.mui,File001
DAMM.dll.mui,E:\Windows\System32\en-US\DAMM.dll.mui,File024
desk.cpl.mui,E:\Windows\System32\en-US\desk.cpl.mui,File027
Wwanpref.dll.mui,E:\Windows\System32\en-US\Wwanpref.dll.mui,File005
wuaueng.dll.mui,E:\Windows\System32\en-US\wuaueng.dll.mui,File071
poqexec.exe.mui,E:\Windows\System32\en-US\poqexec.exe.mui,File024
hvsievaluator.exe.mui,E:\Windows\System32\en-US\hvsievaluator.exe.mui,File160
wsock32.dll.mui,E:\Windows\System32\en-US\wsock32.dll.mui,File042
adsnt.dll.mui,E:\Windows\System32\en-US\adsnt.dll.mui,File005
CallHistoryClient.dll.mui,E:\Windows\System32\en-US\CallHistoryClient.dll.mui,File027
authfwgp.dll.mui,E:\Windows\System32\en-US\authfwgp.dll.mui,File160
DaOtpCredentialProvider.dll.mui,E:\Windows\System32\en-US\DaOtpCredentialProvider.dll.mui,File001
WWanMM.dll.mui,E:\Windows\System32\en-US\WWanMM.dll.mui,File027
msvidc32.dll.mui,E:\Windows\System32\en-US\msvidc32.dll.mui,File027
dhcpcsvc.dll.mui,E:\Windows\System32\en-US\dhcpcsvc.dll.mui,File024
pwrshmsg.dll,E:\Windows\System32\WindowsPowerShell\v1.0\pwrshmsg.dll,File005
Microsoft.BitLocker.Structures.dll,E:\Windows\System32\WindowsPowerShell\v1.0\Modules\BitLocker\Microsoft.BitLocker.Structures.dll,File071
powershell.exe.mui,E:\Windows\System32\WindowsPowerShell\v1.0\en-US\powershell.exe.mui,File071
mxdwdui.dll,E:\Windows\System32\spool\tools\Microsoft XPS Document Writer\mxdwdui.dll,File024
quickassist.exe.mui,E:\Windows\System32\nb-NO\quickassist.exe.mui,File027
ipmiprr.dll.mui,E:\Windows\System32\wbem\en-US\ipmiprr.dll.mui,File160
SpeechUXWiz.exe.mui,E:\Windows\System32\Speech\SpeechUX\en-US\SpeechUXWiz.exe.mui,File005
quickassist.exe.mui,E:\Windows\System32\nl-NL\quickassist.exe.mui,File027
quickassist.exe.mui,E:\Windows\System32\th-TH\quickassist.exe.mui,File027
ShMig.dll.mui,E:\Windows\System32\migration\en-US\ShMig.dll.mui,File160
PerceptionSimulationService.exe.mui,E:\Windows\System32\PerceptionSimulation\en-US\PerceptionSimulationService.exe.mui,File024
Microsoft.Windows.Whea.WheaMemoryPolicy.dll,E:\Windows\System32\WindowsPowerShell\v1.0\Modules\Whea\Microsoft.Windows.Whea.WheaMemoryPolicy.dll,File071
Windows.Management.SecureAssessment.Diagnostics.dll.mui,E:\Windows\System32\ko-KR\Windows.Management.SecureAssessment.Diagnostics.dll.mui,File160
quickassist.exe.mui,E:\Windows\System32\tr-TR\quickassist.exe.mui,File027
quickassist.exe.mui,E:\Windows\System32\uk-UA\quickassist.exe.mui,File027
SxsMigPlugin.dll.mui,E:\Windows\System32\migration\en-US\SxsMigPlugin.dll.mui,File005
KrnlProv.dll.mui,E:\Windows\System32\wbem\en-US\KrnlProv.dll.mui,File005
WmiApRes.dll,E:\Windows\System32\wbem\WmiApRes.dll,File005
MMFUtil.dll.mui,E:\Windows\System32\wbem\en-US\MMFUtil.dll.mui,File160
WUAProvider.dll.mui,E:\Windows\System32\wbem\en-US\WUAProvider.dll.mui,File160
dnsclientcim.dll.mui,E:\Windows\System32\wbem\en-US\dnsclientcim.dll.mui,File027
WmiPerfInst.dll,E:\Windows\System32\wbem\WmiPerfInst.dll,File213
EmbeddedLockdownWmi.dll.mui,E:\Windows\System32\wbem\en-US\EmbeddedLockdownWmi.dll.mui,File071
WmiApRpl.dll.mui,E:\Windows\System32\wbem\en-US\WmiApRpl.dll.mui,File024
WmiApRes.dll.mui,E:\Windows\System32\wbem\en-US\WmiApRes.dll.mui,File024
WmiApSrv.exe.mui,E:\Windows\System32\wbem\en-US\WmiApSrv.exe.mui,File024
SystemResetPlatform.exe,E:\Windows\System32\SystemResetPlatform\SystemResetPlatform.exe,File101
WMIsvc.dll.mui,E:\Windows\System32\wbem\en-US\WMIsvc.dll.mui,File027
NCProv.dll.mui,E:\Windows\System32\wbem\en-US\NCProv.dll.mui,File005
oobeldr.exe.mui,E:\Windows\System32\oobe\en-US\oobeldr.exe.mui,File160
msoobeplugins.dll.mui,E:\Windows\System32\oobe\en-US\msoobeplugins.dll.mui,File027
quickassist.exe.mui,E:\Windows\System32\sv-SE\quickassist.exe.mui,File027
RacWmiProv.dll.mui,E:\Windows\System32\wbem\en-US\RacWmiProv.dll.mui,File005
Microsoft.AppV.AppVClientWmi.resources.dll,E:\Windows\System32\wbem\en\Microsoft.AppV.AppVClientWmi.resources.dll,File160
wbemcore.dll.mui,E:\Windows\System32\wbem\en-US\wbemcore.dll.mui,File027
vdswmi.dll.mui,E:\Windows\System32\wbem\en-US\vdswmi.dll.mui,File024
audit.exe.mui,E:\Windows\System32\oobe\en-US\audit.exe.mui,File160
quickassist.exe.mui,E:\Windows\System32\ro-RO\quickassist.exe.mui,File027
UserOOBE.dll.mui,E:\Windows\System32\oobe\en-US\UserOOBE.dll.mui,File024
SetupCleanupTask.dll.mui,E:\Windows\System32\oobe\en-US\SetupCleanupTask.dll.mui,File024
WinLGDep.dll.mui,E:\Windows\System32\oobe\en-US\WinLGDep.dll.mui,File027
quickassist.exe.mui,E:\Windows\System32\pt-PT\quickassist.exe.mui,File027
scrcons.exe.mui,E:\Windows\System32\wbem\en-US\scrcons.exe.mui,File005
quickassist.exe.mui,E:\Windows\System32\sr-Latn-RS\quickassist.exe.mui,File027
srloc.dll.mui,E:\Windows\System32\Speech\Engines\SR\en-US\srloc.dll.mui,File160
ipmiprr.dll,E:\Windows\System32\wbem\ipmiprr.dll,File027
BarcodeScannerProtocolProvider.dll.mui,E:\Windows\System32\PointOfService\ProtocolProviders\en-US\BarcodeScannerProtocolProvider.dll.mui,File024
PrinterProtocolProvider.dll.mui,E:\Windows\System32\PointOfService\ProtocolProviders\en-US\PrinterProtocolProvider.dll.mui,File005
quickassist.exe.mui,E:\Windows\System32\lv-LV\quickassist.exe.mui,File027
CashDrawerProtocolProvider.dll.mui,E:\Windows\System32\PointOfService\ProtocolProviders\en-US\CashDrawerProtocolProvider.dll.mui,File024
ntevt.dll.mui,E:\Windows\System32\wbem\en-US\ntevt.dll.mui,File005
quickassist.exe.mui,E:\Windows\System32\pl-PL\quickassist.exe.mui,File027
quickassist.exe.mui,E:\Windows\System32\pt-BR\quickassist.exe.mui,File027
quickassist.exe.mui,E:\Windows\System32\sk-SK\quickassist.exe.mui,File027
quickassist.exe.mui,E:\Windows\System32\sl-SI\quickassist.exe.mui,File027
quickassist.exe.mui,E:\Windows\System32\ru-RU\quickassist.exe.mui,File027
WWAHost.exe.mui,E:\Windows\System32\zh-TW\WWAHost.exe.mui,File042
Windows.Management.SecureAssessment.Diagnostics.dll.mui,E:\Windows\System32\zh-TW\Windows.Management.SecureAssessment.Diagnostics.dll.mui,File027
msprivs.dll.mui,E:\Windows\System32\zh-TW\msprivs.dll.mui,File027
GazeInputInternal.winmd,E:\Windows\SystemApps\Microsoft.ECApp_8wekyb3d8bbwe\GazeInputInternal.winmd,File042
WWAHost.exe.mui,E:\Windows\System32\zh-CN\WWAHost.exe.mui,File042
windows.ui.xaml.dll.mui,E:\Windows\System32\zh-CN\windows.ui.xaml.dll.mui,File071
Windows.Management.SecureAssessment.Diagnostics.dll.mui,E:\Windows\System32\zh-CN\Windows.Management.SecureAssessment.Diagnostics.dll.mui,File027
quickassist.exe.mui,E:\Windows\System32\zh-CN\quickassist.exe.mui,File024
msprivs.dll.mui,E:\Windows\System32\zh-CN\msprivs.dll.mui,File027
AAD.Core.winmd,E:\Windows\SystemApps\Microsoft.AAD.BrokerPlugin_cw5n1h2txyewy\AAD.Core.winmd,File024
windows.ui.xaml.dll.mui,E:\Windows\System32\zh-TW\windows.ui.xaml.dll.mui,File071
mlang.dll.mui,E:\Windows\System32\zh-CN\mlang.dll.mui,File071
Microsoft.AAD.BrokerPlugin.winmd,E:\Windows\SystemApps\Microsoft.AAD.BrokerPlugin_cw5n1h2txyewy\Microsoft.AAD.BrokerPlugin.winmd,File005
SecHealthUITelemetry.winmd,E:\Windows\SystemApps\Microsoft.Windows.SecHealthUI_cw5n1h2txyewy\SecHealthUITelemetry.winmd,File027
quickassist.exe.mui,E:\Windows\System32\zh-TW\quickassist.exe.mui,File024
MicrosoftAccount.TokenProvider.Core.winmd,E:\Windows\SystemApps\Microsoft.Windows.CloudExperienceHost_cw5n1h2txyewy\MicrosoftAccount.TokenProvider.Core.winmd,File001
Microsoft.CloudExperienceHost.winmd,E:\Windows\SystemApps\Microsoft.Windows.CloudExperienceHost_cw5n1h2txyewy\Microsoft.CloudExperienceHost.winmd,File027
authfwgp.dll.mui,E:\Windows\SysWOW64\en-US\authfwgp.dll.mui,File160
API-MS-Win-EventLog-Legacy-L1-1-0.dll,E:\Windows\SysWOW64\downlevel\API-MS-Win-EventLog-Legacy-L1-1-0.dll,File062
api-ms-win-service-core-l1-1-0.dll,E:\Windows\SysWOW64\downlevel\api-ms-win-service-core-l1-1-0.dll,File042
API-MS-Win-Security-Lsalookup-L2-1-0.dll,E:\Windows\SysWOW64\downlevel\API-MS-Win-Security-Lsalookup-L2-1-0.dll,File042
API-MS-Win-Eventing-Provider-L1-1-0.dll,E:\Windows\SysWOW64\downlevel\API-MS-Win-Eventing-Provider-L1-1-0.dll,File042
API-MS-Win-Eventing-Legacy-L1-1-0.dll,E:\Windows\SysWOW64\downlevel\API-MS-Win-Eventing-Legacy-L1-1-0.dll,File062
api-ms-win-eventing-consumer-l1-1-0.dll,E:\Windows\SysWOW64\downlevel\api-ms-win-eventing-consumer-l1-1-0.dll,File001
avifil32.dll.mui,E:\Windows\SysWOW64\en-US\avifil32.dll.mui,File160
api-ms-win-security-sddl-l1-1-0.dll,E:\Windows\SysWOW64\downlevel\api-ms-win-security-sddl-l1-1-0.dll,File042
API-MS-Win-Eventing-ClassicProvider-L1-1-0.dll,E:\Windows\SysWOW64\downlevel\API-MS-Win-Eventing-ClassicProvider-L1-1-0.dll,File042
Apphlpdm.dll.mui,E:\Windows\SysWOW64\en-US\Apphlpdm.dll.mui,File160
apphelp.dll.mui,E:\Windows\SysWOW64\en-US\apphelp.dll.mui,File027
API-MS-Win-Eventing-Controller-L1-1-0.dll,E:\Windows\SysWOW64\downlevel\API-MS-Win-Eventing-Controller-L1-1-0.dll,File042
api-ms-win-security-cryptoapi-l1-1-0.dll,E:\Windows\SysWOW64\downlevel\api-ms-win-security-cryptoapi-l1-1-0.dll,File101
api-ms-win-crt-utility-l1-1-0.dll,E:\Windows\SysWOW64\downlevel\api-ms-win-crt-utility-l1-1-0.dll,File071
adsnt.dll.mui,E:\Windows\SysWOW64\en-US\adsnt.dll.mui,File005
api-ms-win-service-management-l1-1-0.dll,E:\Windows\SysWOW64\downlevel\api-ms-win-service-management-l1-1-0.dll,File062
api-ms-win-crt-environment-l1-1-0.dll,E:\Windows\SysWOW64\downlevel\api-ms-win-crt-environment-l1-1-0.dll,File071
adsldpc.dll.mui,E:\Windows\SysWOW64\en-US\adsldpc.dll.mui,File024
api-ms-win-shcore-stream-l1-1-0.dll,E:\Windows\SysWOW64\downlevel\api-ms-win-shcore-stream-l1-1-0.dll,File071
autoplay.dll.mui,E:\Windows\SysWOW64\en-US\autoplay.dll.mui,File160
adsmsext.dll.mui,E:\Windows\SysWOW64\en-US\adsmsext.dll.mui,File005
quickassist.exe.mui,E:\Windows\SysWOW64\en-GB\quickassist.exe.mui,File027
api-ms-win-service-private-l1-1-0.dll,E:\Windows\SysWOW64\downlevel\api-ms-win-service-private-l1-1-0.dll,File071
API-MS-Win-security-provider-L1-1-0.dll,E:\Windows\SysWOW64\downlevel\API-MS-Win-security-provider-L1-1-0.dll,File042
api-ms-win-crt-locale-l1-1-0.dll,E:\Windows\SysWOW64\downlevel\api-ms-win-crt-locale-l1-1-0.dll,File071
api-ms-win-service-management-l2-1-0.dll,E:\Windows\SysWOW64\downlevel\api-ms-win-service-management-l2-1-0.dll,File062
quickassist.exe.mui,E:\Windows\SysWOW64\el-GR\quickassist.exe.mui,File027
API-MS-Win-Security-Lsalookup-L2-1-1.dll,E:\Windows\SysWOW64\downlevel\API-MS-Win-Security-Lsalookup-L2-1-1.dll,File001
wfplwfs.sys.mui,E:\Windows\SysWOW64\drivers\en-US\wfplwfs.sys.mui,File027
NdisImPlatform.sys.mui,E:\Windows\SysWOW64\drivers\en-US\NdisImPlatform.sys.mui,File071
d3d8thk.dll,E:\Windows\SysWOW64\d3d8thk.dll,File101
DevicePairingProxy.dll.mui,E:\Windows\WinSxS\amd64_devicepairingproxy.resources_31bf3856ad364e35_10.0.18362.1_en-us_5334af8f92d0a682\DevicePairingProxy.dll.mui,File005
quickassist.exe.mui,E:\Windows\SysWOW64\sr-Latn-RS\quickassist.exe.mui,File027
rdvvmtransport.dll,E:\Windows\SysWOW64\rdvvmtransport.dll,File213
quickassist.exe.mui,E:\Windows\SysWOW64\sv-SE\quickassist.exe.mui,File027
acpipagr.sys,E:\Windows\WinSxS\amd64_dual_acpipagr.inf_31bf3856ad364e35_10.0.18362.1_none_513dbbd3f121e345\acpipagr.sys,File101
quickassist.exe.mui,E:\Windows\SysWOW64\th-TH\quickassist.exe.mui,File027
quickassist.exe.mui,E:\Windows\SysWOW64\tr-TR\quickassist.exe.mui,File027
quickassist.exe.mui,E:\Windows\SysWOW64\uk-UA\quickassist.exe.mui,File027
RdpSaPs.dll,E:\Windows\SysWOW64\RdpSaPs.dll,File071
ipmiprr.dll,E:\Windows\SysWOW64\wbem\ipmiprr.dll,File027
MapControlStringsRes.dll,E:\Windows\SysWOW64\MapControlStringsRes.dll,File005
verclsid.exe,E:\Windows\SysWOW64\verclsid.exe,File071
quickassist.exe.mui,E:\Windows\SysWOW64\bg-BG\quickassist.exe.mui,File027
dllhost.exe,E:\Windows\SysWOW64\dllhost.exe,File173
MigRegDB.exe,E:\Windows\SysWOW64\Com\MigRegDB.exe,File042
IEChooser.exe.mui,E:\Windows\SysWOW64\F12\en-US\IEChooser.exe.mui,File027
quickassist.exe.mui,E:\Windows\SysWOW64\fi-FI\quickassist.exe.mui,File027
quickassist.exe.mui,E:\Windows\SysWOW64\fr-CA\quickassist.exe.mui,File027
quickassist.exe.mui,E:\Windows\SysWOW64\fr-FR\quickassist.exe.mui,File027
quickassist.exe.mui,E:\Windows\SysWOW64\he-IL\quickassist.exe.mui,File027
quickassist.exe.mui,E:\Windows\SysWOW64\hr-HR\quickassist.exe.mui,File027
quickassist.exe.mui,E:\Windows\SysWOW64\hu-HU\quickassist.exe.mui,File027
nddeapi.dll,E:\Windows\SysWOW64\nddeapi.dll,File001
ieunatt.exe.mui,E:\Windows\SysWOW64\en-US\ieunatt.exe.mui,File005
ieui.dll.mui,E:\Windows\SysWOW64\en-US\ieui.dll.mui,File027
MessagingDataModel2.dll.mui,E:\Windows\SysWOW64\en-US\MessagingDataModel2.dll.mui,File005
iyuv_32.dll.mui,E:\Windows\SysWOW64\en-US\iyuv_32.dll.mui,File027
MCCSEngineShared.dll.mui,E:\Windows\SysWOW64\en-US\MCCSEngineShared.dll.mui,File024
iertutil.dll.mui,E:\Windows\SysWOW64\en-US\iertutil.dll.mui,File024
miguiresource.dll.mui,E:\Windows\SysWOW64\en-US\miguiresource.dll.mui,File024
icsigd.dll.mui,E:\Windows\SysWOW64\en-US\icsigd.dll.mui,File160
iccvid.dll.mui,E:\Windows\SysWOW64\en-US\iccvid.dll.mui,File027
listsvc.dll.mui,E:\Windows\SysWOW64\en-US\listsvc.dll.mui,File160
imapi.dll.mui,E:\Windows\SysWOW64\en-US\imapi.dll.mui,File024
html.iec.mui,E:\Windows\SysWOW64\en-US\html.iec.mui,File001
hlink.dll.mui,E:\Windows\SysWOW64\en-US\hlink.dll.mui,File024
inseng.dll.mui,E:\Windows\SysWOW64\en-US\inseng.dll.mui,File027
Microsoft.Uev.AppAgent.dll.mui,E:\Windows\SysWOW64\en-US\Microsoft.Uev.AppAgent.dll.mui,File160
ir50_32original.dll.mui,E:\Windows\SysWOW64\en-US\ir50_32original.dll.mui,File071
ir32_32original.dll.mui,E:\Windows\SysWOW64\en-US\ir32_32original.dll.mui,File027
hh.exe.mui,E:\Windows\SysWOW64\en-US\hh.exe.mui,File005
gpapi.dll.mui,E:\Windows\SysWOW64\en-US\gpapi.dll.mui,File160
gptext.dll.mui,E:\Windows\SysWOW64\en-US\gptext.dll.mui,File024
LockAppBroker.dll.mui,E:\Windows\SysWOW64\en-US\LockAppBroker.dll.mui,File027
gpscript.dll.mui,E:\Windows\SysWOW64\en-US\gpscript.dll.mui,File024
licmgr10.dll.mui,E:\Windows\SysWOW64\en-US\licmgr10.dll.mui,File160
lfsvc.dll.mui,E:\Windows\SysWOW64\en-US\lfsvc.dll.mui,File024
hidphone.tsp.mui,E:\Windows\SysWOW64\en-US\hidphone.tsp.mui,File027
CHxReadingStringIME.dll,E:\Windows\SysWOW64\CHxReadingStringIME.dll,File001
quickassist.exe.mui,E:\Windows\SysWOW64\sk-SK\quickassist.exe.mui,File027
quickassist.exe.mui,E:\Windows\SysWOW64\sl-SI\quickassist.exe.mui,File027
Microsoft.BitLocker.Structures.dll,E:\Windows\SysWOW64\WindowsPowerShell\v1.0\Modules\BitLocker\Microsoft.BitLocker.Structures.dll,File071
WSClient.dll,E:\Windows\SysWOW64\WSClient.dll,File071
wscproxystub.dll,E:\Windows\SysWOW64\wscproxystub.dll,File101
WSManMigrationPlugin.dll,E:\Windows\SysWOW64\WSManMigrationPlugin.dll,File213
WpPortingLibrary.dll,E:\Windows\SysWOW64\WpPortingLibrary.dll,File071
api-ms-win-core-memory-l1-1-0.dll,E:\Windows\SysWOW64\downlevel\api-ms-win-core-memory-l1-1-0.dll,File071
quickassist.exe.mui,E:\Windows\SysWOW64\de-DE\quickassist.exe.mui,File160
wsmplpxy.dll,E:\Windows\SysWOW64\wsmplpxy.dll,File071
wmploc.DLL,E:\Windows\SysWOW64\wmploc.DLL,File005
api-ms-win-core-comm-l1-1-0.dll,E:\Windows\SysWOW64\downlevel\api-ms-win-core-comm-l1-1-0.dll,File071
GameBarPresenceWriter.proxy.dll,E:\Windows\SysWOW64\GameBarPresenceWriter.proxy.dll,File001
wship6.dll,E:\Windows\SysWOW64\wship6.dll,File042
ws2help.dll,E:\Windows\SysWOW64\ws2help.dll,File160
CortanaMapiHelper.ProxyStub.dll,E:\Windows\SysWOW64\CortanaMapiHelper.ProxyStub.dll,File071
sfc.dll,E:\Windows\SysWOW64\sfc.dll,File005
SensApi.dll,E:\Windows\SysWOW64\SensApi.dll,File042
SensorsCpl.dll,E:\Windows\SysWOW64\SensorsCpl.dll,File005
dsregtask.dll.mui,E:\Windows\SysWOW64\en-US\dsregtask.dll.mui,File024
dot3gpclnt.dll.mui,E:\Windows\SysWOW64\en-US\dot3gpclnt.dll.mui,File160
Fondue.exe.mui,E:\Windows\SysWOW64\en-US\Fondue.exe.mui,File027
FlightSettings.dll.mui,E:\Windows\SysWOW64\en-US\FlightSettings.dll.mui,File024
dot3msm.dll.mui,E:\Windows\SysWOW64\en-US\dot3msm.dll.mui,File024
dot3api.dll.mui,E:\Windows\SysWOW64\en-US\dot3api.dll.mui,File024
fixmapi.exe.mui,E:\Windows\SysWOW64\en-US\fixmapi.exe.mui,File005
Dsui.dll.mui,E:\Windows\SysWOW64\en-US\Dsui.dll.mui,File027
CloudNotifications.exe.mui,E:\Windows\SysWOW64\en-US\CloudNotifications.exe.mui,File024
DeviceSetupStatusProvider.dll.mui,E:\Windows\SysWOW64\en-US\DeviceSetupStatusProvider.dll.mui,File160
DevicePairingProxy.dll.mui,E:\Windows\SysWOW64\en-US\DevicePairingProxy.dll.mui,File005
cmlua.dll.mui,E:\Windows\SysWOW64\en-US\cmlua.dll.mui,File005
DeviceDisplayStatusManager.dll.mui,E:\Windows\SysWOW64\en-US\DeviceDisplayStatusManager.dll.mui,File005
dabapi.dll.mui,E:\Windows\SysWOW64\en-US\dabapi.dll.mui,File005
DevDispItemProvider.dll.mui,E:\Windows\SysWOW64\en-US\DevDispItemProvider.dll.mui,File024
DavSyncProvider.dll.mui,E:\Windows\SysWOW64\en-US\DavSyncProvider.dll.mui,File071
g711codc.ax.mui,E:\Windows\SysWOW64\en-US\g711codc.ax.mui,File024
csrss.exe.mui,E:\Windows\SysWOW64\en-US\csrss.exe.mui,File005
dot3dlg.dll.mui,E:\Windows\SysWOW64\en-US\dot3dlg.dll.mui,File005
cmstplua.dll.mui,E:\Windows\SysWOW64\en-US\cmstplua.dll.mui,File005
cmdl32.exe.mui,E:\Windows\SysWOW64\en-US\cmdl32.exe.mui,File024
cmcfg32.dll.mui,E:\Windows\SysWOW64\en-US\cmcfg32.dll.mui,File027
cic.dll.mui,E:\Windows\SysWOW64\en-US\cic.dll.mui,File005
quickassist.exe.mui,E:\Windows\SysWOW64\en-US\quickassist.exe.mui,File027
rasplap.dll.mui,E:\Windows\SysWOW64\en-US\rasplap.dll.mui,File160
rdvgogl32.dll.mui,E:\Windows\SysWOW64\en-US\rdvgogl32.dll.mui,File027
RemoveDeviceContextHandler.dll.mui,E:\Windows\SysWOW64\en-US\RemoveDeviceContextHandler.dll.mui,File027
RemoveDeviceElevated.dll.mui,E:\Windows\SysWOW64\en-US\RemoveDeviceElevated.dll.mui,File005
RMActivate.exe.mui,E:\Windows\SysWOW64\en-US\RMActivate.exe.mui,File005
RMActivate_isv.exe.mui,E:\Windows\SysWOW64\en-US\RMActivate_isv.exe.mui,File005
RMActivate_ssp.exe.mui,E:\Windows\SysWOW64\en-US\RMActivate_ssp.exe.mui,File005
RMActivate_ssp_isv.exe.mui,E:\Windows\SysWOW64\en-US\RMActivate_ssp_isv.exe.mui,File024
rpchttp.dll.mui,E:\Windows\SysWOW64\en-US\rpchttp.dll.mui,File027
RpcNs4.dll.mui,E:\Windows\SysWOW64\en-US\RpcNs4.dll.mui,File160
rtutils.dll.mui,E:\Windows\SysWOW64\en-US\rtutils.dll.mui,File024
scrnsave.scr.mui,E:\Windows\SysWOW64\en-US\scrnsave.scr.mui,File024
secinit.exe.mui,E:\Windows\SysWOW64\en-US\secinit.exe.mui,File005
serwvdrv.dll.mui,E:\Windows\SysWOW64\en-US\serwvdrv.dll.mui,File024
ShareHost.dll.mui,E:\Windows\SysWOW64\en-US\ShareHost.dll.mui,File027
ipmiprr.dll.mui,E:\Windows\SysWOW64\wbem\en-US\ipmiprr.dll.mui,File160
sppcomapi.dll.mui,E:\Windows\SysWOW64\en-US\sppcomapi.dll.mui,File160
Startupscan.dll.mui,E:\Windows\SysWOW64\en-US\Startupscan.dll.mui,File024
StorageContextHandler.dll.mui,E:\Windows\SysWOW64\en-US\StorageContextHandler.dll.mui,File024
MMFUtil.dll.mui,E:\Windows\SysWOW64\wbem\en-US\MMFUtil.dll.mui,File160
svchost.exe.mui,E:\Windows\SysWOW64\en-US\svchost.exe.mui,File005
tapi3.dll.mui,E:\Windows\SysWOW64\en-US\tapi3.dll.mui,File071
tapi32.dll.mui,E:\Windows\SysWOW64\en-US\tapi32.dll.mui,File005
telephon.cpl.mui,E:\Windows\SysWOW64\en-US\telephon.cpl.mui,File005
termmgr.dll.mui,E:\Windows\SysWOW64\en-US\termmgr.dll.mui,File160
themeui.dll.mui,E:\Windows\SysWOW64\en-US\themeui.dll.mui,File001
tsgqec.dll.mui,E:\Windows\SysWOW64\en-US\tsgqec.dll.mui,File024
TtlsAuth.dll.mui,E:\Windows\SysWOW64\en-US\TtlsAuth.dll.mui,File160
msxml6r.dll,E:\Windows\SysWOW64\msxml6r.dll,File005
msxml3r.dll,E:\Windows\SysWOW64\msxml3r.dll,File005
api-ms-win-core-libraryloader-l1-1-1.dll,E:\Windows\SysWOW64\downlevel\api-ms-win-core-libraryloader-l1-1-1.dll,File042
MigRegDB.exe.mui,E:\Windows\SysWOW64\Com\en-US\MigRegDB.exe.mui,File005
netmsg.dll,E:\Windows\SysWOW64\netmsg.dll,File005
neth.dll,E:\Windows\SysWOW64\neth.dll,File005
comrepl.exe.mui,E:\Windows\SysWOW64\Com\en-US\comrepl.exe.mui,File005
asferror.dll,E:\Windows\SysWOW64\asferror.dll,File005
api-ms-win-core-console-l1-1-0.dll,E:\Windows\SysWOW64\downlevel\api-ms-win-core-console-l1-1-0.dll,File071
api-ms-win-core-interlocked-l1-1-0.dll,E:\Windows\SysWOW64\downlevel\api-ms-win-core-interlocked-l1-1-0.dll,File071
WSHTCPIP.DLL,E:\Windows\SysWOW64\WSHTCPIP.DLL,File001
frprov.dll,E:\Windows\SysWOW64\frprov.dll,File213
api-ms-win-core-datetime-l1-1-1.dll,E:\Windows\SysWOW64\downlevel\api-ms-win-core-datetime-l1-1-1.dll,File001
api-ms-win-core-datetime-l1-1-0.dll,E:\Windows\SysWOW64\downlevel\api-ms-win-core-datetime-l1-1-0.dll,File042
F12Platform.dll.mui,E:\Windows\SysWOW64\F12\en-US\F12Platform.dll.mui,File005
api-ms-win-service-core-l1-1-1.dll,E:\Windows\SysWOW64\downlevel\api-ms-win-service-core-l1-1-1.dll,File042
moricons.dll,E:\Windows\SysWOW64\moricons.dll,File005
enterpriseresourcemanager.dll,E:\Windows\SysWOW64\enterpriseresourcemanager.dll,File213
mmres.dll,E:\Windows\SysWOW64\mmres.dll,File027
dxdiag.exe,E:\Windows\SysWOW64\dxdiag.exe,File148
api-ms-win-core-errorhandling-l1-1-0.dll,E:\Windows\SysWOW64\downlevel\api-ms-win-core-errorhandling-l1-1-0.dll,File042
WalletBackgroundServiceProxy.dll,E:\Windows\SysWOW64\WalletBackgroundServiceProxy.dll,File001
browseui.dll,E:\Windows\SysWOW64\browseui.dll,File071
mprext.dll,E:\Windows\SysWOW64\mprext.dll,File101
api-ms-win-core-string-l1-1-0.dll,E:\Windows\SysWOW64\downlevel\api-ms-win-core-string-l1-1-0.dll,File042
api-ms-win-core-localization-l1-2-1.dll,E:\Windows\SysWOW64\downlevel\api-ms-win-core-localization-l1-2-1.dll,File001
API-MS-Win-core-file-l2-1-1.dll,E:\Windows\SysWOW64\downlevel\API-MS-Win-core-file-l2-1-1.dll,File001
wbemcntl.dll,E:\Windows\SysWOW64\wbem\wbemcntl.dll,File155
PhoneutilRes.dll,E:\Windows\SysWOW64\PhoneutilRes.dll,File005
winrssrv.dll,E:\Windows\SysWOW64\winrssrv.dll,File001
wmerror.dll,E:\Windows\SysWOW64\wmerror.dll,File005
wmcodecdspps.dll,E:\Windows\SysWOW64\wmcodecdspps.dll,File001
wlanutil.dll,E:\Windows\SysWOW64\wlanutil.dll,File024
TapiUnattend.exe,E:\Windows\SysWOW64\TapiUnattend.exe,File101
srmtrace.dll,E:\Windows\SysWOW64\srmtrace.dll,File213
tapiui.dll,E:\Windows\SysWOW64\tapiui.dll,File005
SyncHostps.dll,E:\Windows\SysWOW64\SyncHostps.dll,File001
quickassist.exe.mui,E:\Windows\SysWOW64\ar-SA\quickassist.exe.mui,File027
iologmsg.dll,E:\Windows\SysWOW64\iologmsg.dll,File005
DMAppsRes.dll,E:\Windows\SysWOW64\DMAppsRes.dll,File005
dmcommandlineutils.dll,E:\Windows\SysWOW64\dmcommandlineutils.dll,File071
SyncRes.dll,E:\Windows\SysWOW64\SyncRes.dll,File005
api-ms-win-crt-private-l1-1-0.dll,E:\Windows\SysWOW64\downlevel\api-ms-win-crt-private-l1-1-0.dll,File213
ShMig.dll.mui,E:\Windows\SysWOW64\migration\en-US\ShMig.dll.mui,File160
quickassist.exe.mui,E:\Windows\SysWOW64\nb-NO\quickassist.exe.mui,File027
api-ms-win-core-util-l1-1-0.dll,E:\Windows\SysWOW64\downlevel\api-ms-win-core-util-l1-1-0.dll,File042
quickassist.exe.mui,E:\Windows\SysWOW64\nl-NL\quickassist.exe.mui,File027
SetupCleanupTask.dll.mui,E:\Windows\SysWOW64\oobe\en-US\SetupCleanupTask.dll.mui,File024
api-ms-win-core-privateprofile-l1-1-0.dll,E:\Windows\SysWOW64\downlevel\api-ms-win-core-privateprofile-l1-1-0.dll,File071
quickassist.exe.mui,E:\Windows\SysWOW64\pl-PL\quickassist.exe.mui,File027
api-ms-win-base-util-l1-1-0.dll,E:\Windows\SysWOW64\downlevel\api-ms-win-base-util-l1-1-0.dll,File001
softpub.dll,E:\Windows\SysWOW64\softpub.dll,File001
quickassist.exe.mui,E:\Windows\SysWOW64\pt-BR\quickassist.exe.mui,File027
API-MS-Win-core-xstate-l2-1-0.dll,E:\Windows\SysWOW64\downlevel\API-MS-Win-core-xstate-l2-1-0.dll,File062
HOSTNAME.EXE,E:\Windows\SysWOW64\HOSTNAME.EXE,File071
quickassist.exe.mui,E:\Windows\SysWOW64\pt-PT\quickassist.exe.mui,File027
F12Platform2.dll.mui,E:\Windows\SysWOW64\F12\en-US\F12Platform2.dll.mui,File005
Microsoft.AppV.AppVClientWmi.resources.dll,E:\Windows\SysWOW64\wbem\en\Microsoft.AppV.AppVClientWmi.resources.dll,File160
quickassist.exe.mui,E:\Windows\SysWOW64\ro-RO\quickassist.exe.mui,File027
api-ms-win-core-rtlsupport-l1-1-0.dll,E:\Windows\SysWOW64\downlevel\api-ms-win-core-rtlsupport-l1-1-0.dll,File042
quickassist.exe.mui,E:\Windows\SysWOW64\ru-RU\quickassist.exe.mui,File027
cdrom.sys.mui,E:\Windows\WinSxS\amd64_cdrom.inf.resources_31bf3856ad364e35_10.0.18362.1_en-us_0b183d7dd4c9314a\cdrom.sys.mui,File024
BTHUSB.SYS.mui,E:\Windows\WinSxS\amd64_bth.inf.resources_31bf3856ad364e35_10.0.18362.295_en-us_ae2da11c0b7932c0\BTHUSB.SYS.mui,File027
bthenum.sys.mui,E:\Windows\WinSxS\amd64_bth.inf.resources_31bf3856ad364e35_10.0.18362.295_en-us_ae2da11c0b7932c0\bthenum.sys.mui,File005
CAD.sys.mui,E:\Windows\WinSxS\amd64_chargearbitration.inf.resources_31bf3856ad364e35_10.0.18362.1_en-us_6fce1d9c7e6c7236\CAD.sys.mui,File005
AppInstallerPrompt.Desktop.dll.mui,E:\Windows\WinSxS\amd64_appinstallerprompt-desktop.resources_31bf3856ad364e35_10.0.18362.1_en-us_c14149790207eccc\AppInstallerPrompt.Desktop.dll.mui,File005
bthudtask.exe.mui,E:\Windows\WinSxS\amd64_bth-user.resources_31bf3856ad364e35_10.0.18362.1_en-us_3917e6cdf625ff60\bthudtask.exe.mui,File024
quickassist.exe.mui,E:\Windows\SysWOW64\zh-CN\quickassist.exe.mui,File024
windows.ui.xaml.dll.mui,E:\Windows\SysWOW64\zh-CN\windows.ui.xaml.dll.mui,File071
quickassist.exe.mui,E:\Windows\SysWOW64\zh-TW\quickassist.exe.mui,File024
iprop.dll,E:\Windows\SysWOW64\iprop.dll,File005
imageres.dll,E:\Windows\SysWOW64\imageres.dll,File005
srloc.dll.mui,E:\Windows\SysWOW64\Speech\Engines\SR\en-US\srloc.dll.mui,File160
windows.ui.xaml.dll.mui,E:\Windows\SysWOW64\zh-TW\windows.ui.xaml.dll.mui,File071
InfDefaultInstall.exe,E:\Windows\SysWOW64\InfDefaultInstall.exe,File071
acpi.sys.mui,E:\Windows\WinSxS\amd64_acpi.inf.resources_31bf3856ad364e35_10.0.18362.1_en-us_86104ec5461d73ae\acpi.sys.mui,File001
c2wtsres.dll.mui,E:\Windows\WinSxS\amd64_c2wtsres.resources_31bf3856ad364e35_10.0.18362.1_en-us_ae5a80c5676358b3\c2wtsres.dll.mui,File024
lpk.dll,E:\Windows\SysWOW64\lpk.dll,File005
lz32.dll,E:\Windows\SysWOW64\lz32.dll,File005
api-ms-win-core-wow64-l1-1-0.dll,E:\Windows\SysWOW64\downlevel\api-ms-win-core-wow64-l1-1-0.dll,File062
api-ms-win-core-kernel32-legacy-l1-1-1.dll,E:\Windows\SysWOW64\downlevel\api-ms-win-core-kernel32-legacy-l1-1-1.dll,File071
GenericProvider.dll.mui,E:\Windows\SysWOW64\Dism\en-US\GenericProvider.dll.mui,File024
api-ms-win-core-xstate-l1-1-0.dll,E:\Windows\SysWOW64\downlevel\api-ms-win-core-xstate-l1-1-0.dll,File062
api-ms-win-core-file-l1-2-0.dll,E:\Windows\SysWOW64\downlevel\api-ms-win-core-file-l1-2-0.dll,File042
api-ms-win-core-fibers-l1-1-1.dll,E:\Windows\SysWOW64\downlevel\api-ms-win-core-fibers-l1-1-1.dll,File001
api-ms-win-core-threadpool-private-l1-1-0.dll,E:\Windows\SysWOW64\downlevel\api-ms-win-core-threadpool-private-l1-1-0.dll,File001
api-ms-win-core-timezone-l1-1-0.dll,E:\Windows\SysWOW64\downlevel\api-ms-win-core-timezone-l1-1-0.dll,File071
IBSProvider.dll.mui,E:\Windows\SysWOW64\Dism\en-US\IBSProvider.dll.mui,File005
api-ms-win-core-fibers-l1-1-0.dll,E:\Windows\SysWOW64\downlevel\api-ms-win-core-fibers-l1-1-0.dll,File042
api-ms-win-core-threadpool-legacy-l1-1-0.dll,E:\Windows\SysWOW64\downlevel\api-ms-win-core-threadpool-legacy-l1-1-0.dll,File042
FamilySafetyExt.dll,E:\Windows\SysWOW64\FamilySafetyExt.dll,File071
api-ms-win-core-errorhandling-l1-1-1.dll,E:\Windows\SysWOW64\downlevel\api-ms-win-core-errorhandling-l1-1-1.dll,File042
api-ms-win-core-sysinfo-l1-2-0.dll,E:\Windows\SysWOW64\downlevel\api-ms-win-core-sysinfo-l1-2-0.dll,File062
api-ms-win-core-version-l1-1-0.dll,E:\Windows\SysWOW64\downlevel\api-ms-win-core-version-l1-1-0.dll,File042
api-ms-win-core-io-l1-1-1.dll,E:\Windows\SysWOW64\downlevel\api-ms-win-core-io-l1-1-1.dll,File042
api-ms-win-core-sysinfo-l1-2-1.dll,E:\Windows\SysWOW64\downlevel\api-ms-win-core-sysinfo-l1-2-1.dll,File042
FolderProvider.dll.mui,E:\Windows\SysWOW64\Dism\en-US\FolderProvider.dll.mui,File005
api-ms-win-core-synch-l1-2-0.dll,E:\Windows\SysWOW64\downlevel\api-ms-win-core-synch-l1-2-0.dll,File071
api-ms-win-core-url-l1-1-0.dll,E:\Windows\SysWOW64\downlevel\api-ms-win-core-url-l1-1-0.dll,File101
api-ms-win-core-debug-l1-1-1.dll,E:\Windows\SysWOW64\downlevel\api-ms-win-core-debug-l1-1-1.dll,File042
api-ms-win-core-delayload-l1-1-0.dll,E:\Windows\SysWOW64\downlevel\api-ms-win-core-delayload-l1-1-0.dll,File001
api-ms-win-core-stringloader-l1-1-1.dll,E:\Windows\SysWOW64\downlevel\api-ms-win-core-stringloader-l1-1-1.dll,File001
api-ms-win-core-debug-l1-1-0.dll,E:\Windows\SysWOW64\downlevel\api-ms-win-core-debug-l1-1-0.dll,File042
api-ms-win-core-registry-l1-1-0.dll,E:\Windows\SysWOW64\downlevel\api-ms-win-core-registry-l1-1-0.dll,File101
API-MS-Win-core-string-obsolete-l1-1-0.dll,E:\Windows\SysWOW64\downlevel\API-MS-Win-core-string-obsolete-l1-1-0.dll,File062
XAudio2_8.dll,E:\Windows\SysWOW64\XAudio2_8.dll,File024
api-ms-win-core-shutdown-l1-1-0.dll,E:\Windows\SysWOW64\downlevel\api-ms-win-core-shutdown-l1-1-0.dll,File001
DismProv.dll.mui,E:\Windows\SysWOW64\Dism\en-US\DismProv.dll.mui,File005
api-ms-win-core-io-l1-1-0.dll,E:\Windows\SysWOW64\downlevel\api-ms-win-core-io-l1-1-0.dll,File042
API-MS-Win-core-string-l2-1-0.dll,E:\Windows\SysWOW64\downlevel\API-MS-Win-core-string-l2-1-0.dll,File042
api-ms-win-core-stringansi-l1-1-0.dll,E:\Windows\SysWOW64\downlevel\api-ms-win-core-stringansi-l1-1-0.dll,File062
api-ms-win-core-registry-l2-1-0.dll,E:\Windows\SysWOW64\downlevel\api-ms-win-core-registry-l2-1-0.dll,File101
api-ms-win-core-realtime-l1-1-0.dll,E:\Windows\SysWOW64\downlevel\api-ms-win-core-realtime-l1-1-0.dll,File042
API-MS-Win-Core-Heap-Obsolete-L1-1-0.dll,E:\Windows\SysWOW64\downlevel\API-MS-Win-Core-Heap-Obsolete-L1-1-0.dll,File062
SysprepProvider.dll.mui,E:\Windows\SysWOW64\Dism\en-US\SysprepProvider.dll.mui,File024
api-ms-win-core-processtopology-obsolete-l1-1-0.dll,E:\Windows\SysWOW64\downlevel\api-ms-win-core-processtopology-obsolete-l1-1-0.dll,File062
api-ms-win-core-processthreads-l1-1-2.dll,E:\Windows\SysWOW64\downlevel\api-ms-win-core-processthreads-l1-1-2.dll,File062
api-ms-win-core-profile-l1-1-0.dll,E:\Windows\SysWOW64\downlevel\api-ms-win-core-profile-l1-1-0.dll,File001
ETWCoreUIComponentsResources.dll,E:\Windows\SysWOW64\ETWCoreUIComponentsResources.dll,File005
SmiProvider.dll.mui,E:\Windows\SysWOW64\Dism\en-US\SmiProvider.dll.mui,File005
api-ms-win-core-processenvironment-l1-2-0.dll,E:\Windows\SysWOW64\downlevel\api-ms-win-core-processenvironment-l1-2-0.dll,File042
api-ms-win-core-heap-l1-1-0.dll,E:\Windows\SysWOW64\downlevel\api-ms-win-core-heap-l1-1-0.dll,File071
API-MS-Win-Core-Kernel32-Private-L1-1-0.dll,E:\Windows\SysWOW64\downlevel\API-MS-Win-Core-Kernel32-Private-L1-1-0.dll,File071
OSProvider.dll.mui,E:\Windows\SysWOW64\Dism\en-US\OSProvider.dll.mui,File024
api-ms-win-core-processthreads-l1-1-1.dll,E:\Windows\SysWOW64\downlevel\api-ms-win-core-processthreads-l1-1-1.dll,File071
api-ms-win-core-memory-l1-1-1.dll,E:\Windows\SysWOW64\downlevel\api-ms-win-core-memory-l1-1-1.dll,File071
API-MS-Win-core-localization-obsolete-l1-2-0.dll,E:\Windows\SysWOW64\downlevel\API-MS-Win-core-localization-obsolete-l1-2-0.dll,File062
api-ms-win-core-privateprofile-l1-1-1.dll,E:\Windows\SysWOW64\downlevel\api-ms-win-core-privateprofile-l1-1-1.dll,File042
api-ms-win-core-handle-l1-1-0.dll,E:\Windows\SysWOW64\downlevel\api-ms-win-core-handle-l1-1-0.dll,File042
fdBthProxy.dll,E:\Windows\SysWOW64\fdBthProxy.dll,File001
API-MS-Win-core-file-l2-1-0.dll,E:\Windows\SysWOW64\downlevel\API-MS-Win-core-file-l2-1-0.dll,File042
OfflineSetupProvider.dll.mui,E:\Windows\SysWOW64\Dism\en-US\OfflineSetupProvider.dll.mui,File005
API-MS-Win-Core-Kernel32-Private-L1-1-1.dll,E:\Windows\SysWOW64\downlevel\API-MS-Win-Core-Kernel32-Private-L1-1-1.dll,File001
api-ms-win-core-namedpipe-l1-1-0.dll,E:\Windows\SysWOW64\downlevel\api-ms-win-core-namedpipe-l1-1-0.dll,File042
api-ms-win-core-memory-l1-1-2.dll,E:\Windows\SysWOW64\downlevel\api-ms-win-core-memory-l1-1-2.dll,File071
api-ms-win-core-file-l1-2-1.dll,E:\Windows\SysWOW64\downlevel\api-ms-win-core-file-l1-2-1.dll,File042
rasadhlp.dll,E:\Windows\SysWOW64\rasadhlp.dll,File101
RemoveDeviceElevated.dll,E:\Windows\SysWOW64\RemoveDeviceElevated.dll,File001
sberes.dll,E:\Windows\SysWOW64\sberes.dll,File213
advapi32res.dll,E:\Windows\SysWOW64\advapi32res.dll,File005
ComputerDefaults.exe,E:\Windows\SysWOW64\ComputerDefaults.exe,File213
dllhst3g.exe,E:\Windows\SysWOW64\dllhst3g.exe,File001
comres.dll,E:\Windows\SysWOW64\comres.dll,File005
cfmifsproxy.dll,E:\Windows\SysWOW64\cfmifsproxy.dll,File042
chcp.com,E:\Windows\SysWOW64\chcp.com,File101
qedwipes.dll,E:\Windows\SysWOW64\qedwipes.dll,File005
TpmCertResources.dll,E:\Windows\SysWOW64\TpmCertResources.dll,File027
TCPSVCS.EXE,E:\Windows\SysWOW64\TCPSVCS.EXE,File001
dmiso8601utils.dll,E:\Windows\SysWOW64\dmiso8601utils.dll,File071
uicom.dll.mui,E:\Windows\SysWOW64\en-US\uicom.dll.mui,File005
UserDeviceRegistration.dll.mui,E:\Windows\SysWOW64\en-US\UserDeviceRegistration.dll.mui,File024
UserDeviceRegistration.Ngc.dll.mui,E:\Windows\SysWOW64\en-US\UserDeviceRegistration.Ngc.dll.mui,File024
UIManagerBrokerps.dll,E:\Windows\SysWOW64\UIManagerBrokerps.dll,File001
wavemsp.dll.mui,E:\Windows\SysWOW64\en-US\wavemsp.dll.mui,File005
wiadss.dll.mui,E:\Windows\SysWOW64\en-US\wiadss.dll.mui,File024
Windows.ApplicationModel.Store.TestingFramework.dll.mui,E:\Windows\SysWOW64\en-US\Windows.ApplicationModel.Store.TestingFramework.dll.mui,File024
Windows.Gaming.Input.dll.mui,E:\Windows\SysWOW64\en-US\Windows.Gaming.Input.dll.mui,File024
Windows.Networking.Sockets.PushEnabledApplication.dll.mui,E:\Windows\SysWOW64\en-US\Windows.Networking.Sockets.PushEnabledApplication.dll.mui,File160
Windows.System.Profile.HardwareId.dll.mui,E:\Windows\SysWOW64\en-US\Windows.System.Profile.HardwareId.dll.mui,File024
Windows.UI.Input.Inking.dll.mui,E:\Windows\SysWOW64\en-US\Windows.UI.Input.Inking.dll.mui,File024
tzres.dll,E:\Windows\SysWOW64\tzres.dll,File005
winver.exe.mui,E:\Windows\SysWOW64\en-US\winver.exe.mui,File005
Wisp.dll.mui,E:\Windows\SysWOW64\en-US\Wisp.dll.mui,File024
wlandlg.dll.mui,E:\Windows\SysWOW64\en-US\wlandlg.dll.mui,File160
powershell.exe.mui,E:\Windows\SysWOW64\WindowsPowerShell\v1.0\en-US\powershell.exe.mui,File071
wlanext.exe.mui,E:\Windows\SysWOW64\en-US\wlanext.exe.mui,File005
wlanutil.dll.mui,E:\Windows\SysWOW64\en-US\wlanutil.dll.mui,File005
txfw32.dll,E:\Windows\SysWOW64\txfw32.dll,File071
wlgpclnt.dll.mui,E:\Windows\SysWOW64\en-US\wlgpclnt.dll.mui,File160
wmiprop.dll.mui,E:\Windows\SysWOW64\en-US\wmiprop.dll.mui,File027
WWAApi.dll.mui,E:\Windows\SysWOW64\en-US\WWAApi.dll.mui,File027
XInput1_4.dll.mui,E:\Windows\SysWOW64\en-US\XInput1_4.dll.mui,File005
XInput9_1_0.dll.mui,E:\Windows\SysWOW64\en-US\XInput9_1_0.dll.mui,File005
xwtpdui.dll.mui,E:\Windows\SysWOW64\en-US\xwtpdui.dll.mui,File027
xwtpw32.dll.mui,E:\Windows\SysWOW64\en-US\xwtpw32.dll.mui,File024
dciman32.dll,E:\Windows\SysWOW64\dciman32.dll,File071
quickassist.exe.mui,E:\Windows\SysWOW64\es-ES\quickassist.exe.mui,File027
quickassist.exe.mui,E:\Windows\SysWOW64\es-MX\quickassist.exe.mui,File027
quickassist.exe.mui,E:\Windows\SysWOW64\cs-CZ\quickassist.exe.mui,File027
quickassist.exe.mui,E:\Windows\SysWOW64\et-EE\quickassist.exe.mui,File027
APHostRes.dll.mui,E:\Windows\SysWOW64\ko-KR\APHostRes.dll.mui,File001
icmp.dll,E:\Windows\SysWOW64\icmp.dll,File005
padrs404.dll,E:\Windows\SysWOW64\IME\SHARED\res\padrs404.dll,File101
padrs804.dll,E:\Windows\SysWOW64\IME\SHARED\res\padrs804.dll,File101
imagesp1.dll,E:\Windows\SysWOW64\imagesp1.dll,File005
UXInit.dll,E:\Windows\SysWOW64\UXInit.dll,File213
AccountsRT.dll.mui,E:\Windows\SysWOW64\en-US\AccountsRT.dll.mui,File024
dmdskres2.dll,E:\Windows\SysWOW64\dmdskres2.dll,File005
AccountAccessor.dll.mui,E:\Windows\SysWOW64\en-US\AccountAccessor.dll.mui,File027
quickassist.exe.mui,E:\Windows\SysWOW64\it-IT\quickassist.exe.mui,File027
APHostRes.dll.mui,E:\Windows\SysWOW64\ja-JP\APHostRes.dll.mui,File071
quickassist.exe.mui,E:\Windows\SysWOW64\ja-JP\quickassist.exe.mui,File024
quickassist.exe.mui,E:\Windows\SysWOW64\ko-KR\quickassist.exe.mui,File024
dmdskres.dll,E:\Windows\SysWOW64\dmdskres.dll,File005
windows.ui.xaml.dll.mui,E:\Windows\SysWOW64\ko-KR\windows.ui.xaml.dll.mui,File101
SxsMigPlugin.dll.mui,E:\Windows\SysWOW64\migration\en-US\SxsMigPlugin.dll.mui,File005
quickassist.exe.mui,E:\Windows\SysWOW64\lt-LT\quickassist.exe.mui,File027
quickassist.exe.mui,E:\Windows\SysWOW64\lv-LV\quickassist.exe.mui,File027
IconCodecService.dll,E:\Windows\SysWOW64\IconCodecService.dll,File071
msorc32r.dll,E:\Windows\SysWOW64\msorc32r.dll,File005
mscpx32r.dLL,E:\Windows\SysWOW64\mscpx32r.dLL,File005
mscat32.dll,E:\Windows\SysWOW64\mscat32.dll,File071
vdswmi.dll.mui,E:\Windows\SysWOW64\wbem\en-US\vdswmi.dll.mui,File024
wbemcore.dll.mui,E:\Windows\SysWOW64\wbem\en-US\wbemcore.dll.mui,File027
WmiApRpl.dll.mui,E:\Windows\SysWOW64\wbem\en-US\WmiApRpl.dll.mui,File024
mscoree.dll,E:\Windows\SysWOW64\mscoree.dll,File148
quickassist.exe.mui,E:\Windows\SysWOW64\da-DK\quickassist.exe.mui,File027
pwrshmsg.dll,E:\Windows\SysWOW64\WindowsPowerShell\v1.0\pwrshmsg.dll,File005
msafd.dll,E:\Windows\SysWOW64\msafd.dll,File005
olecli32.dll.mui,E:\Windows\SysWOW64\en-US\olecli32.dll.mui,File027
pnrpnsp.dll.mui,E:\Windows\SysWOW64\en-US\pnrpnsp.dll.mui,File005
PlayToStatusProvider.dll.mui,E:\Windows\SysWOW64\en-US\PlayToStatusProvider.dll.mui,File005
portabledevicestatus.dll.mui,E:\Windows\SysWOW64\en-US\portabledevicestatus.dll.mui,File027
pots.dll.mui,E:\Windows\SysWOW64\en-US\pots.dll.mui,File027
poqexec.exe.mui,E:\Windows\SysWOW64\en-US\poqexec.exe.mui,File024
PhoneUtilRes.dll.mui,E:\Windows\SysWOW64\en-US\PhoneUtilRes.dll.mui,File160
ntlanman.dll.mui,E:\Windows\SysWOW64\en-US\ntlanman.dll.mui,File027
osbaseln.dll.mui,E:\Windows\SysWOW64\en-US\osbaseln.dll.mui,File024
Ninput.dll.mui,E:\Windows\SysWOW64\en-US\Ninput.dll.mui,File024
NetworkItemFactory.dll.mui,E:\Windows\SysWOW64\en-US\NetworkItemFactory.dll.mui,File005
mmcshext.dll.mui,E:\Windows\SysWOW64\en-US\mmcshext.dll.mui,File005
mscpxl32.dll.mui,E:\Windows\SysWOW64\en-US\mscpxl32.dll.mui,File160
ncpa.cpl.mui,E:\Windows\SysWOW64\en-US\ncpa.cpl.mui,File005
msfeedsbs.dll.mui,E:\Windows\SysWOW64\en-US\msfeedsbs.dll.mui,File005
MsCtfMonitor.dll.mui,E:\Windows\SysWOW64\en-US\MsCtfMonitor.dll.mui,File024
mswstr10.dll.mui,E:\Windows\SysWOW64\en-US\mswstr10.dll.mui,File024
msvidc32.dll.mui,E:\Windows\SysWOW64\en-US\msvidc32.dll.mui,File027
msftedit.dll.mui,E:\Windows\SysWOW64\en-US\msftedit.dll.mui,File024
msoert2.dll.mui,E:\Windows\SysWOW64\en-US\msoert2.dll.mui,File027
mshta.exe.mui,E:\Windows\SysWOW64\en-US\mshta.exe.mui,File005
licensingdiag.exe.mui,E:\Windows\WinSxS\amd64_microsoft-client-li..rm-client.resources_31bf3856ad364e35_10.0.18362.1_en-us_1b703c0c8c99a1d9\licensingdiag.exe.mui,File160
Microsoft.CloudExperienceHost.winmd,E:\Windows\WinSxS\amd64_microsoft-windows-c..riencehost.appxmain_31bf3856ad364e35_10.0.18362.329_none_58aa1adfdf25ee6e\Microsoft.CloudExperienceHost.winmd,File027
MicrosoftAccount.TokenProvider.Core.winmd,E:\Windows\WinSxS\amd64_microsoft-windows-c..riencehost.appxmain_31bf3856ad364e35_10.0.18362.329_none_58aa1adfdf25ee6e\MicrosoftAccount.TokenProvider.Core.winmd,File001
atl.dll.mui,E:\Windows\WinSxS\amd64_microsoft-windows-atl.resources_31bf3856ad364e35_10.0.18362.1_en-us_7158076280446d44\atl.dll.mui,File005
dsound.dll.mui,E:\Windows\WinSxS\amd64_microsoft-windows-audio-dsound.resources_31bf3856ad364e35_10.0.18362.1_en-us_2e57dc47da878efb\dsound.dll.mui,File024
autoplay.dll.mui,E:\Windows\WinSxS\amd64_microsoft-windows-autoplay.resources_31bf3856ad364e35_10.0.18362.1_en-us_68f6f766a9b314b8\autoplay.dll.mui,File160
azroles.dll.mui,E:\Windows\WinSxS\amd64_microsoft-windows-azman.resources_31bf3856ad364e35_10.0.18362.1_en-us_e412fa24e79d6078\azroles.dll.mui,File027
mciwave.dll.mui,E:\Windows\WinSxS\amd64_microsoft-windows-audio-mci.resources_31bf3856ad364e35_10.0.18362.1_en-us_90f37dcf6c2dea3d\mciwave.dll.mui,File027
AuthExt.dll.mui,E:\Windows\WinSxS\amd64_microsoft-windows-authext.resources_31bf3856ad364e35_10.0.18362.1_en-us_7852871ee7475b50\AuthExt.dll.mui,File024
mciseq.dll.mui,E:\Windows\WinSxS\amd64_microsoft-windows-audio-mci.resources_31bf3856ad364e35_10.0.18362.1_en-us_90f37dcf6c2dea3d\mciseq.dll.mui,File005
dmusic.dll.mui,E:\Windows\WinSxS\amd64_microsoft-windows-audio-dmusic.resources_31bf3856ad364e35_10.0.18362.1_en-us_a880f70ea6ca5ce1\dmusic.dll.mui,File005
mcicda.dll.mui,E:\Windows\WinSxS\amd64_microsoft-windows-audio-mci.resources_31bf3856ad364e35_10.0.18362.1_en-us_90f37dcf6c2dea3d\mcicda.dll.mui,File024
miniqic.sys,E:\Windows\WinSxS\amd64_dual_tape.inf_31bf3856ad364e35_10.0.18362.1_none_4e3ae19a5add327a\miniqic.sys,File101
hpt4qic.sys,E:\Windows\WinSxS\amd64_dual_tape.inf_31bf3856ad364e35_10.0.18362.1_none_4e3ae19a5add327a\hpt4qic.sys,File042
ltotape.sys,E:\Windows\WinSxS\amd64_dual_tape.inf_31bf3856ad364e35_10.0.18362.1_none_4e3ae19a5add327a\ltotape.sys,File101
sbresources.dll.mui,E:\Windows\WinSxS\amd64_hyperv-sbresources.resources_31bf3856ad364e35_10.0.18362.1_en-us_c2080485912ffdd3\sbresources.dll.mui,File024
vmbusvdev.dll.mui,E:\Windows\WinSxS\amd64_hyperv-vmbusvdev.resources_31bf3856ad364e35_10.0.18362.1_en-us_c9c8b9edf3faf7e9\vmbusvdev.dll.mui,File027
computelibeventlog.dll.mui,E:\Windows\WinSxS\amd64_hyperv-computelib-eventlog.resources_31bf3856ad364e35_10.0.18362.1_en-us_22d7b4536ceaa9b0\computelibeventlog.dll.mui,File160
vmictimeprovider.dll.mui,E:\Windows\WinSxS\amd64_hyperv-integrationservices.resources_31bf3856ad364e35_10.0.18362.1_en-us_c7e815c71b5b3279\vmictimeprovider.dll.mui,File024
idtsec.dll.mui,E:\Windows\WinSxS\amd64_idtsec.inf.resources_31bf3856ad364e35_10.0.18362.1_en-us_32f90c4836d02b6b\idtsec.dll.mui,File001
hidscanner.dll.mui,E:\Windows\WinSxS\amd64_hidscanner.inf.resources_31bf3856ad364e35_10.0.18362.1_en-us_e2c33fbee48fc0ce\hidscanner.dll.mui,File005
vmcrashdump.dll.mui,E:\Windows\WinSxS\amd64_hyperv-vmcrashdump.resources_31bf3856ad364e35_10.0.18362.1_en-us_efa716d89cf178a9\vmcrashdump.dll.mui,File027
hidbatt.sys.mui,E:\Windows\WinSxS\amd64_hidbatt.inf.resources_31bf3856ad364e35_10.0.18362.1_en-us_3a0b40998e04d2e9\hidbatt.sys.mui,File005
i8042prt.sys.mui,E:\Windows\WinSxS\amd64_keyboard.inf.resources_31bf3856ad364e35_10.0.18362.1_en-us_01064184e996a388\i8042prt.sys.mui,File001
VmComputeAgent.exe.mui,E:\Windows\WinSxS\amd64_hyperv-compute-gues..teservice.resources_31bf3856ad364e35_10.0.18362.1_en-us_618322c108594767\VmComputeAgent.exe.mui,File024
vmemulateddevices.dll.mui,E:\Windows\WinSxS\amd64_hyperv-vmemulateddevices.resources_31bf3856ad364e35_10.0.18362.1_en-us_8e8433a8782fc88c\vmemulateddevices.dll.mui,File027
hidserv.dll.mui,E:\Windows\WinSxS\amd64_hid-user.resources_31bf3856ad364e35_10.0.18362.1_en-us_37fffff7686adcdd\hidserv.dll.mui,File024
msisadrv.sys,E:\Windows\WinSxS\amd64_dual_machine.inf_31bf3856ad364e35_10.0.18362.267_none_6215da8ccd028375\msisadrv.sys,File173
CBDHSvc.dll.mui,E:\Windows\WinSxS\amd64_microsoft-windows-c..erservice.resources_31bf3856ad364e35_10.0.18362.1_en-us_e7e8f6c7b2d0e0ae\CBDHSvc.dll.mui,File005
AppxApplicabilityEngine.dll.mui,E:\Windows\WinSxS\amd64_microsoft-windows-c..icability.resources_31bf3856ad364e35_10.0.18362.1_en-us_2655b3f50ea0179e\AppxApplicabilityEngine.dll.mui,File024
cofire.exe.mui,E:\Windows\WinSxS\amd64_microsoft-windows-c..erecovery.resources_31bf3856ad364e35_10.0.18362.1_en-us_9c77f859777e6226\cofire.exe.mui,File160
CloudNotifications.exe.mui,E:\Windows\WinSxS\amd64_microsoft-windows-c..fications.resources_31bf3856ad364e35_10.0.18362.1_en-us_24bf7b0e89cb362c\CloudNotifications.exe.mui,File024
cofiredm.dll.mui,E:\Windows\WinSxS\amd64_microsoft-windows-c..erecovery.resources_31bf3856ad364e35_10.0.18362.1_en-us_9c77f859777e6226\cofiredm.dll.mui,File101
offFilt.dll.mui,E:\Windows\WinSxS\amd64_microsoft-windows-c..er-office.resources_31bf3856ad364e35_7.0.18362.1_en-us_9c991ac569e36590\offFilt.dll.mui,File005
MessagingDataModel2.dll.mui,E:\Windows\WinSxS\amd64_microsoft-windows-a..datamodel.resources_31bf3856ad364e35_10.0.18362.1_en-us_634ad20aaa00da2f\MessagingDataModel2.dll.mui,File005
authui.dll.mui,E:\Windows\WinSxS\amd64_microsoft-windows-a..component.resources_31bf3856ad364e35_10.0.18362.1_en-us_48614f37e1773fc2\authui.dll.mui,File001
AudioSrv.dll.mui,E:\Windows\WinSxS\amd64_microsoft-windows-a..audiocore.resources_31bf3856ad364e35_10.0.18362.1_en-us_f6ec037597960607\AudioSrv.dll.mui,File160
pcalua.exe.mui,E:\Windows\WinSxS\amd64_microsoft-windows-a..assistant.resources_31bf3856ad364e35_10.0.18362.1_en-us_dc2d1f4ae39da80f\pcalua.exe.mui,File005
Apphlpdm.dll.mui,E:\Windows\WinSxS\amd64_microsoft-windows-a..e-apphelp.resources_31bf3856ad364e35_10.0.18362.1_en-us_587ba3640f136bc7\Apphlpdm.dll.mui,File160
AudioEndpointBuilder.dll.mui,E:\Windows\WinSxS\amd64_microsoft-windows-a..audiocore.resources_31bf3856ad364e35_10.0.18362.1_en-us_f6ec037597960607\AudioEndpointBuilder.dll.mui,File027
msacm32.drv.mui,E:\Windows\WinSxS\amd64_microsoft-windows-a..dia-other.resources_31bf3856ad364e35_10.0.18362.1_en-us_550dadf87a514413\msacm32.drv.mui,File005
audiodg.exe.mui,E:\Windows\WinSxS\amd64_microsoft-windows-a..audiocore.resources_31bf3856ad364e35_10.0.18362.1_en-us_f6ec037597960607\audiodg.exe.mui,File005
pcaevts.dll,E:\Windows\WinSxS\amd64_microsoft-windows-a..atibility-assistant_31bf3856ad364e35_10.0.18362.356_none_8994b77fb4c80277\pcaevts.dll,File101
uwfvol.sys.mui,E:\Windows\WinSxS\amd64_microsoft-onecore-u..itefilter.resources_31bf3856ad364e35_10.0.18362.1_en-us_13e04299912d44f2\uwfvol.sys.mui,File005
LockScreenContent.dll.mui,E:\Windows\WinSxS\amd64_microsoft-windows-a..encontent.resources_31bf3856ad364e35_10.0.18362.1_en-us_c11c18b86d801970\LockScreenContent.dll.mui,File024
dcomcnfg.exe.mui,E:\Windows\WinSxS\amd64_microsoft-windows-c..omplus-ui.resources_31bf3856ad364e35_10.0.18362.1_en-us_6b18aa20d3ea09b5\dcomcnfg.exe.mui,File005
vmtpm.dll.mui,E:\Windows\WinSxS\amd64_hyperv-vmtpm.resources_31bf3856ad364e35_10.0.18362.1_en-us_0cf1f994fe8611ef\vmtpm.dll.mui,File027
isapnp.sys.mui,E:\Windows\WinSxS\amd64_machine.inf.resources_31bf3856ad364e35_10.0.18362.267_en-us_9ad171587faddee4\isapnp.sys.mui,File160
kbdhid.sys.mui,E:\Windows\WinSxS\amd64_keyboard.inf.resources_31bf3856ad364e35_10.0.18362.1_en-us_01064184e996a388\kbdhid.sys.mui,File024
vmsp.exe.mui,E:\Windows\WinSxS\amd64_hyperv-vmsp.resources_31bf3856ad364e35_10.0.18362.1_en-us_dbefdb4cf91d5715\vmsp.exe.mui,File027
pnpmem.sys.mui,E:\Windows\WinSxS\amd64_memory.inf.resources_31bf3856ad364e35_10.0.18362.1_en-us_871f0d6e4d13975c\pnpmem.sys.mui,File024
mgtdyn.dll.mui,E:\Windows\WinSxS\amd64_mgtdyn.inf.resources_31bf3856ad364e35_10.0.18362.1_en-us_5e76200da6388fca\mgtdyn.dll.mui,File001
ConsentUxClient.dll.mui,E:\Windows\WinSxS\amd64_microsoft-onecore-c..clientapi.resources_31bf3856ad364e35_10.0.18362.1_en-us_608da2c49a0fc3cc\ConsentUxClient.dll.mui,File024
Conhost.exe.mui,E:\Windows\WinSxS\amd64_microsoft-onecore-c..host-core.resources_31bf3856ad364e35_10.0.18362.1_en-us_28d9785973c80379\Conhost.exe.mui,File160
CapabilityAccessManager.dll.mui,E:\Windows\WinSxS\amd64_microsoft-onecore-c..s-manager.resources_31bf3856ad364e35_10.0.18362.1_en-us_f37cdb34a4291c27\CapabilityAccessManager.dll.mui,File024
bcastdvruserservice.dll.mui,E:\Windows\WinSxS\amd64_microsoft-media-cap..adcastdvr.resources_31bf3856ad364e35_10.0.18362.1_en-us_62aae0ccd0acd30c\bcastdvruserservice.dll.mui,File024
actionqueue.dll.mui,E:\Windows\WinSxS\amd64_microsoft-onecore-actionqueue.resources_31bf3856ad364e35_10.0.18362.1_en-us_74ca304ed591c51c\actionqueue.dll.mui,File027
CloudExperienceHostCommon.dll.mui,E:\Windows\WinSxS\amd64_microsoft-onecore-c..ehost-api.resources_31bf3856ad364e35_10.0.18362.1_en-us_ec773a309aaf82b1\CloudExperienceHostCommon.dll.mui,File024
AxInstUI.exe.mui,E:\Windows\WinSxS\amd64_microsoft-windows-a..llservice.resources_31bf3856ad364e35_10.0.18362.1_en-us_302b821d2069b708\AxInstUI.exe.mui,File005
assignedaccessmanagersvc.dll.mui,E:\Windows\WinSxS\amd64_microsoft-windows-a..imeserver.resources_31bf3856ad364e35_10.0.18362.1_en-us_118c9ed2a65ccb3e\assignedaccessmanagersvc.dll.mui,File024
Microsoft.AppV.AppVClientWmi.resources.dll,E:\Windows\WinSxS\amd64_microsoft-windows-a..mmability.resources_31bf3856ad364e35_10.0.18362.1_en-us_bfd86232779e50de\Microsoft.AppV.AppVClientWmi.resources.dll,File160
assignedaccessmanager.dll.mui,E:\Windows\WinSxS\amd64_microsoft-windows-a..imeserver.resources_31bf3856ad364e35_10.0.18362.1_en-us_118c9ed2a65ccb3e\assignedaccessmanager.dll.mui,File005
AuditNativeSnapIn.dll.mui,E:\Windows\WinSxS\amd64_microsoft-windows-a..in-native.resources_31bf3856ad364e35_10.0.18362.1_en-us_f12dfe977907d13c\AuditNativeSnapIn.dll.mui,File027
Windows.Media.MediaControl.dll.mui,E:\Windows\WinSxS\amd64_microsoft-windows-a..iacontrol.resources_31bf3856ad364e35_10.0.18362.1_en-us_c944f97ada989bf5\Windows.Media.MediaControl.dll.mui,File160
AuditPolicyGPInterop.dll.mui,E:\Windows\WinSxS\amd64_microsoft-windows-a..in-native.resources_31bf3856ad364e35_10.0.18362.1_en-us_f12dfe977907d13c\AuditPolicyGPInterop.dll.mui,File160
cmservice.dll.mui,E:\Windows\WinSxS\amd64_microsoft-windows-c..r-manager.resources_31bf3856ad364e35_10.0.18362.1_en-us_6a28934de12035dc\cmservice.dll.mui,File005
CredProv2faHelper.dll.mui,E:\Windows\WinSxS\amd64_microsoft-windows-c..r-library.resources_31bf3856ad364e35_10.0.18362.1_en-us_a655837dab486063\CredProv2faHelper.dll.mui,File024
apprepapi.dll,E:\Windows\WinSxS\amd64_microsoft-windows-apprep_31bf3856ad364e35_10.0.18362.1_none_de569abca3f8a3ca\apprepapi.dll,File101
CredentialEnrollmentManager.exe.mui,E:\Windows\WinSxS\amd64_microsoft-windows-c..ntmanager.resources_31bf3856ad364e35_10.0.18362.1_en-us_b8dc4dd692cef93b\CredentialEnrollmentManager.exe.mui,File024
AppResolver.dll.mui,E:\Windows\WinSxS\amd64_microsoft-windows-appresolver.resources_31bf3856ad364e35_10.0.18362.1_en-us_38fb2ee39612dc16\AppResolver.dll.mui,File027
perftrack.dll.mui,E:\Windows\WinSxS\amd64_microsoft-windows-c..perftrack.resources_31bf3856ad364e35_10.0.18362.1_en-us_1753a7552060942c\perftrack.dll.mui,File027
ConhostV1.dll.mui,E:\Windows\WinSxS\amd64_microsoft-windows-c..olehostv1.resources_31bf3856ad364e35_10.0.18362.1_en-us_4e369bac5a6d2955\ConhostV1.dll.mui,File160
Microsoft.Uev.SyncController.resources.dll,E:\Windows\WinSxS\amd64_microsoft-windows-a..-uevagent.resources_31bf3856ad364e35_10.0.18362.1_en-us_725fd4cba0ce19b5\Microsoft.Uev.SyncController.resources.dll,File160
adsnt.dll.mui,E:\Windows\WinSxS\amd64_microsoft-windows-a..-provider.resources_31bf3856ad364e35_10.0.18362.1_en-us_c844acdfb7a60abb\adsnt.dll.mui,File005
adsldpc.dll.mui,E:\Windows\WinSxS\amd64_microsoft-windows-a..apc-layer.resources_31bf3856ad364e35_10.0.18362.1_en-us_98540846bf354057\adsldpc.dll.mui,File024
usermgr.dll.mui,E:\Windows\WinSxS\amd64_microsoft-system-user-service.resources_31bf3856ad364e35_10.0.18362.1_en-us_3f4d2ba4590bb662\usermgr.dll.mui,File024
mgmtrefreshcredprov.dll.mui,E:\Windows\WinSxS\amd64_microsoft-windows-a..-credprov.resources_31bf3856ad364e35_10.0.18362.1_en-us_efc78964f0965db0\mgmtrefreshcredprov.dll.mui,File160
vac.dll.mui,E:\Windows\WinSxS\amd64_microsoft-windows-a..c-service.resources_31bf3856ad364e35_10.0.18362.1_en-us_768fb9fe82b1c370\vac.dll.mui,File024
joinproviderol.dll.mui,E:\Windows\WinSxS\amd64_microsoft-windows-c..deronline.resources_31bf3856ad364e35_10.0.18362.1_en-us_c736a209e3aab99f\joinproviderol.dll.mui,File027
Query.dll.mui,E:\Windows\WinSxS\amd64_microsoft-windows-c..ng-common.resources_31bf3856ad364e35_10.0.18362.1_en-us_9d8017633047c161\Query.dll.mui,File024
BdeSysprep.dll,E:\Windows\WinSxS\amd64_microsoft-windows-bitlocker-sysprep_31bf3856ad364e35_10.0.18362.1_none_ec56439d738af928\BdeSysprep.dll,File071
DiagPackage.dll,E:\Windows\WinSxS\amd64_microsoft-windows-bluetoothdiagnostic_31bf3856ad364e35_10.0.18362.1_none_6c13f6a3ca4e1c2f\DiagPackage.dll,File005
bcrypt.dll.mui,E:\Windows\WinSxS\amd64_microsoft-windows-bcrypt.resources_31bf3856ad364e35_10.0.18362.1_en-us_4ac085ce50e0e6dd\bcrypt.dll.mui,File027
ConsoleLogon.dll.mui,E:\Windows\WinSxS\amd64_microsoft-windows-c..n-library.resources_31bf3856ad364e35_10.0.18362.1_en-us_8f150aa7a0c85f47\ConsoleLogon.dll.mui,File160
netmsg.dll,E:\Windows\WinSxS\amd64_microsoft-windows-basic-misc-tools_31bf3856ad364e35_10.0.18362.1_none_e9ba276c3ca3fe57\netmsg.dll,File005
basesrv.dll,E:\Windows\WinSxS\amd64_microsoft-windows-basesrv_31bf3856ad364e35_10.0.18362.1_none_df285ad160f33cb0\basesrv.dll,File213
comrepl.exe.mui,E:\Windows\WinSxS\amd64_microsoft-windows-c..n-comrepl.resources_31bf3856ad364e35_10.0.18362.1_en-us_4ccaf323578524dd\comrepl.exe.mui,File005
blbres.dll,E:\Windows\WinSxS\amd64_microsoft-windows-blb-engine-proxy-main_31bf3856ad364e35_10.0.18362.1_none_770036dbb0798cdc\blbres.dll,File005
bootstr.dll.mui,E:\Windows\WinSxS\amd64_microsoft-windows-b..t-strings.resources_31bf3856ad364e35_10.0.18362.1_en-us_f03275723ff787cf\bootstr.dll.mui,File024
bfsvc.exe.mui,E:\Windows\WinSxS\amd64_microsoft-windows-b..servicing.resources_31bf3856ad364e35_10.0.18362.1_en-us_3e8bfc039364e4eb\bfsvc.exe.mui,File005
Microsoft.Uev.AppAgent.dll.mui,E:\Windows\WinSxS\amd64_microsoft-windows-a..nt-uevwow.resources_31bf3856ad364e35_10.0.18362.1_en-us_0e412f0e1e1bd5a5\Microsoft.Uev.AppAgent.dll.mui,File160
imaadp32.acm.mui,E:\Windows\WinSxS\amd64_microsoft-windows-a..orecodecs.resources_31bf3856ad364e35_10.0.18362.1_en-us_1679eea53ff27aad\imaadp32.acm.mui,File160
msg711.acm.mui,E:\Windows\WinSxS\amd64_microsoft-windows-a..orecodecs.resources_31bf3856ad364e35_10.0.18362.1_en-us_1679eea53ff27aad\msg711.acm.mui,File024
msadp32.acm.mui,E:\Windows\WinSxS\amd64_microsoft-windows-a..orecodecs.resources_31bf3856ad364e35_10.0.18362.1_en-us_1679eea53ff27aad\msadp32.acm.mui,File024
LaunchTM.exe,E:\Windows\WinSxS\amd64_microsoft-windows-advancedtaskmanager_31bf3856ad364e35_10.0.18362.1_none_81444adb68b7c026\LaunchTM.exe,File071
tzautoupdate.dll.mui,E:\Windows\WinSxS\amd64_microsoft-windows-a..r-service.resources_31bf3856ad364e35_10.0.18362.1_en-us_e6e565e45f4e6a6d\tzautoupdate.dll.mui,File005
browser.dll.mui,E:\Windows\WinSxS\amd64_microsoft-windows-b..erservice.resources_31bf3856ad364e35_10.0.18362.1_en-us_c7e13623c9420bc4\browser.dll.mui,File027
bcdboot.exe.mui,E:\Windows\WinSxS\amd64_microsoft-windows-b..dlinetool.resources_31bf3856ad364e35_10.0.18362.1_en-us_f36b3385f58850c5\bcdboot.exe.mui,File071
bitsadmin.exe.mui,E:\Windows\WinSxS\amd64_microsoft-windows-b..bitsadmin.resources_31bf3856ad364e35_10.0.18362.1_en-us_4a2336b2e3717c81\bitsadmin.exe.mui,File005
chkntfs.exe.mui,E:\Windows\WinSxS\amd64_microsoft-windows-a..figurator.resources_31bf3856ad364e35_10.0.18362.1_en-us_932b7c8ee2628f21\chkntfs.exe.mui,File005
uwfs.sys.mui,E:\Windows\WinSxS\amd64_microsoft-onecore-u..itefilter.resources_31bf3856ad364e35_10.0.18362.1_en-us_13e04299912d44f2\uwfs.sys.mui,File005
LanguageOverlayServer.dll.mui,E:\Windows\WinSxS\amd64_microsoft-onecore-l..layserver.resources_31bf3856ad364e35_10.0.18362.1_en-us_31111fc10073e031\LanguageOverlayServer.dll.mui,File027
vmplatformca.exe.mui,E:\Windows\WinSxS\amd64_microsoft-hgattest-catrustlet.resources_31bf3856ad364e35_10.0.18362.1_en-us_b71b63748ec18593\vmplatformca.exe.mui,File024
uwfreg.sys.mui,E:\Windows\WinSxS\amd64_microsoft-onecore-u..itefilter.resources_31bf3856ad364e35_10.0.18362.1_en-us_13e04299912d44f2\uwfreg.sys.mui,File005
AgentService.exe.mui,E:\Windows\WinSxS\amd64_microsoft-windows-a..evservice.resources_31bf3856ad364e35_10.0.18362.1_en-us_13e576eb59bfae45\AgentService.exe.mui,File024
QuietHours.dll.mui,E:\Windows\WinSxS\amd64_microsoft-onecore-quiethours.resources_31bf3856ad364e35_10.0.18362.1_en-us_3c982682b65f5314\QuietHours.dll.mui,File001
embeddedmodesvc.dll.mui,E:\Windows\WinSxS\amd64_microsoft-onecore-e..edmodesvc.resources_31bf3856ad364e35_10.0.18362.1_en-us_aa75dc28321c3f10\embeddedmodesvc.dll.mui,File024
dlnashext.dll.mui,E:\Windows\WinSxS\amd64_microsoft-onecore-m..extension.resources_31bf3856ad364e35_10.0.18362.1_en-us_71fbcc7eee85b40a\dlnashext.dll.mui,File160
UevAgentDriver.sys.mui,E:\Windows\WinSxS\amd64_microsoft-windows-a..evservice.resources_31bf3856ad364e35_10.0.18362.1_en-us_13e576eb59bfae45\UevAgentDriver.sys.mui,File024
vmicrdv.dll.mui,E:\Windows\WinSxS\amd64_microsoft-hyper-v-i..nents-rdv.resources_31bf3856ad364e35_10.0.18362.1_en-us_d03e5184e66851ba\vmicrdv.dll.mui,File024
uwfrtl.sys.mui,E:\Windows\WinSxS\amd64_microsoft-onecore-u..itefilter.resources_31bf3856ad364e35_10.0.18362.1_en-us_13e04299912d44f2\uwfrtl.sys.mui,File024
ramparser.sys.mui,E:\Windows\WinSxS\amd64_microsoft-hyper-v-ram-parser.resources_31bf3856ad364e35_10.0.18362.1_en-us_6d2ea0c454fa089f\ramparser.sys.mui,File005
SnapInAbout.dll.mui,E:\Windows\WinSxS\amd64_microsoft-hyper-v-m..apinabout.resources_31bf3856ad364e35_10.0.18362.1_en-us_ef8157631700b11a\SnapInAbout.dll.mui,File027
oobeldr.exe.mui,E:\Windows\WinSxS\amd64_microsoft-onecore-o..component.resources_31bf3856ad364e35_10.0.18362.1_en-us_2073146e9ee1773d\oobeldr.exe.mui,File160
SettingsHandlers_CapabilityAccess.dll.mui,E:\Windows\WinSxS\amd64_microsoft-onecore-c..shandlers.resources_31bf3856ad364e35_10.0.18362.1_en-us_8a103d87acdc7660\SettingsHandlers_CapabilityAccess.dll.mui,File024
NotificationController.dll.mui,E:\Windows\WinSxS\amd64_microsoft-onecore-n..ontroller.resources_31bf3856ad364e35_10.0.18362.1_en-us_4483ad4f21309ecc\NotificationController.dll.mui,File027
QuickActionsDataModel.dll.mui,E:\Windows\WinSxS\amd64_microsoft-onecore-q..ions-core.resources_31bf3856ad364e35_10.0.18362.1_en-us_c10361f342edbb03\QuickActionsDataModel.dll.mui,File027
RemoteFileBrowse.dll.mui,E:\Windows\WinSxS\amd64_microsoft-hyper-v-m..lebrowser.resources_31bf3856ad364e35_10.0.18362.1_en-us_5fe032e10ba8226b\RemoteFileBrowse.dll.mui,File027
pvhdparser.sys.mui,E:\Windows\WinSxS\amd64_microsoft-hyper-v-pvhd-parser.resources_31bf3856ad364e35_10.0.18362.1_en-us_293801bf2f4c6fa9\pvhdparser.sys.mui,File005
ShareHost.dll.mui,E:\Windows\WinSxS\amd64_microsoft-onecore-sharehost.resources_31bf3856ad364e35_10.0.18362.1_en-us_4d785dede2535212\ShareHost.dll.mui,File027
bnmanager.dll.mui,E:\Windows\WinSxS\amd64_microsoft-windows-b..onmanager.resources_31bf3856ad364e35_10.0.18362.1_en-us_b9a72a9d9bb9cd36\bnmanager.dll.mui,File024
ComputerDefaults.exe.mui,E:\Windows\WinSxS\amd64_microsoft-windows-c..rdefaults.resources_31bf3856ad364e35_10.0.18362.1_en-us_83828aefd89e10a0\ComputerDefaults.exe.mui,File024
CaptureService.dll.mui,E:\Windows\WinSxS\amd64_microsoft-windows-c..reservice.resources_31bf3856ad364e35_10.0.18362.1_en-us_5241f7697f52336e\CaptureService.dll.mui,File024
autotimesvc.dll.mui,E:\Windows\WinSxS\amd64_microsoft-windows-c..ce-modern.resources_31bf3856ad364e35_10.0.18362.1_en-us_035e565d03fa1b5c\autotimesvc.dll.mui,File024
msdtc.exe.mui,E:\Windows\WinSxS\amd64_microsoft-windows-c..c-runtime.resources_31bf3856ad364e35_10.0.18362.1_en-us_cc31dbd6cb1f6a2b\msdtc.exe.mui,File005
ajrouter.dll.mui,E:\Windows\WinSxS\amd64_microsoft-windows-a..yn-router.resources_31bf3856ad364e35_10.0.18362.1_en-us_25b63a4c7883bc40\ajrouter.dll.mui,File160
Windows.UI.AppDefaults.dll.mui,E:\Windows\WinSxS\amd64_microsoft-windows-appdefaults.resources_31bf3856ad364e35_10.0.18362.1_en-us_7f17f375e7e507b2\Windows.UI.AppDefaults.dll.mui,File027
AppReadiness.dll.mui,E:\Windows\WinSxS\amd64_microsoft-windows-a..s-service.resources_31bf3856ad364e35_10.0.18362.1_en-us_9a37419bb079e4e0\AppReadiness.dll.mui,File071
UevTemplateConfigItemGenerator.exe,E:\Windows\WinSxS\amd64_microsoft-windows-appmanagement-uevagent_31bf3856ad364e35_10.0.18362.267_none_5270055376a2e5aa\UevTemplateConfigItemGenerator.exe,File071
wdmaud.drv.mui,E:\Windows\WinSxS\amd64_microsoft-windows-a..wdm-audio.resources_31bf3856ad364e35_10.0.18362.1_en-us_431149407f12fe6a\wdmaud.drv.mui,File024
apphelp.dll.mui,E:\Windows\WinSxS\amd64_microsoft-windows-a..structure.resources_31bf3856ad364e35_10.0.18362.1_en-us_ca85b8a213d9414c\apphelp.dll.mui,File027
adsmsext.dll.mui,E:\Windows\WinSxS\amd64_microsoft-windows-a..xtensions.resources_31bf3856ad364e35_10.0.18362.1_en-us_353105b5a6c6df0f\adsmsext.dll.mui,File005
acproxy.dll,E:\Windows\WinSxS\amd64_microsoft-windows-acproxy_31bf3856ad364e35_10.0.18362.1_none_c86cc2c7a302f316\acproxy.dll,File101
applockercsp.dll.mui,E:\Windows\WinSxS\amd64_microsoft-windows-appidcore.resources_31bf3856ad364e35_10.0.18362.1_en-us_2bb63274c5de387a\applockercsp.dll.mui,File024
Microsoft.Uev.SmbSyncProvider.dll,E:\Windows\WinSxS\amd64_microsoft-windows-appmanagement-uevagent_31bf3856ad364e35_10.0.18362.267_none_5270055376a2e5aa\Microsoft.Uev.SmbSyncProvider.dll,File042
alg.exe.mui,E:\Windows\WinSxS\amd64_microsoft-windows-alg.resources_31bf3856ad364e35_10.0.18362.1_en-us_27068d3689811cc7\alg.exe.mui,File024
advapi32.dll.mui,E:\Windows\WinSxS\amd64_microsoft-windows-advapi32.resources_31bf3856ad364e35_10.0.18362.1_en-us_eae6e82f2e0d5e77\advapi32.dll.mui,File160
appidsvc.dll.mui,E:\Windows\WinSxS\amd64_microsoft-windows-appid.resources_31bf3856ad364e35_10.0.18362.1_en-us_0887f8ff2a1333a9\appidsvc.dll.mui,File027
attrib.exe.mui,E:\Windows\WinSxS\amd64_microsoft-windows-attrib.resources_31bf3856ad364e35_10.0.18362.1_en-us_b33530b563beb141\attrib.exe.mui,File005
acledit.dll,E:\Windows\WinSxS\amd64_microsoft-windows-acledit_31bf3856ad364e35_10.0.18362.1_none_3a3ef043d9ca6526\acledit.dll,File042
acproxy.dll.mui,E:\Windows\WinSxS\amd64_microsoft-windows-acproxy.resources_31bf3856ad364e35_10.0.18362.1_en-us_49e012cc6906a807\acproxy.dll.mui,File024
advapi32res.dll,E:\Windows\WinSxS\amd64_microsoft-windows-advapi32res_31bf3856ad364e35_10.0.18362.1_none_c45906f29ddcfe68\advapi32res.dll,File005
bootres.dll.mui,E:\Windows\WinSxS\amd64_microsoft-windows-bootres.resources_31bf3856ad364e35_10.0.18362.1_en-us_b422d88ad3d9e4c9\bootres.dll.mui,File101
appraiser.dll.mui,E:\Windows\WinSxS\amd64_microsoft-windows-c..appraiser.resources_31bf3856ad364e35_10.0.18362.207_en-us_c5fe2d6a65aa1a7f\appraiser.dll.mui,File027
MigRegDB.exe.mui,E:\Windows\WinSxS\amd64_microsoft-windows-c..-migregdb.resources_31bf3856ad364e35_10.0.18362.1_en-us_930f8c239eed75c8\MigRegDB.exe.mui,File005
vrd.sys,E:\Windows\WinSxS\amd64_dual_vrd.inf_31bf3856ad364e35_10.0.18362.329_none_1192a50363da12ef\vrd.sys,File042
btpanui.dll.mui,E:\Windows\WinSxS\amd64_microsoft-windows-btpanui-mui.resources_31bf3856ad364e35_10.0.18362.1_en-us_ba08f3db524e8df4\btpanui.dll.mui,File160
rtffilt.dll.mui,E:\Windows\WinSxS\amd64_microsoft-windows-c..ilter-rtf.resources_31bf3856ad364e35_7.0.18362.1_en-us_7bdb1611a7d20300\rtffilt.dll.mui,File005
certcli.dll.mui,E:\Windows\WinSxS\amd64_microsoft-windows-c..ityclient.resources_31bf3856ad364e35_10.0.18362.1_en-us_371cc6e61d0d2813\certcli.dll.mui,File160
CIRCoInst.dll,E:\Windows\WinSxS\amd64_dual_usbcir.inf_31bf3856ad364e35_10.0.18362.1_none_6aba8d133c73cd68\CIRCoInst.dll,File042
BrokerLib.dll.mui,E:\Windows\WinSxS\amd64_microsoft-windows-brokerbase.resources_31bf3856ad364e35_10.0.18362.1_en-us_76ebc5690b870d85\BrokerLib.dll.mui,File005
CredDialogBroker.dll.mui,E:\Windows\WinSxS\amd64_microsoft-windows-c..logbroker.resources_31bf3856ad364e35_10.0.18362.1_en-us_5cc8ea5b71ff4cce\CredDialogBroker.dll.mui,File005
mimefilt.dll.mui,E:\Windows\WinSxS\amd64_microsoft-windows-c..lter-mime.resources_31bf3856ad364e35_7.0.18362.1_en-us_248b0b3c4af4f80c\mimefilt.dll.mui,File005
nlhtml.dll.mui,E:\Windows\WinSxS\amd64_microsoft-windows-c..lter-html.resources_31bf3856ad364e35_7.0.18362.1_en-us_123ed6e5c08cd49b\nlhtml.dll.mui,File024
CloudDomainJoinAUG.dll.mui,E:\Windows\WinSxS\amd64_microsoft-windows-c..injoinaug.resources_31bf3856ad364e35_10.0.18362.1_en-us_dc2b08464ff99fa5\CloudDomainJoinAUG.dll.mui,File024
cmimcext.sys.mui,E:\Windows\WinSxS\amd64_microsoft-windows-c..ineconfig.resources_31bf3856ad364e35_10.0.18362.1_en-us_e157981e4dc543f1\cmimcext.sys.mui,File027
mtstocom.exe.mui,E:\Windows\WinSxS\amd64_microsoft-windows-c..lus-setup.resources_31bf3856ad364e35_10.0.18362.1_en-us_6cf4793ce5841da2\mtstocom.exe.mui,File005
xmlfilter.dll.mui,E:\Windows\WinSxS\amd64_microsoft-windows-c..lter-html.resources_31bf3856ad364e35_7.0.18362.1_en-us_123ed6e5c08cd49b\xmlfilter.dll.mui,File005
acpials.sys,E:\Windows\WinSxS\amd64_dual_sensorsalsdriver.inf_31bf3856ad364e35_10.0.18362.1_none_7154eb54e2016f6f\acpials.sys,File071
fdPHost.dll.mui,E:\Windows\WinSxS\amd64_fdphost.resources_31bf3856ad364e35_10.0.18362.1_en-us_db5720b0cf1b050e\fdPHost.dll.mui,File160
miguiresource.dll.mui,E:\Windows\WinSxS\amd64_eventviewersettings.resources_31bf3856ad364e35_10.0.18362.1_en-us_698f6273111cce4b\miguiresource.dll.mui,File024
hid.dll.mui,E:\Windows\WinSxS\amd64_hid-dll.resources_31bf3856ad364e35_10.0.18362.1_en-us_ea39d669b28add98\hid.dll.mui,File005
FunDisc.dll.mui,E:\Windows\WinSxS\amd64_fundisc.resources_31bf3856ad364e35_10.0.18362.1_en-us_b094e39239f18c9a\FunDisc.dll.mui,File042
fontview.exe.mui,E:\Windows\WinSxS\amd64_microsoft-windows-fontview.resources_31bf3856ad364e35_10.0.18362.1_en-us_a669883e0b0a3e1b\fontview.exe.mui,File160
gptext.dll.mui,E:\Windows\WinSxS\amd64_microsoft-windows-g..cy-gptext.resources_31bf3856ad364e35_10.0.18362.1_en-us_94ebe453fe8696fb\gptext.dll.mui,File024
gpapi.dll.mui,E:\Windows\WinSxS\amd64_microsoft-windows-g..licy-base.resources_31bf3856ad364e35_10.0.18362.1_en-us_93920b96ee1e9e92\gpapi.dll.mui,File160
gns.dll.mui,E:\Windows\WinSxS\amd64_microsoft-windows-g..k-service.resources_31bf3856ad364e35_10.0.18362.1_en-us_4f9c1ca767b8169c\gns.dll.mui,File024
Windows.Globalization.dll.mui,E:\Windows\WinSxS\amd64_microsoft-windows-g..alization.resources_31bf3856ad364e35_10.0.18362.1_en-us_c585aa41a92c2414\Windows.Globalization.dll.mui,File005
gpscript.dll.mui,E:\Windows\WinSxS\amd64_microsoft-windows-g..cy-script.resources_31bf3856ad364e35_10.0.18362.1_en-us_0c293d93054a9e38\gpscript.dll.mui,File024
lfsvc.dll.mui,E:\Windows\WinSxS\amd64_microsoft-windows-g..ce-modern.resources_31bf3856ad364e35_10.0.18362.1_en-us_19d5b769491b1539\lfsvc.dll.mui,File024
DafGip.dll.mui,E:\Windows\WinSxS\amd64_microsoft-windows-g..fprovider.resources_31bf3856ad364e35_10.0.18362.1_en-us_47da077afdd33fb2\DafGip.dll.mui,File024
fsavailux.exe.mui,E:\Windows\WinSxS\amd64_microsoft-windows-fsavailux.resources_31bf3856ad364e35_10.0.18362.1_en-us_18ea2ec64ef93ece\fsavailux.exe.mui,File027
h8514oem.fon,E:\Windows\WinSxS\amd64_microsoft-windows-font-bitmap-oem_31bf3856ad364e35_10.0.18362.1_none_cfc18ce72b9f0d19\h8514oem.fon,File164
fms.dll.mui,E:\Windows\WinSxS\amd64_microsoft-windows-font-fms.resources_31bf3856ad364e35_10.0.18362.1_ko-kr_a71c3302339a8bbb\fms.dll.mui,File001
fodhelper.exe.mui,E:\Windows\WinSxS\amd64_microsoft-windows-fodhelper-ux.resources_31bf3856ad364e35_10.0.18362.1_en-us_7c6b17e31d060616\fodhelper.exe.mui,File024
tzres.dll,E:\Windows\WinSxS\amd64_microsoft-windows-i..rnational-timezones_31bf3856ad364e35_10.0.18362.267_none_6b0bb6599b3a4951\tzres.dll,File005
DevicePairingExperienceMEM.dll.mui,E:\Windows\WinSxS\amd64_microsoft-windows-i..riencemem.resources_31bf3856ad364e35_10.0.18362.1_en-us_d1e708967d23342e\DevicePairingExperienceMEM.dll.mui,File024
html.iec.mui,E:\Windows\WinSxS\amd64_microsoft-windows-i..r-enduser.resources_31bf3856ad364e35_10.0.18362.1_en-us_40ff95608c86bb7e\html.iec.mui,File001
Windows.Internal.CapturePicker.Desktop.dll.mui,E:\Windows\WinSxS\amd64_microsoft-windows-i..r-desktop.resources_31bf3856ad364e35_10.0.18362.1_en-us_90d0d9a747f4a414\Windows.Internal.CapturePicker.Desktop.dll.mui,File024
mshta.exe.mui,E:\Windows\WinSxS\amd64_microsoft-windows-i..plication.resources_31bf3856ad364e35_11.0.18362.1_en-us_5bac578df79f1d94\mshta.exe.mui,File005
efssvc.dll.mui,E:\Windows\WinSxS\amd64_microsoft-windows-efs-service.resources_31bf3856ad364e35_10.0.18362.1_en-us_1f407eedca09ff75\efssvc.dll.mui,File024
GazeInputInternal.winmd,E:\Windows\WinSxS\amd64_microsoft-windows-ecapp.appxmain_31bf3856ad364e35_10.0.18362.329_none_5301eb6d1dabb1b4\GazeInputInternal.winmd,File042
windows.ui.xaml.dll.mui,E:\Windows\WinSxS\amd64_microsoft-windows-directui.resources_31bf3856ad364e35_10.0.18362.1_zh-tw_a40c866f47adf92a\windows.ui.xaml.dll.mui,File071
windows.ui.xaml.dll.mui,E:\Windows\WinSxS\amd64_microsoft-windows-directui.resources_31bf3856ad364e35_10.0.18362.1_zh-cn_a01049194a3d1cba\windows.ui.xaml.dll.mui,File071
windows.internal.shell.broker.dll.mui,E:\Windows\WinSxS\amd64_microsoft-windows-i..ll-broker.resources_31bf3856ad364e35_10.0.18362.1_en-us_f9e468819113add3\windows.internal.shell.broker.dll.mui,File024
AppHostNavigators.dll.mui,E:\Windows\WinSxS\amd64_microsoft-windows-i..lprovider.resources_31bf3856ad364e35_10.0.18362.1_en-us_631877d702c2c107\AppHostNavigators.dll.mui,File024
XPath.dll.mui,E:\Windows\WinSxS\amd64_microsoft-windows-i..lprovider.resources_31bf3856ad364e35_10.0.18362.1_en-us_631877d702c2c107\XPath.dll.mui,File027
InfDefaultInstall.exe.mui,E:\Windows\WinSxS\amd64_microsoft-windows-i..ltinstall.resources_31bf3856ad364e35_10.0.18362.1_en-us_833a2bf0eed25e54\InfDefaultInstall.exe.mui,File005
Nlsdl.dll,E:\Windows\WinSxS\amd64_microsoft-windows-i..nal-nlsdownleveldll_31bf3856ad364e35_10.0.18362.1_none_db067357d53b945a\Nlsdl.dll,File001
Inetmgr.exe.mui,E:\Windows\WinSxS\amd64_microsoft-windows-i..ntconsole.resources_31bf3856ad364e35_10.0.18362.1_en-us_61cb20c3a2dcad29\Inetmgr.exe.mui,File024
F12Platform2.dll.mui,E:\Windows\WinSxS\amd64_microsoft-windows-i..platform2.resources_31bf3856ad364e35_11.0.18362.1_en-us_20aa5e8ff35ac32f\F12Platform2.dll.mui,File005
browscap.dll.mui,E:\Windows\WinSxS\amd64_microsoft-windows-i..pbinaries.resources_31bf3856ad364e35_10.0.18362.1_en-us_47aff96203aeb16a\browscap.dll.mui,File024
windows.ui.xaml.dll.mui,E:\Windows\WinSxS\amd64_microsoft-windows-directui.resources_31bf3856ad364e35_10.0.18362.1_ko-kr_12c4039712d2091e\windows.ui.xaml.dll.mui,File101
ie4uinit.exe.mui,E:\Windows\WinSxS\amd64_microsoft-windows-i..p-support.resources_31bf3856ad364e35_11.0.18362.1_en-us_a560162739cc692c\ie4uinit.exe.mui,File160
dvdplay.exe,E:\Windows\WinSxS\amd64_microsoft-windows-directshow-dvdplay_31bf3856ad364e35_10.0.18362.1_none_d40b932697428eaf\dvdplay.exe,File071
hmmapi.dll.mui,E:\Windows\WinSxS\amd64_microsoft-windows-i..otmailapi.resources_31bf3856ad364e35_10.0.18362.1_en-us_779ba193c6026a22\hmmapi.dll.mui,File005
edputil.dll.mui,E:\Windows\WinSxS\amd64_microsoft-windows-edp-util.resources_31bf3856ad364e35_10.0.18362.1_en-us_a69552bb4ebd8707\edputil.dll.mui,File024
edptask.dll.mui,E:\Windows\WinSxS\amd64_microsoft-windows-edp-task.resources_31bf3856ad364e35_10.0.18362.1_en-us_9b48449c21292a70\edptask.dll.mui,File027
IEChooser.exe.mui,E:\Windows\WinSxS\amd64_microsoft-windows-ie-iechooser.resources_31bf3856ad364e35_11.0.18362.1_en-us_c2002d7d0bf68e92\IEChooser.exe.mui,File027
defragres.dll,E:\Windows\WinSxS\amd64_microsoft-windows-defrag-core_31bf3856ad364e35_10.0.18362.1_none_eabbd88135450a09\defragres.dll,File160
BthMtpContextHandler.dll.mui,E:\Windows\WinSxS\amd64_microsoft-windows-d..xthandler.resources_31bf3856ad364e35_10.0.18362.1_en-us_85cbfcc006e48665\BthMtpContextHandler.dll.mui,File024
RemoveDeviceContextHandler.dll.mui,E:\Windows\WinSxS\amd64_microsoft-windows-d..xthandler.resources_31bf3856ad364e35_10.0.18362.1_en-us_30a2adc84d037392\RemoveDeviceContextHandler.dll.mui,File027
StorageContextHandler.dll.mui,E:\Windows\WinSxS\amd64_microsoft-windows-d..xthandler.resources_31bf3856ad364e35_10.0.18362.1_en-us_1c73d5bc0830867b\StorageContextHandler.dll.mui,File024
DWrite.dll.mui,E:\Windows\WinSxS\amd64_microsoft-windows-directwrite.resources_31bf3856ad364e35_10.0.18362.1_en-us_63dfb7a04b7533e7\DWrite.dll.mui,File005
dpnsvr.exe.mui,E:\Windows\WinSxS\amd64_microsoft-windows-d..8-payload.resources_31bf3856ad364e35_10.0.18362.1_en-us_a7e8d2012554bd1d\dpnsvr.exe.mui,File005
DiagnosticsHub.StandardCollector.ServiceRes.dll,E:\Windows\WinSxS\amd64_microsoft-windows-d..b-standardcollector_31bf3856ad364e35_10.0.18362.356_none_871061080516eaa9\DiagnosticsHub.StandardCollector.ServiceRes.dll,File005
dggpext.dll.mui,E:\Windows\WinSxS\amd64_microsoft-windows-d..ard-gpext.resources_31bf3856ad364e35_10.0.18362.1_en-us_80db63cf1e6b04e9\dggpext.dll.mui,File005
Dsui.dll.mui,E:\Windows\WinSxS\amd64_microsoft-windows-d..cesetupui.resources_31bf3856ad364e35_10.0.18362.1_en-us_3ea4a31c90a4f884\Dsui.dll.mui,File027
DMAppsRes.dll,E:\Windows\WinSxS\amd64_microsoft-windows-d..anagement-dmappsres_31bf3856ad364e35_10.0.18362.1_none_d889a05f9389761d\DMAppsRes.dll,File005
DsmUserTask.exe.mui,E:\Windows\WinSxS\amd64_microsoft-windows-d..anagerapi.resources_31bf3856ad364e35_10.0.18362.1_en-us_8411efb12f54c32b\DsmUserTask.exe.mui,File024
DiagnosticsHub.StandardCollector.ServiceRes.dll.mui,E:\Windows\WinSxS\amd64_microsoft-windows-d..collector.resources_31bf3856ad364e35_10.0.18362.1_en-us_852a45497e1f3f5d\DiagnosticsHub.StandardCollector.ServiceRes.dll.mui,File024
dmwappushsvc.dll.mui,E:\Windows\WinSxS\amd64_microsoft-windows-d..appushsvc.resources_31bf3856ad364e35_10.0.18362.1_en-us_ce9673936e3218b6\dmwappushsvc.dll.mui,File024
uDWM.dll.mui,E:\Windows\WinSxS\amd64_microsoft-windows-d..ager-udwm.resources_31bf3856ad364e35_10.0.18362.1_en-us_1b3875190d6445c6\uDWM.dll.mui,File027
dmdskres2.dll.mui,E:\Windows\WinSxS\amd64_microsoft-windows-d..anagement.resources_31bf3856ad364e35_10.0.18362.1_en-us_98c97c2255b1f55f\dmdskres2.dll.mui,File160
Windows.Devices.Bluetooth.dll.mui,E:\Windows\WinSxS\amd64_microsoft-windows-d..bluetooth.resources_31bf3856ad364e35_10.0.18362.1_en-us_1552713c4f381abd\Windows.Devices.Bluetooth.dll.mui,File042
DeviceSetupManagerApi.dll.mui,E:\Windows\WinSxS\amd64_microsoft-windows-d..anagerapi.resources_31bf3856ad364e35_10.0.18362.1_en-us_8411efb12f54c32b\DeviceSetupManagerApi.dll.mui,File005
Windows.Devices.Background.dll.mui,E:\Windows\WinSxS\amd64_microsoft-windows-d..ackground.resources_31bf3856ad364e35_10.0.18362.1_en-us_e6e16555f22d2603\Windows.Devices.Background.dll.mui,File024
wudfpf.sys.mui,E:\Windows\WinSxS\amd64_microsoft-windows-d..-usermode.resources_31bf3856ad364e35_10.0.18362.1_en-us_9941f690d4e3e355\wudfpf.sys.mui,File024
WUDFHost.exe.mui,E:\Windows\WinSxS\amd64_microsoft-windows-d..-usermode.resources_31bf3856ad364e35_10.0.18362.1_en-us_9941f690d4e3e355\WUDFHost.exe.mui,File005
Windows.Data.Activities.dll.mui,E:\Windows\WinSxS\amd64_microsoft-windows-d..ctivities.resources_31bf3856ad364e35_10.0.18362.1_en-us_4cb1a5531ce2b039\Windows.Data.Activities.dll.mui,File027
help.exe,E:\Windows\WinSxS\amd64_microsoft-windows-commandlinehelp_31bf3856ad364e35_10.0.18362.1_none_a688a59f86701148\help.exe,File071
clfs.sys.mui,E:\Windows\WinSxS\amd64_microsoft-windows-commonlog.resources_31bf3856ad364e35_10.0.18362.1_en-us_e4b62b2677b9ab5e\clfs.sys.mui,File005
compact.exe.mui,E:\Windows\WinSxS\amd64_microsoft-windows-compact.resources_31bf3856ad364e35_10.0.18362.329_en-us_23b488920cc538cb\compact.exe.mui,File071
dwmredir.dll.mui,E:\Windows\WinSxS\amd64_microsoft-windows-d..ger-redir.resources_31bf3856ad364e35_10.0.18362.1_en-us_b500e6937e6ed50b\dwmredir.dll.mui,File024
Windows.Devices.Custom.dll.mui,E:\Windows\WinSxS\amd64_microsoft-windows-d..es-custom.resources_31bf3856ad364e35_10.0.18362.1_en-us_c09f0c9b6f52cac6\Windows.Devices.Custom.dll.mui,File005
Win32_DeviceGuard.dll.mui,E:\Windows\WinSxS\amd64_microsoft-windows-d..guard-wmi.resources_31bf3856ad364e35_10.0.18362.356_en-us_e89776a75af9482b\Win32_DeviceGuard.dll.mui,File160
DfrgUI.exe.mui,E:\Windows\WinSxS\amd64_microsoft-windows-d..g-adminui.resources_31bf3856ad364e35_10.0.18362.1_en-us_8ab38ec6e21c0cce\DfrgUI.exe.mui,File071
dwminit.dll.mui,E:\Windows\WinSxS\amd64_microsoft-windows-d..extension.resources_31bf3856ad364e35_10.0.18362.1_en-us_b18a7488746f9f9a\dwminit.dll.mui,File024
FntCache.dll.mui,E:\Windows\WinSxS\amd64_microsoft-windows-d..fontcache.resources_31bf3856ad364e35_10.0.18362.1_en-us_a33b24df0e73b85f\FntCache.dll.mui,File024
mciqtz32.dll.mui,E:\Windows\WinSxS\amd64_microsoft-windows-d..how-other.resources_31bf3856ad364e35_10.0.18362.1_en-us_4e26ebb7b20026d0\mciqtz32.dll.mui,File027
DiagPackage.dll.mui,E:\Windows\WinSxS\amd64_microsoft-windows-d..iagnostic.resources_31bf3856ad364e35_10.0.18362.1_en-us_47d25ce96ea3aa69\DiagPackage.dll.mui,File027
devquerybroker.dll.mui,E:\Windows\WinSxS\amd64_microsoft-windows-d..erybroker.resources_31bf3856ad364e35_10.0.18362.1_en-us_a14821096d042515\devquerybroker.dll.mui,File024
ksproxy.ax.mui,E:\Windows\WinSxS\amd64_microsoft-windows-d..elsupport.resources_31bf3856ad364e35_10.0.18362.1_en-us_9c96fab38349c744\ksproxy.ax.mui,File160
InputSwitchToastHandler.exe.mui,E:\Windows\WinSxS\amd64_microsoft-windows-i..sthandler.resources_31bf3856ad364e35_10.0.18362.1_en-us_bbd08284bad8e51d\InputSwitchToastHandler.exe.mui,File005
capisp.dll.mui,E:\Windows\WinSxS\amd64_microsoft-windows-capisp-dll.resources_31bf3856ad364e35_10.0.18362.1_en-us_e64f057d446adb0c\capisp.dll.mui,File024
credprovslegacy.dll.mui,E:\Windows\WinSxS\amd64_microsoft-windows-c..y-library.resources_31bf3856ad364e35_10.0.18362.1_en-us_62d1cfb8a82cf2e3\credprovslegacy.dll.mui,File001
CIWmi.dll.mui,E:\Windows\WinSxS\amd64_microsoft-windows-ci-wmi.resources_31bf3856ad364e35_10.0.18362.1_en-us_78be6c1ac8956be5\CIWmi.dll.mui,File024
certcredprovider.dll.mui,E:\Windows\WinSxS\amd64_microsoft-windows-c..vider-dll.resources_31bf3856ad364e35_10.0.18362.1_en-us_7d4847f4b45dad9f\certcredprovider.dll.mui,File024
ieunatt.exe.mui,E:\Windows\WinSxS\amd64_microsoft-windows-i..texplorer.resources_31bf3856ad364e35_11.0.18362.1_en-us_43db5dea3cd7b31b\ieunatt.exe.mui,File005
iscsicpl.exe.mui,E:\Windows\WinSxS\amd64_microsoft-windows-i..tiator_ui.resources_31bf3856ad364e35_10.0.18362.1_en-us_4ed16fd527b916c9\iscsicpl.exe.mui,File005
chkwudrv.dll.mui,E:\Windows\WinSxS\amd64_microsoft-windows-chkwudrv.resources_31bf3856ad364e35_10.0.18362.1_en-us_9e83bcd1b765a8ff\chkwudrv.dll.mui,File024
certenc.dll.mui,E:\Windows\WinSxS\amd64_microsoft-windows-certutil.resources_31bf3856ad364e35_10.0.18362.1_en-us_a2803cd79b6a49c9\certenc.dll.mui,File024
cdpusersvc.dll.mui,E:\Windows\WinSxS\amd64_microsoft-windows-cdpusersvc.resources_31bf3856ad364e35_10.0.18362.1_en-us_93881f89d9447d4f\cdpusersvc.dll.mui,File024
cdpsvc.dll.mui,E:\Windows\WinSxS\amd64_microsoft-windows-cdpsvc.resources_31bf3856ad364e35_10.0.18362.1_en-us_c913fd65c98069a0\cdpsvc.dll.mui,File024
ETWCoreUIComponentsResources.dll,E:\Windows\WinSxS\amd64_microsoft-windows-c..uicomponents-events_31bf3856ad364e35_10.0.18362.1_none_821df30debd7170d\ETWCoreUIComponentsResources.dll,File005
cdp.dll.mui,E:\Windows\WinSxS\amd64_microsoft-windows-cdp.resources_31bf3856ad364e35_10.0.18362.1_en-us_d102d9cfced0fc76\cdp.dll.mui,File024
chkdsk.exe.mui,E:\Windows\WinSxS\amd64_microsoft-windows-chkdsk.resources_31bf3856ad364e35_10.0.18362.1_en-us_2886765d8bd61357\chkdsk.exe.mui,File005
wercplsupport.dll.mui,E:\Windows\WinSxS\amd64_microsoft-windows-e..ngconsole.resources_31bf3856ad364e35_10.0.18362.1_en-us_4eb09146229557ee\wercplsupport.dll.mui,File024
evr.dll.mui,E:\Windows\WinSxS\amd64_microsoft-windows-e..orenderer.resources_31bf3856ad364e35_10.0.18362.1_en-us_7c576c77b163d401\evr.dll.mui,File024
MitigationConfiguration.dll.mui,E:\Windows\WinSxS\amd64_microsoft-windows-e..iguration.resources_31bf3856ad364e35_10.0.18362.1_en-us_a4f1d4c3bd308e6d\MitigationConfiguration.dll.mui,File024
DMAlertListener.ProxyStub.dll,E:\Windows\WinSxS\amd64_microsoft-windows-e..llment-winrt-client_31bf3856ad364e35_10.0.18362.207_none_b0836c0dffb05fdd\DMAlertListener.ProxyStub.dll,File001
hvsirdpclient.exe.mui,E:\Windows\WinSxS\amd64_microsoft-windows-hvsi-manager.resources_31bf3856ad364e35_10.0.18362.1_en-us_77b5723672966469\hvsirdpclient.exe.mui,File024
hvsisettingsprovider.dll.mui,E:\Windows\WinSxS\amd64_microsoft-windows-hvsi-manager.resources_31bf3856ad364e35_10.0.18362.1_en-us_77b5723672966469\hvsisettingsprovider.dll.mui,File024
dllhst3g.exe,E:\Windows\WinSxS\amd64_microsoft-windows-com-surrogate_31bf3856ad364e35_10.0.18362.1_none_16815eb170ba7056\dllhst3g.exe,File101
httpapi.dll.mui,E:\Windows\WinSxS\amd64_microsoft-windows-http-api.resources_31bf3856ad364e35_10.0.18362.1_en-us_27cfcb7eaf87ef60\httpapi.dll.mui,File005
hh.exe.mui,E:\Windows\WinSxS\amd64_microsoft-windows-htmlhelp.resources_31bf3856ad364e35_10.0.18362.1_en-us_87abb6a2fe404d89\hh.exe.mui,File005
hlink.dll.mui,E:\Windows\WinSxS\amd64_microsoft-windows-hlink.resources_31bf3856ad364e35_10.0.18362.1_en-us_9d5967e76abdec6f\hlink.dll.mui,File024
uwfservicingsvc.exe.mui,E:\Windows\WinSxS\amd64_microsoft-windows-e..itefilter.resources_31bf3856ad364e35_10.0.18362.1_en-us_0e812f5cb2bf67b3\uwfservicingsvc.exe.mui,File005
dot3dlg.dll.mui,E:\Windows\WinSxS\amd64_microsoft-windows-dot3ui.resources_31bf3856ad364e35_10.0.18362.1_en-us_2c4faa51b21710c7\dot3dlg.dll.mui,File005
EhStorShell.dll.mui,E:\Windows\WinSxS\amd64_microsoft-windows-e..extension.resources_31bf3856ad364e35_10.0.18362.1_en-us_8a1d59f910d5ffe5\EhStorShell.dll.mui,File024
dot3gpclnt.dll.mui,E:\Windows\WinSxS\amd64_microsoft-windows-dot3gpclient.resources_31bf3856ad364e35_10.0.18362.1_en-us_eb442c11277c3bbd\dot3gpclnt.dll.mui,File160
uwfux.exe.mui,E:\Windows\WinSxS\amd64_microsoft-windows-e..filter-ux.resources_31bf3856ad364e35_10.0.18362.1_en-us_ebdae9dc3ec49d89\uwfux.exe.mui,File027
efsext.dll.mui,E:\Windows\WinSxS\amd64_microsoft-windows-e..extension.resources_31bf3856ad364e35_10.0.18362.1_en-us_ecba5edfb2148a6d\efsext.dll.mui,File027
WorkFoldersGPExt.dll.mui,E:\Windows\WinSxS\amd64_microsoft-windows-e..extension.resources_31bf3856ad364e35_10.0.18362.1_en-us_be7bf5200acaba54\WorkFoldersGPExt.dll.mui,File005
Dot3Conn.dll.mui,E:\Windows\WinSxS\amd64_microsoft-windows-dot3conn.resources_31bf3856ad364e35_10.0.18362.1_en-us_67da04d960672ddd\Dot3Conn.dll.mui,File005
ExecModelClient.dll.mui,E:\Windows\WinSxS\amd64_microsoft-windows-e..el-client.resources_31bf3856ad364e35_10.0.18362.1_en-us_cd87e89ab8b3b1f7\ExecModelClient.dll.mui,File024
wevtapi.dll.mui,E:\Windows\WinSxS\amd64_microsoft-windows-eventlog-api.resources_31bf3856ad364e35_10.0.18362.1_en-us_f63410aed4bbda7e\wevtapi.dll.mui,File160
dot3msm.dll.mui,E:\Windows\WinSxS\amd64_microsoft-windows-dot3svc.resources_31bf3856ad364e35_10.0.18362.1_en-us_d9761a15b4e9c333\dot3msm.dll.mui,File024
dot3mm.dll.mui,E:\Windows\WinSxS\amd64_microsoft-windows-dot3mm.resources_31bf3856ad364e35_10.0.18362.1_en-us_ea632bca6ac4ec9b\dot3mm.dll.mui,File024
EmbeddedLockdownWmi.dll.mui,E:\Windows\WinSxS\amd64_microsoft-windows-e..ckdownwmi.resources_31bf3856ad364e35_10.0.18362.1_en-us_9f4b7d783c68fa8e\EmbeddedLockdownWmi.dll.mui,File071
expand.exe,E:\Windows\WinSxS\amd64_microsoft-windows-expand_31bf3856ad364e35_10.0.18362.1_none_2acfec77d518dfe8\expand.exe,File213
dot3api.dll.mui,E:\Windows\WinSxS\amd64_microsoft-windows-dot3svc.resources_31bf3856ad364e35_10.0.18362.1_en-us_d9761a15b4e9c333\dot3api.dll.mui,File024
Windows.Internal.Management.dll.mui,E:\Windows\WinSxS\amd64_microsoft-windows-e..ent-winrt.resources_31bf3856ad364e35_10.0.18362.1_en-us_4acb55c6bdd25450\Windows.Internal.Management.dll.mui,File027
comres.dll,E:\Windows\WinSxS\amd64_microsoft-windows-com-complus.res_31bf3856ad364e35_10.0.18362.1_none_ff0e4ad3636a4803\comres.dll,File005
wintypes.dll.mui,E:\Windows\WinSxS\amd64_microsoft-windows-com-base.resources_31bf3856ad364e35_10.0.18362.1_en-us_8add2c1abae10d16\wintypes.dll.mui,File005
cngcredui.dll.mui,E:\Windows\WinSxS\amd64_microsoft-windows-cngcredui.resources_31bf3856ad364e35_10.0.18362.1_en-us_759ef87e2b0bc097\cngcredui.dll.mui,File027
cleanmgr.exe.mui,E:\Windows\WinSxS\amd64_microsoft-windows-cleanmgr.resources_31bf3856ad364e35_10.0.18362.1_en-us_3033dfe915df349c\cleanmgr.exe.mui,File071
dcomcnfg.exe,E:\Windows\WinSxS\amd64_microsoft-windows-com-complus-ui_31bf3856ad364e35_10.0.18362.1_none_830533b0c571003e\dcomcnfg.exe,File071
cttunesvr.exe.mui,E:\Windows\WinSxS\amd64_microsoft-windows-cttunesvr.resources_31bf3856ad364e35_10.0.18362.1_en-us_96137c4ad1994825\cttunesvr.exe.mui,File005
duser.dll.mui,E:\Windows\WinSxS\amd64_microsoft-windows-duser.resources_31bf3856ad364e35_10.0.18362.1_en-us_478de89ea0086e32\duser.dll.mui,File027
cttune.exe.mui,E:\Windows\WinSxS\amd64_microsoft-windows-cttune.resources_31bf3856ad364e35_10.0.18362.1_en-us_06bacb204b79cfc4\cttune.exe.mui,File001
cryptsvc.dll.mui,E:\Windows\WinSxS\amd64_microsoft-windows-cryptsvc-dll.resources_31bf3856ad364e35_10.0.18362.1_en-us_772443fe73c4b220\cryptsvc.dll.mui,File160
cryptxml.dll.mui,E:\Windows\WinSxS\amd64_microsoft-windows-cryptxml.resources_31bf3856ad364e35_10.0.18362.1_en-us_3ef9899120d9b9a2\cryptxml.dll.mui,File027
ntdsbmsg.dll,E:\Windows\WinSxS\amd64_microsoft-windows-d..services-core-files_31bf3856ad364e35_10.0.18362.1_none_6248a2aaa43496e1\ntdsbmsg.dll,File005
csrss.exe.mui,E:\Windows\WinSxS\amd64_microsoft-windows-csrss.resources_31bf3856ad364e35_10.0.18362.1_en-us_acee7b125ea90de5\csrss.exe.mui,File005
SysprepProvider.dll.mui,E:\Windows\WinSxS\amd64_microsoft-windows-d..s-sysprep.resources_31bf3856ad364e35_10.0.18362.1_en-us_6fef6e90505a0035\SysprepProvider.dll.mui,File024
DpiScaling.exe.mui,E:\Windows\WinSxS\amd64_microsoft-windows-dpiscaling.resources_31bf3856ad364e35_10.0.18362.1_en-us_d804fd2676737c8b\DpiScaling.exe.mui,File024
DeviceElementSource.dll.mui,E:\Windows\WinSxS\amd64_microsoft-windows-d..entsource.resources_31bf3856ad364e35_10.0.18362.1_en-us_829b065d33cdbd1a\DeviceElementSource.dll.mui,File027
IndirectKmd.sys.mui,E:\Windows\WinSxS\amd64_microsoft-windows-i..ernelmode.resources_31bf3856ad364e35_10.0.18362.1_en-us_60961924243ea957\IndirectKmd.sys.mui,File024
dnsclientcim.dll.mui,E:\Windows\WinSxS\amd64_microsoft-windows-d..owershell.resources_31bf3856ad364e35_10.0.18362.1_en-us_0ccdb32c44959471\dnsclientcim.dll.mui,File027
MoIME_ps.dll,E:\Windows\WinSxS\amd64_microsoft-windows-d..e-eashared-moimeexe_31bf3856ad364e35_10.0.18362.1_none_c4794cff19054fd7\MoIME_ps.dll,File101
F12Platform.dll.mui,E:\Windows\WinSxS\amd64_microsoft-windows-i..2platform.resources_31bf3856ad364e35_11.0.18362.1_en-us_bae4039eb6459191\F12Platform.dll.mui,File005
iislog.dll.mui,E:\Windows\WinSxS\amd64_microsoft-windows-i..gbinaries.resources_31bf3856ad364e35_10.0.18362.1_en-us_05eb636dbd701b75\iislog.dll.mui,File024
dhcpcsvc.dll.mui,E:\Windows\WinSxS\amd64_microsoft-windows-d..ll-minwin.resources_31bf3856ad364e35_10.0.18362.1_en-us_0747e10df4af7060\dhcpcsvc.dll.mui,File024
DevicesFlowBroker.dll.mui,E:\Windows\WinSxS\amd64_microsoft-windows-d..lowbroker.resources_31bf3856ad364e35_10.0.18362.1_en-us_cc06e6719fd127f9\DevicesFlowBroker.dll.mui,File024
IPNATHLPCLIENT.dll.mui,E:\Windows\WinSxS\amd64_microsoft-windows-i..hlpclient.resources_31bf3856ad364e35_10.0.18362.1_en-us_b0ef31553973d11a\IPNATHLPCLIENT.dll.mui,File024
inetmgr6.exe.mui,E:\Windows\WinSxS\amd64_microsoft-windows-i..acysnapin.resources_31bf3856ad364e35_10.0.18362.1_en-us_89dcd2340fc977a5\inetmgr6.exe.mui,File024
ieui.dll.mui,E:\Windows\WinSxS\amd64_microsoft-windows-i..i-windows.resources_31bf3856ad364e35_10.0.18362.1_en-us_fdccea428e16ffbe\ieui.dll.mui,File027
DevDispItemProvider.dll.mui,E:\Windows\WinSxS\amd64_microsoft-windows-d..mprovider.resources_31bf3856ad364e35_10.0.18362.1_en-us_febe6d915d4fb514\DevDispItemProvider.dll.mui,File024
imapi.dll.mui,E:\Windows\WinSxS\amd64_microsoft-windows-i..egacyshim.resources_31bf3856ad364e35_10.0.18362.1_en-us_f5d19f75964af2f8\imapi.dll.mui,File024
FolderProvider.dll.mui,E:\Windows\WinSxS\amd64_microsoft-windows-d..ment-core.resources_31bf3856ad364e35_10.0.18362.1_en-us_e44f23663e745405\FolderProvider.dll.mui,File005
iismui.dll.mui,E:\Windows\WinSxS\amd64_microsoft-windows-i..acysnapin.resources_31bf3856ad364e35_10.0.18362.1_en-us_89dcd2340fc977a5\iismui.dll.mui,File005
dwmapi.dll.mui,E:\Windows\WinSxS\amd64_microsoft-windows-d..nager-api.resources_31bf3856ad364e35_10.0.18362.1_en-us_c11fc5b200f92cd9\dwmapi.dll.mui,File027
DismProv.dll.mui,E:\Windows\WinSxS\amd64_microsoft-windows-d..ment-core.resources_31bf3856ad364e35_10.0.18362.1_en-us_e44f23663e745405\DismProv.dll.mui,File005
elscore.dll.mui,E:\Windows\WinSxS\amd64_microsoft-windows-i..-els-core.resources_31bf3856ad364e35_10.0.18362.1_en-us_cf4d2bc81451ee4c\elscore.dll.mui,File027
Windows.Devices.Picker.dll.mui,E:\Windows\WinSxS\amd64_microsoft-windows-d..es-picker.resources_31bf3856ad364e35_10.0.18362.1_en-us_832fdf6af5b062b5\Windows.Devices.Picker.dll.mui,File024
volmgrx.sys.mui,E:\Windows\WinSxS\amd64_microsoft-windows-d..memanager.resources_31bf3856ad364e35_10.0.18362.1_en-us_76f0fc470523ce0f\volmgrx.sys.mui,File024
adaminstall.exe.mui,E:\Windows\WinSxS\amd64_microsoft-windows-d..m-install.resources_31bf3856ad364e35_10.0.18362.1_en-us_415a08358af89356\adaminstall.exe.mui,File024
kbdnecat.dll,E:\Windows\WinSxS\amd64_microsoft-windows-i..ard-japanese_nec-at_31bf3856ad364e35_10.0.18362.1_none_1ad8af11112ae723\kbdnecat.dll,File001
Windows.ImmersiveShell.ServiceProvider.dll.mui,E:\Windows\WinSxS\amd64_microsoft-windows-i..eprovider.resources_31bf3856ad364e35_10.0.18362.1_en-us_687f24fb744073bd\Windows.ImmersiveShell.ServiceProvider.dll.mui,File027
hvsigpext.dll.mui,E:\Windows\WinSxS\amd64_microsoft-windows-hvsi-policy.resources_31bf3856ad364e35_10.0.18362.1_en-us_1ef8b0e8e47dd0f0\hvsigpext.dll.mui,File160
hvsievaluator.exe.mui,E:\Windows\WinSxS\amd64_microsoft-windows-hvsi-policy.resources_31bf3856ad364e35_10.0.18362.1_en-us_1ef8b0e8e47dd0f0\hvsievaluator.exe.mui,File160
playtomenu.dll.mui,E:\Windows\WinSxS\amd64_microsoft-windows-d..laytomenu.resources_31bf3856ad364e35_10.0.18362.1_en-us_10cebdc7f6b0ae76\playtomenu.dll.mui,File024
MDEServer.exe.mui,E:\Windows\WinSxS\amd64_microsoft-windows-d..mdeserver.resources_31bf3856ad364e35_10.0.18362.1_en-us_aa2194e43ba6259c\MDEServer.exe.mui,File005
DisplaySwitch.exe.mui,E:\Windows\WinSxS\amd64_microsoft-windows-d..layswitch.resources_31bf3856ad364e35_10.0.18362.1_en-us_d9b137dd2833ab2b\DisplaySwitch.exe.mui,File160
ContentDeliveryManager.Utilities.dll.mui,E:\Windows\WinSxS\amd64_microsoft-windows-c..rymanager.resources_31bf3856ad364e35_10.0.18362.1_en-us_009ccaff7c879d13\ContentDeliveryManager.Utilities.dll.mui,File024
ImagingDevices.exe.mui,E:\Windows\WinSxS\amd64_microsoft-windows-i..trolpanel.resources_31bf3856ad364e35_10.0.18362.1_en-us_a99272294f5d643d\ImagingDevices.exe.mui,File024
appcmd.exe.mui,E:\Windows\WinSxS\amd64_microsoft-windows-i..vercommon.resources_31bf3856ad364e35_10.0.18362.1_en-us_a586cdd37161dcdc\appcmd.exe.mui,File005
Windows.Internal.CapturePicker.dll.mui,E:\Windows\WinSxS\amd64_microsoft-windows-i..urepicker.resources_31bf3856ad364e35_10.0.18362.1_en-us_dddb048306648b1d\Windows.Internal.CapturePicker.dll.mui,File005
iertutil.dll.mui,E:\Windows\WinSxS\amd64_microsoft-windows-i..utilities.resources_31bf3856ad364e35_11.0.18362.1_en-us_d0f0cdafa7fe949d\iertutil.dll.mui,File024
iissetup.exe.mui,E:\Windows\WinSxS\amd64_microsoft-windows-i..vercommon.resources_31bf3856ad364e35_10.0.18362.1_en-us_a586cdd37161dcdc\iissetup.exe.mui,File027
msiexec.exe.mui,E:\Windows\WinSxS\amd64_microsoft-windows-i..xecutable.resources_31bf3856ad364e35_10.0.18362.1_en-us_cafe512a7d3452d6\msiexec.exe.mui,File005
windows.internal.shellcommon.shareexperience.dll.mui,E:\Windows\WinSxS\amd64_microsoft-windows-i..xperience.resources_31bf3856ad364e35_10.0.18362.1_en-us_3ceb1d8a5813ff00\windows.internal.shellcommon.shareexperience.dll.mui,File160
Microsoft-Windows-Internal-Shell-NearShareExperience.dll.mui,E:\Windows\WinSxS\amd64_microsoft-windows-i..xperience.resources_31bf3856ad364e35_10.0.18362.1_en-us_ce399b2dfbe4fb12\Microsoft-Windows-Internal-Shell-NearShareExperience.dll.mui,File160
CompMgmtLauncher.exe.mui,E:\Windows\WinSxS\amd64_microsoft-windows-c..rlauncher.resources_31bf3856ad364e35_10.0.18362.1_en-us_16369b7359f55449\CompMgmtLauncher.exe.mui,File005
icsigd.dll.mui,E:\Windows\WinSxS\amd64_microsoft-windows-icsigd.resources_31bf3856ad364e35_10.0.18362.1_en-us_e6e129b9533b360c\icsigd.dll.mui,File160
colorcpl.exe.mui,E:\Windows\WinSxS\amd64_microsoft-windows-icm-ui.resources_31bf3856ad364e35_10.0.18362.1_en-us_0eefcf221ee8f717\colorcpl.exe.mui,File024
licmgr10.dll.mui,E:\Windows\WinSxS\amd64_microsoft-windows-ie-controls.resources_31bf3856ad364e35_11.0.18362.1_en-us_b43802b99ff58063\licmgr10.dll.mui,File160
msfeedsbs.dll.mui,E:\Windows\WinSxS\amd64_microsoft-windows-ie-feedsbs.resources_31bf3856ad364e35_11.0.18362.1_en-us_4ec8d96fc048a98f\msfeedsbs.dll.mui,File005
FileHistory.exe.mui,E:\Windows\WinSxS\amd64_microsoft-windows-f..istory-ui.resources_31bf3856ad364e35_10.0.18362.1_en-us_da650a5787460b9e\FileHistory.exe.mui,File005
hnetcfgclient.dll.mui,E:\Windows\WinSxS\amd64_microsoft-windows-h..cfgclient.resources_31bf3856ad364e35_10.0.18362.1_en-us_f41ea9c7b7b83df9\hnetcfgclient.dll.mui,File024
ActionCenter.dll,E:\Windows\WinSxS\amd64_microsoft-windows-healthcenter_31bf3856ad364e35_10.0.18362.1_none_7dba922ee10cea8d\ActionCenter.dll,File148
fhcleanup.dll.mui,E:\Windows\WinSxS\amd64_microsoft-windows-f..tory-core.resources_31bf3856ad364e35_10.0.18362.1_en-us_cb2f68203db61575\fhcleanup.dll.mui,File024
Microsoft.Graphics.Display.DisplayEnhancementService.dll.mui,E:\Windows\WinSxS\amd64_microsoft-windows-g..ntservice.resources_31bf3856ad364e35_10.0.18362.1_en-us_c8d83de95c6d587d\Microsoft.Graphics.Display.DisplayEnhancementService.dll.mui,File024
lpk.dll,E:\Windows\WinSxS\amd64_microsoft-windows-gdi_31bf3856ad364e35_10.0.18362.356_none_ffa149e3ec275d99\lpk.dll,File024
grpconv.exe.mui,E:\Windows\WinSxS\amd64_microsoft-windows-grpconv.resources_31bf3856ad364e35_10.0.18362.1_en-us_bfb984f8caa556d4\grpconv.exe.mui,File024
ddraw.dll.mui,E:\Windows\WinSxS\amd64_microsoft-windows-d..irectdraw.resources_31bf3856ad364e35_10.0.18362.1_en-us_4112b544ea1f98ce\ddraw.dll.mui,File024
fc.exe.mui,E:\Windows\WinSxS\amd64_microsoft-windows-f..utilities.resources_31bf3856ad364e35_10.0.18362.1_en-us_55c7e71f4dbb8c19\fc.exe.mui,File005
fhtask.dll.mui,E:\Windows\WinSxS\amd64_microsoft-windows-f..tory-core.resources_31bf3856ad364e35_10.0.18362.1_en-us_cb2f68203db61575\fhtask.dll.mui,File024
DispBroker.Desktop.dll.mui,E:\Windows\WinSxS\amd64_microsoft-windows-d..ispbroker.resources_31bf3856ad364e35_10.0.18362.1_en-us_88964c7e31216b38\DispBroker.Desktop.dll.mui,File024
comp.exe.mui,E:\Windows\WinSxS\amd64_microsoft-windows-f..utilities.resources_31bf3856ad364e35_10.0.18362.1_en-us_55c7e71f4dbb8c19\comp.exe.mui,File005
dosvc.dll.mui,E:\Windows\WinSxS\amd64_microsoft-windows-d..imization.resources_31bf3856ad364e35_10.0.18362.1_en-us_5ec79a7baf19efdc\dosvc.dll.mui,File027
hvsifltr.sys.mui,E:\Windows\WinSxS\amd64_microsoft-windows-h..er-driver.resources_31bf3856ad364e35_10.0.18362.1_en-us_16ce7dbce6252b21\hvsifltr.sys.mui,File027
computenetwork.dll.mui,E:\Windows\WinSxS\amd64_microsoft-windows-h..ce-client.resources_31bf3856ad364e35_10.0.18362.1_en-us_ca0f9f50eba7f55a\computenetwork.dll.mui,File005
FXSUTILITY.dll.mui,E:\Windows\WinSxS\amd64_microsoft-windows-f..lications.resources_31bf3856ad364e35_10.0.18362.1_en-us_e6b739cef94153a8\FXSUTILITY.dll.mui,File071
getuname.dll,E:\Windows\WinSxS\amd64_microsoft-windows-getuname_31bf3856ad364e35_10.0.18362.1_none_ffba98c116c7c442\getuname.dll,File042
fhcfg.dll.mui,E:\Windows\WinSxS\amd64_microsoft-windows-f..tory-core.resources_31bf3856ad364e35_10.0.18362.1_en-us_cb2f68203db61575\fhcfg.dll.mui,File024
resutils.dll.mui,E:\Windows\WinSxS\amd64_microsoft-windows-f..lientcore.resources_31bf3856ad364e35_10.0.18362.1_en-us_b23187ad1ac9d7cc\resutils.dll.mui,File005
dnsrslvr.dll.mui,E:\Windows\WinSxS\amd64_microsoft-windows-d..ient-core.resources_31bf3856ad364e35_10.0.18362.1_en-us_e9a076797e758d0c\dnsrslvr.dll.mui,File027
IBSProvider.dll.mui,E:\Windows\WinSxS\amd64_microsoft-windows-d..iders-ibs.resources_31bf3856ad364e35_10.0.18362.1_en-us_d982504b37985c19\IBSProvider.dll.mui,File005
listsvc.dll.mui,E:\Windows\WinSxS\amd64_microsoft-windows-h..p-listsvc.resources_31bf3856ad364e35_10.0.18362.1_en-us_330b8df48d4ca1ba\listsvc.dll.mui,File160
DiagPackage.dll.mui,E:\Windows\WinSxS\amd64_microsoft-windows-d..iagnostic.resources_31bf3856ad364e35_10.0.18362.1_en-us_975793c8d4446d3e\DiagPackage.dll.mui,File042
getmac.exe.mui,E:\Windows\WinSxS\amd64_microsoft-windows-getmac.resources_31bf3856ad364e35_10.0.18362.1_en-us_8b6889af19fdae26\getmac.exe.mui,File001
fhengine.dll.mui,E:\Windows\WinSxS\amd64_microsoft-windows-f..tory-core.resources_31bf3856ad364e35_10.0.18362.1_en-us_cb2f68203db61575\fhengine.dll.mui,File005
DataExchangeHost.exe.mui,E:\Windows\WinSxS\amd64_microsoft-windows-d..hangehost.resources_31bf3856ad364e35_10.0.18362.1_en-us_8c4e41dc0a7f8efa\DataExchangeHost.exe.mui,File005
extrac32.exe.mui,E:\Windows\WinSxS\amd64_microsoft-windows-extrac32.resources_31bf3856ad364e35_10.0.18362.1_en-us_ddb1700e6e560ebb\extrac32.exe.mui,File024
fthsvc.dll.mui,E:\Windows\WinSxS\amd64_microsoft-windows-f..rant-heap.resources_31bf3856ad364e35_10.0.18362.1_en-us_ddee322f55ceb8f2\fthsvc.dll.mui,File027
RemotePosWorker.exe,E:\Windows\WinSxS\amd64_microsoft-windows-d..ice-remoteposworker_31bf3856ad364e35_10.0.18362.1_none_f1dd2591f402511f\RemotePosWorker.exe,File101
FlightSettings.dll.mui,E:\Windows\WinSxS\amd64_microsoft-windows-f..-settings.resources_31bf3856ad364e35_10.0.18362.1_en-us_c776deed898adfdd\FlightSettings.dll.mui,File024
fhshl.dll.mui,E:\Windows\WinSxS\amd64_microsoft-windows-f..tory-core.resources_31bf3856ad364e35_10.0.18362.1_en-us_cb2f68203db61575\fhshl.dll.mui,File005
VerifierExt.sys.mui,E:\Windows\WinSxS\amd64_microsoft-windows-d..ifier-xdv.resources_31bf3856ad364e35_10.0.18362.1_en-us_ceb38d18691d9de4\VerifierExt.sys.mui,File027
wosc.dll.mui,E:\Windows\WinSxS\amd64_microsoft-windows-f..ngsclient.resources_31bf3856ad364e35_10.0.18362.1_en-us_d0c6985aa816adb8\wosc.dll.mui,File024
WindowsActionDialog.exe.mui,E:\Windows\WinSxS\amd64_microsoft-windows-g..omponents.resources_31bf3856ad364e35_10.0.18362.1_en-us_ae886e797e6e3860\WindowsActionDialog.exe.mui,File024
DAMM.dll.mui,E:\Windows\WinSxS\amd64_microsoft-windows-d..iamanager.resources_31bf3856ad364e35_10.0.18362.1_en-us_e0a92937d32a2106\DAMM.dll.mui,File024
LocationNotificationWindows.exe.mui,E:\Windows\WinSxS\amd64_microsoft-windows-g..omponents.resources_31bf3856ad364e35_10.0.18362.1_en-us_ae886e797e6e3860\LocationNotificationWindows.exe.mui,File024
DfsShlEx.dll.mui,E:\Windows\WinSxS\amd64_microsoft-windows-dfsui.resources_31bf3856ad364e35_10.0.18362.1_en-us_c8317d2cf015c902\DfsShlEx.dll.mui,File027
dpapimig.exe.mui,E:\Windows\WinSxS\amd64_microsoft-windows-dpapi-keys.resources_31bf3856ad364e35_10.0.18362.1_en-us_bb4a2e8ea31b7b00\dpapimig.exe.mui,File160
energytask.dll.mui,E:\Windows\WinSxS\amd64_microsoft-windows-e..zard-task.resources_31bf3856ad364e35_10.0.18362.1_en-us_593dd318718a68d7\energytask.dll.mui,File024
dmdskres2.dll,E:\Windows\WinSxS\amd64_microsoft-windows-diskmanagement_31bf3856ad364e35_10.0.18362.1_none_d3f525b2ecf5ae40\dmdskres2.dll,File005
WorkFoldersShell.Dll.mui,E:\Windows\WinSxS\amd64_microsoft-windows-e..sync-host.resources_31bf3856ad364e35_10.0.18362.1_en-us_66e86e0f483d00a7\WorkFoldersShell.Dll.mui,File160
XInput9_1_0.dll,E:\Windows\WinSxS\amd64_microsoft-windows-directx-xinput_31bf3856ad364e35_10.0.18362.1_none_05553625bb2af686\XInput9_1_0.dll,File042
EnterpriseAppMgmtSvc.dll.mui,E:\Windows\WinSxS\amd64_microsoft-windows-e..t-onecore.resources_31bf3856ad364e35_10.0.18362.1_en-us_b0c61ef3ad874d32\EnterpriseAppMgmtSvc.dll.mui,File024
eappcfgui.dll.mui,E:\Windows\WinSxS\amd64_microsoft-windows-eappcfgui.resources_31bf3856ad364e35_10.0.18362.1_en-us_9d22c111c71f4a01\eappcfgui.dll.mui,File160
XAudio2_8.dll,E:\Windows\WinSxS\amd64_microsoft-windows-directx-xaudio2_8_31bf3856ad364e35_10.0.18362.1_none_18dfadb9ba633cc7\XAudio2_8.dll,File027
TtlsAuth.dll.mui,E:\Windows\WinSxS\amd64_microsoft-windows-eapttls.resources_31bf3856ad364e35_10.0.18362.356_en-us_528577ca1f579449\TtlsAuth.dll.mui,File160
dmdskres.dll,E:\Windows\WinSxS\amd64_microsoft-windows-diskmanagement_31bf3856ad364e35_10.0.18362.1_none_d3f525b2ecf5ae40\dmdskres.dll,File005
DiagPackage.dll,E:\Windows\WinSxS\amd64_microsoft-windows-devicecenterdiagnostic_31bf3856ad364e35_10.0.18362.1_none_df13ca1652d1047e\DiagPackage.dll,File005
deskmon.dll.mui,E:\Windows\WinSxS\amd64_microsoft-windows-deskmon.resources_31bf3856ad364e35_10.0.18362.1_en-us_e805e712796717a2\deskmon.dll.mui,File160
desk.cpl.mui,E:\Windows\WinSxS\amd64_microsoft-windows-desk.resources_31bf3856ad364e35_10.0.18362.1_en-us_2cef5e16f5cb3fcc\desk.cpl.mui,File027
dafpos.dll.mui,E:\Windows\WinSxS\amd64_microsoft-windows-d..rvice-daf.resources_31bf3856ad364e35_10.0.18362.1_en-us_3980a166d2de7a17\dafpos.dll.mui,File005
DeviceProperties.exe.mui,E:\Windows\WinSxS\amd64_microsoft-windows-d..roperties.resources_31bf3856ad364e35_10.0.18362.1_en-us_11a0b038ac0ea432\DeviceProperties.exe.mui,File005
DocumentPerformanceEvents.dll.mui,E:\Windows\WinSxS\amd64_microsoft-windows-d..rformance.resources_31bf3856ad364e35_10.0.18362.1_en-us_0c135eb714f26836\DocumentPerformanceEvents.dll.mui,File024
wdi.dll.mui,E:\Windows\WinSxS\amd64_microsoft-windows-d..re-client.resources_31bf3856ad364e35_10.0.18362.1_en-us_82061c27888e83f9\wdi.dll.mui,File027
Windows.Devices.SmartCards.dll.mui,E:\Windows\WinSxS\amd64_microsoft-windows-d..rds-winrt.resources_31bf3856ad364e35_10.0.18362.1_en-us_6683ee6c324ef982\Windows.Devices.SmartCards.dll.mui,File027
GCDEF.dll.mui,E:\Windows\WinSxS\amd64_microsoft-windows-d..rectinput.resources_31bf3856ad364e35_10.0.18362.1_en-us_7fa1ddd02d69d9f4\GCDEF.dll.mui,File042
DefaultPrinterProvider.dll.mui,E:\Windows\WinSxS\amd64_microsoft-windows-d..rprovider.resources_31bf3856ad364e35_10.0.18362.1_en-us_d97ef3e260043cdd\DefaultPrinterProvider.dll.mui,File005
SmiProvider.dll.mui,E:\Windows\WinSxS\amd64_microsoft-windows-d..providers.resources_31bf3856ad364e35_10.0.18362.1_en-us_43603227e5c4370a\SmiProvider.dll.mui,File005
OSProvider.dll.mui,E:\Windows\WinSxS\amd64_microsoft-windows-d..providers.resources_31bf3856ad364e35_10.0.18362.1_en-us_43603227e5c4370a\OSProvider.dll.mui,File024
pnppolicy.dll.mui,E:\Windows\WinSxS\amd64_microsoft-windows-d..ouppolicy.resources_31bf3856ad364e35_10.0.18362.1_en-us_6687b9fdd13cb1ac\pnppolicy.dll.mui,File005
CashDrawerProtocolProvider.dll.mui,E:\Windows\WinSxS\amd64_microsoft-windows-d..providers.resources_31bf3856ad364e35_10.0.18362.1_en-us_20af159f31deade4\CashDrawerProtocolProvider.dll.mui,File024
PrinterProtocolProvider.dll.mui,E:\Windows\WinSxS\amd64_microsoft-windows-d..providers.resources_31bf3856ad364e35_10.0.18362.1_en-us_20af159f31deade4\PrinterProtocolProvider.dll.mui,File005
BarcodeScannerProtocolProvider.dll.mui,E:\Windows\WinSxS\amd64_microsoft-windows-d..providers.resources_31bf3856ad364e35_10.0.18362.1_en-us_20af159f31deade4\BarcodeScannerProtocolProvider.dll.mui,File024
OfflineSetupProvider.dll.mui,E:\Windows\WinSxS\amd64_microsoft-windows-d..providers.resources_31bf3856ad364e35_10.0.18362.1_en-us_43603227e5c4370a\OfflineSetupProvider.dll.mui,File005
iyuv_32.dll.mui,E:\Windows\WinSxS\amd64_microsoft-windows-d..onverters.resources_31bf3856ad364e35_10.0.18362.1_en-us_baa6951372169278\iyuv_32.dll.mui,File027
GenericProvider.dll.mui,E:\Windows\WinSxS\amd64_microsoft-windows-d..providers.resources_31bf3856ad364e35_10.0.18362.1_en-us_43603227e5c4370a\GenericProvider.dll.mui,File024
devenum.dll.mui,E:\Windows\WinSxS\amd64_microsoft-windows-d..w-devenum.resources_31bf3856ad364e35_10.0.18362.1_en-us_6dfacfb253c32e80\devenum.dll.mui,File024
XInput1_4.dll.mui,E:\Windows\WinSxS\amd64_microsoft-windows-d..xinput1_4.resources_31bf3856ad364e35_10.0.18362.1_en-us_d7612aa81cab7443\XInput1_4.dll.mui,File005
DeviceDisplayStatusManager.dll.mui,E:\Windows\WinSxS\amd64_microsoft-windows-d..usmanager.resources_31bf3856ad364e35_10.0.18362.1_en-us_4837ae9d3ef70512\DeviceDisplayStatusManager.dll.mui,File005
domgmt.dll.mui,E:\Windows\WinSxS\amd64_microsoft-windows-d..tion-mgmt.resources_31bf3856ad364e35_10.0.18362.1_en-us_b4d25e8ceff662ba\domgmt.dll.mui,File027
DeviceSetupStatusProvider.dll.mui,E:\Windows\WinSxS\amd64_microsoft-windows-d..sprovider.resources_31bf3856ad364e35_10.0.18362.1_en-us_85ce902b0e2511a3\DeviceSetupStatusProvider.dll.mui,File160
Docking.VirtualInput.dll.mui,E:\Windows\WinSxS\amd64_microsoft-windows-d..tualinput.resources_31bf3856ad364e35_10.0.18362.1_en-us_c1acd3436285d8d5\Docking.VirtualInput.dll.mui,File005
XInput9_1_0.dll.mui,E:\Windows\WinSxS\amd64_microsoft-windows-d..tx-xinput.resources_31bf3856ad364e35_10.0.18362.1_en-us_d4aa9e0ffb2d5f1f\XInput9_1_0.dll.mui,File005
DeviceDirectoryClient.dll.mui,E:\Windows\WinSxS\amd64_microsoft-windows-d..t-onecore.resources_31bf3856ad364e35_10.0.18362.1_en-us_54a928b47b886cad\DeviceDirectoryClient.dll.mui,File027
pwrshmsg.dll,E:\Windows\WinSxS\amd64_microsoft-windows-powershell-message_31bf3856ad364e35_10.0.18362.1_none_ffa26801b59d52ed\pwrshmsg.dll,File005
UpdatePrinterDriver.dll,E:\Windows\WinSxS\amd64_microsoft-windows-printerdiagnostic_31bf3856ad364e35_10.0.18362.1_none_981cb12c17f1dd8d\UpdatePrinterDriver.dll,File001
PeopleBand.dll.mui,E:\Windows\WinSxS\amd64_microsoft-windows-peopleband.resources_31bf3856ad364e35_10.0.18362.1_en-us_dfdd0ac4a8c643b3\PeopleBand.dll.mui,File005
pnrpauto.dll.mui,E:\Windows\WinSxS\amd64_microsoft-windows-p..rpautoreg.resources_31bf3856ad364e35_10.0.18362.1_en-us_50e99dce1442a171\pnrpauto.dll.mui,File024
TCPMON.dll.mui,E:\Windows\WinSxS\amd64_microsoft-windows-p..tcpmondll.resources_31bf3856ad364e35_10.0.18362.1_en-us_f16f8017075a6e27\TCPMON.dll.mui,File024
WEB.rs.mui,E:\Windows\WinSxS\amd64_microsoft-windows-p..ystem-web.resources_31bf3856ad364e35_10.0.18362.1_en-us_831453b845d66437\WEB.rs.mui,File024
PeerDistCleaner.dll.mui,E:\Windows\WinSxS\amd64_microsoft-windows-peerdist.resources_31bf3856ad364e35_10.0.18362.1_en-us_e322310fb15d6a21\PeerDistCleaner.dll.mui,File005
pdc.sys.mui,E:\Windows\WinSxS\amd64_microsoft-windows-pdc.resources_31bf3856ad364e35_10.0.18362.1_en-us_f1a1fe4b6fd8f72c\pdc.sys.mui,File005
APMon.dll.mui,E:\Windows\WinSxS\amd64_microsoft-windows-p..rtmonitor.resources_31bf3856ad364e35_10.0.18362.1_en-us_369836fbc0f6d7b2\APMon.dll.mui,File024
drt.dll.mui,E:\Windows\WinSxS\amd64_microsoft-windows-p..topeerdrt.resources_31bf3856ad364e35_10.0.18362.1_en-us_f84d1197bedb4ba2\drt.dll.mui,File042
PlayToManager.dll.mui,E:\Windows\WinSxS\amd64_microsoft-windows-p..tomanager.resources_31bf3856ad364e35_10.0.18362.1_en-us_afc9e979a16f259d\PlayToManager.dll.mui,File160
PlayToStatusProvider.dll.mui,E:\Windows\WinSxS\amd64_microsoft-windows-p..sprovider.resources_31bf3856ad364e35_10.0.18362.1_en-us_19bc5f1c15c1410d\PlayToStatusProvider.dll.mui,File005
powershell.exe.mui,E:\Windows\WinSxS\amd64_microsoft-windows-p..shell-mui.resources_31bf3856ad364e35_10.0.18362.1_en-us_1346d57ff36812e4\powershell.exe.mui,File071
lpq.exe.mui,E:\Windows\WinSxS\amd64_microsoft-windows-p..rtmonitor.resources_31bf3856ad364e35_10.0.18362.1_en-us_4ce045c4788119f8\lpq.exe.mui,File027
ping.exe.mui,E:\Windows\WinSxS\amd64_microsoft-windows-p..utilities.resources_31bf3856ad364e35_10.0.18362.1_en-us_5e998177db4afaba\ping.exe.mui,File042
SystemPropertiesPerformance.exe.mui,E:\Windows\WinSxS\amd64_microsoft-windows-performance.resources_31bf3856ad364e35_10.0.18362.1_en-us_1910e01494fac0c5\SystemPropertiesPerformance.exe.mui,File005
wpnservice.dll.mui,E:\Windows\WinSxS\amd64_microsoft-windows-p..s-service.resources_31bf3856ad364e35_10.0.18362.1_en-us_22f1198381706093\wpnservice.dll.mui,File024
TCPMonUI.dll.mui,E:\Windows\WinSxS\amd64_microsoft-windows-p..rtmonitor.resources_31bf3856ad364e35_10.0.18362.1_en-us_279829c19a6c7ba7\TCPMonUI.dll.mui,File042
PlayToDevice.dll.mui,E:\Windows\WinSxS\amd64_microsoft-windows-p..evice-dll.resources_31bf3856ad364e35_10.0.18362.1_en-us_2fe16b70afe4ef69\PlayToDevice.dll.mui,File005
AuthBroker.dll.mui,E:\Windows\WinSxS\amd64_microsoft-windows-o..y-webauth.resources_31bf3856ad364e35_10.0.18362.1_en-us_290853df38725ab4\AuthBroker.dll.mui,File027
UserOOBE.dll.mui,E:\Windows\WinSxS\amd64_microsoft-windows-oobe-user.resources_31bf3856ad364e35_10.0.18362.1_en-us_2d4cc325e86de426\UserOOBE.dll.mui,File024
BTAGService.dll.mui,E:\Windows\WinSxS\amd64_microsoft-windows-o..tooth-hfp.resources_31bf3856ad364e35_10.0.18362.1_en-us_091397e5f6256b74\BTAGService.dll.mui,File027
msoobeplugins.dll.mui,E:\Windows\WinSxS\amd64_microsoft-windows-o..e-plugins.resources_31bf3856ad364e35_10.0.18362.1_en-us_c2c860d00c1489b7\msoobeplugins.dll.mui,File027
localui.dll.mui,E:\Windows\WinSxS\amd64_microsoft-windows-p..lprinting.resources_31bf3856ad364e35_10.0.18362.1_en-us_4249bacdebcd6b91\localui.dll.mui,File027
PerceptionSimulationService.exe.mui,E:\Windows\WinSxS\amd64_microsoft-windows-p..n-service.resources_31bf3856ad364e35_10.0.18362.1_en-us_ba2f042b599560f5\PerceptionSimulationService.exe.mui,File024
pots.dll.mui,E:\Windows\WinSxS\amd64_microsoft-windows-p..leshooter.resources_31bf3856ad364e35_10.0.18362.1_en-us_574f24153d63edbd\pots.dll.mui,File027
ntlanman.dll,E:\Windows\WinSxS\amd64_microsoft-windows-ntlanman_31bf3856ad364e35_10.0.18362.1_none_026e85c05fd88f2f\ntlanman.dll,File213
txfw32.dll,E:\Windows\WinSxS\amd64_microsoft-windows-ntfstransactionapi_31bf3856ad364e35_10.0.18362.1_none_ab36580b3e7314a5\txfw32.dll,File101
ntlanman.dll.mui,E:\Windows\WinSxS\amd64_microsoft-windows-ntlanman.resources_31bf3856ad364e35_10.0.18362.1_en-us_0e1ef74ec595b586\ntlanman.dll.mui,File027
Windows.Perception.Stub.dll.mui,E:\Windows\WinSxS\amd64_microsoft-windows-p..napi-stub.resources_31bf3856ad364e35_10.0.18362.1_en-us_f81688aa9d40f4e3\Windows.Perception.Stub.dll.mui,File160
ncsi.dll.mui,E:\Windows\WinSxS\amd64_microsoft-windows-ncsi.resources_31bf3856ad364e35_10.0.18362.1_en-us_429c7e9d72064602\ncsi.dll.mui,File101
neth.dll,E:\Windows\WinSxS\amd64_microsoft-windows-net-command-line-tool_31bf3856ad364e35_10.0.18362.1_none_248fc17befaf7ebb\neth.dll,File005
ndisuio.sys.mui,E:\Windows\WinSxS\amd64_microsoft-windows-ndisuio.resources_31bf3856ad364e35_10.0.18362.1_en-us_6eb05e38bcabae24\ndisuio.sys.mui,File027
mssecflt.sys.mui,E:\Windows\WinSxS\amd64_microsoft-windows-mssecfilter.resources_31bf3856ad364e35_10.0.18362.1_en-us_1620f746ad411e68\mssecflt.sys.mui,File024
sdohlp.dll.mui,E:\Windows\WinSxS\amd64_microsoft-windows-n..datastore.resources_31bf3856ad364e35_10.0.18362.1_en-us_59901901b1cd50ba\sdohlp.dll.mui,File160
iasads.dll.mui,E:\Windows\WinSxS\amd64_microsoft-windows-n..datastore.resources_31bf3856ad364e35_10.0.18362.1_en-us_59901901b1cd50ba\iasads.dll.mui,File005
win32spl.dll.mui,E:\Windows\WinSxS\amd64_microsoft-windows-p..orkclient.resources_31bf3856ad364e35_10.0.18362.1_en-us_8bea837833e89773\win32spl.dll.mui,File024
wfplwfs.sys.mui,E:\Windows\WinSxS\amd64_microsoft-windows-n..-security.resources_31bf3856ad364e35_10.0.18362.1_en-us_209339dcc1cbf62c\wfplwfs.sys.mui,File027
semgrsvc.dll.mui,E:\Windows\WinSxS\amd64_microsoft-windows-n..anagement.resources_31bf3856ad364e35_10.0.18362.1_en-us_e7091f81c03ed072\semgrsvc.dll.mui,File024
pnrpnsp.dll.mui,E:\Windows\WinSxS\amd64_microsoft-windows-p..opeerpnrp.resources_31bf3856ad364e35_10.0.18362.1_en-us_6d58b8181d7607a0\pnrpnsp.dll.mui,File005
iasacct.dll.mui,E:\Windows\WinSxS\amd64_microsoft-windows-n..e_runtime.resources_31bf3856ad364e35_10.0.18362.1_en-us_c5ac9aaeeb07c70d\iasacct.dll.mui,File005
NfcRadioMedia.dll.mui,E:\Windows\WinSxS\amd64_microsoft-windows-n..aprovider.resources_31bf3856ad364e35_10.0.18362.1_en-us_e9540d1a69d90be1\NfcRadioMedia.dll.mui,File005
wpnprv.dll.mui,E:\Windows\WinSxS\amd64_microsoft-windows-p..r-library.resources_31bf3856ad364e35_10.0.18362.1_en-us_029511ec2469d3c1\wpnprv.dll.mui,File024
microsoft-windows-processor-aggregator-events.dll,E:\Windows\WinSxS\amd64_microsoft-windows-p..r-aggregator-events_31bf3856ad364e35_10.0.18362.1_none_f618cb11772c3258\microsoft-windows-processor-aggregator-events.dll,File160
Mystify.scr.mui,E:\Windows\WinSxS\amd64_microsoft-windows-mystify.resources_31bf3856ad364e35_10.0.18362.1_en-us_2046774a63eb0950\Mystify.scr.mui,File101
pwsso.dll.mui,E:\Windows\WinSxS\amd64_microsoft-windows-p..paces-sso.resources_31bf3856ad364e35_10.0.18362.1_en-us_fbe8fd466be1877a\pwsso.dll.mui,File024
plasrv.exe,E:\Windows\WinSxS\amd64_microsoft-windows-p..rastructureconsumer_31bf3856ad364e35_10.0.18362.1_none_8639fe9aadaa7bbd\plasrv.exe,File001
gpprnext.dll.mui,E:\Windows\WinSxS\amd64_microsoft-windows-p..ooler-ppc.resources_31bf3856ad364e35_10.0.18362.1_en-us_cd2757e74d2bb9f3\gpprnext.dll.mui,File005
psmsrv.dll.mui,E:\Windows\WinSxS\amd64_microsoft-windows-p..oreserver.resources_31bf3856ad364e35_10.0.18362.1_en-us_f34c6f72a60b7cc3\psmsrv.dll.mui,File027
ikeext.dll.mui,E:\Windows\WinSxS\amd64_microsoft-windows-n..-security.resources_31bf3856ad364e35_10.0.18362.1_en-us_209339dcc1cbf62c\ikeext.dll.mui,File160
msxml3r.dll,E:\Windows\WinSxS\amd64_microsoft-windows-msxml30_31bf3856ad364e35_10.0.18362.239_none_de5510d628643985\msxml3r.dll,File005
pnrpsvc.dll.mui,E:\Windows\WinSxS\amd64_microsoft-windows-p..opeerbase.resources_31bf3856ad364e35_10.0.18362.1_en-us_4da0f009f61c147d\pnrpsvc.dll.mui,File071
mssign32.dll.mui,E:\Windows\WinSxS\amd64_microsoft-windows-mssign32-dll.resources_31bf3856ad364e35_10.0.18362.1_en-us_9054b69a711974d2\mssign32.dll.mui,File160
p2psvc.dll.mui,E:\Windows\WinSxS\amd64_microsoft-windows-p..rgrouping.resources_31bf3856ad364e35_10.0.18362.1_en-us_60f8ea253c471b6b\p2psvc.dll.mui,File027
datusage.dll.mui,E:\Windows\WinSxS\amd64_microsoft-windows-n..datausage.resources_31bf3856ad364e35_10.0.18362.1_en-us_c8d68ca7f1dd4da7\datusage.dll.mui,File027
nbtstat.exe.mui,E:\Windows\WinSxS\amd64_microsoft-windows-nbtstat.resources_31bf3856ad364e35_10.0.18362.1_en-us_8dce2f3298ced105\nbtstat.exe.mui,File001
ncryptprov.dll.mui,E:\Windows\WinSxS\amd64_microsoft-windows-n..tprov-dll.resources_31bf3856ad364e35_10.0.18362.1_en-us_5bec5ffb0bd335bd\ncryptprov.dll.mui,File027
corrEngine.dll.mui,E:\Windows\WinSxS\amd64_microsoft-windows-n..sh-helper.resources_31bf3856ad364e35_10.0.18362.1_en-us_ba94e45a69a71ccb\corrEngine.dll.mui,File005
iashlpr.dll.mui,E:\Windows\WinSxS\amd64_microsoft-windows-n..untimeapi.resources_31bf3856ad364e35_10.0.18362.1_en-us_629beeea1d4f41f3\iashlpr.dll.mui,File005
napinsp.dll.mui,E:\Windows\WinSxS\amd64_microsoft-windows-n..structure.resources_31bf3856ad364e35_10.0.18362.1_en-us_c097b46e0ce27c15\napinsp.dll.mui,File005
sensrsvc.dll.mui,E:\Windows\WinSxS\amd64_microsoft-windows-m..s-service.resources_31bf3856ad364e35_10.0.18362.1_en-us_e8ecc630c6c8d846\sensrsvc.dll.mui,File027
ActiveSyncCsp.dll.mui,E:\Windows\WinSxS\amd64_microsoft-windows-m..vesynccsp.resources_31bf3856ad364e35_10.0.18362.1_en-us_72882b801e1f7a83\ActiveSyncCsp.dll.mui,File024
sqlxmlx.rll,E:\Windows\WinSxS\amd64_microsoft-windows-m..ponents-mdac-sqlxml_31bf3856ad364e35_10.0.18362.1_none_ebd0ad4beab86652\sqlxmlx.rll,File005
EASPolicyManagerBrokerHost.exe.mui,E:\Windows\WinSxS\amd64_microsoft-windows-m..rokerhost.resources_31bf3856ad364e35_10.0.18362.1_en-us_44500fda43e4eecb\EASPolicyManagerBrokerHost.exe.mui,File024
msadcor.dll,E:\Windows\WinSxS\amd64_microsoft-windows-m..rds-datacontrol-rll_31bf3856ad364e35_10.0.18362.1_none_9675eb3bb2fea2d5\msadcor.dll,File005
ModernExecServer.dll.mui,E:\Windows\WinSxS\amd64_microsoft-windows-m..xecserver.resources_31bf3856ad364e35_10.0.18362.1_en-us_e8ea51f5f287fc58\ModernExecServer.dll.mui,File024
msdaremr.dll,E:\Windows\WinSxS\amd64_microsoft-windows-m..remote-provider-rll_31bf3856ad364e35_10.0.18362.1_none_7a8f79c11ca0a352\msdaremr.dll,File005
MixedRealityRuntime.dll.mui,E:\Windows\WinSxS\amd64_microsoft-windows-m..y-runtime.resources_31bf3856ad364e35_10.0.18362.1_en-us_f97a4a955a21ff01\MixedRealityRuntime.dll.mui,File005
print.exe.mui,E:\Windows\WinSxS\amd64_microsoft-windows-m..utilities.resources_31bf3856ad364e35_10.0.18362.1_en-us_57ddc76e70dce0e8\print.exe.mui,File005
mskeyprotcli.dll.mui,E:\Windows\WinSxS\amd64_microsoft-windows-m..otcli-dll.resources_31bf3856ad364e35_10.0.18362.1_en-us_af7a19992bf524b0\mskeyprotcli.dll.mui,File005
mfpmp.exe.mui,E:\Windows\WinSxS\amd64_microsoft-windows-m..oundation.resources_31bf3856ad364e35_10.0.18362.1_en-us_610689463922d2fc\mfpmp.exe.mui,File005
replace.exe.mui,E:\Windows\WinSxS\amd64_microsoft-windows-m..utilities.resources_31bf3856ad364e35_10.0.18362.1_en-us_57ddc76e70dce0e8\replace.exe.mui,File005
subst.exe.mui,E:\Windows\WinSxS\amd64_microsoft-windows-m..utilities.resources_31bf3856ad364e35_10.0.18362.1_en-us_57ddc76e70dce0e8\subst.exe.mui,File005
syncreg.dll.mui,E:\Windows\WinSxS\amd64_microsoft-windows-m..providers.resources_31bf3856ad364e35_10.0.18362.1_en-us_9b90659d3f86d7e4\syncreg.dll.mui,File024
mmcshext.dll.mui,E:\Windows\WinSxS\amd64_microsoft-windows-m..t-console.resources_31bf3856ad364e35_10.0.18362.1_en-us_37a09873710ecad1\mmcshext.dll.mui,File005
cic.dll.mui,E:\Windows\WinSxS\amd64_microsoft-windows-m..t-console.resources_31bf3856ad364e35_10.0.18362.1_en-us_37a09873710ecad1\cic.dll.mui,File005
find.exe.mui,E:\Windows\WinSxS\amd64_microsoft-windows-m..utilities.resources_31bf3856ad364e35_10.0.18362.1_en-us_57ddc76e70dce0e8\find.exe.mui,File005
mskeyprotect.dll.mui,E:\Windows\WinSxS\amd64_microsoft-windows-m..otect-dll.resources_31bf3856ad364e35_10.0.18362.1_en-us_6ef93156811febda\mskeyprotect.dll.mui,File005
AccountAccessor.dll.mui,E:\Windows\WinSxS\amd64_microsoft-windows-m..taccessor.resources_31bf3856ad364e35_10.0.18362.1_en-us_d78851dfd9911c42\AccountAccessor.dll.mui,File027
doskey.exe.mui,E:\Windows\WinSxS\amd64_microsoft-windows-m..utilities.resources_31bf3856ad364e35_10.0.18362.1_en-us_57ddc76e70dce0e8\doskey.exe.mui,File005
nfsrdr.sys.mui,E:\Windows\WinSxS\amd64_microsoft-windows-n..lientcore.resources_31bf3856ad364e35_10.0.18362.1_en-us_800436b4b6a21055\nfsrdr.sys.mui,File027
Windows.Networking.Sockets.PushEnabledApplication.dll.mui,E:\Windows\WinSxS\amd64_microsoft-windows-n..plication.resources_31bf3856ad364e35_10.0.18362.1_en-us_851640b3a49c1944\Windows.Networking.Sockets.PushEnabledApplication.dll.mui,File160
bridgeres.dll.mui,E:\Windows\WinSxS\amd64_microsoft-windows-n..orkbridge.resources_31bf3856ad364e35_10.0.18362.1_en-us_ae6332ceed6a0dde\bridgeres.dll.mui,File005
wshqos.dll.mui,E:\Windows\WinSxS\amd64_microsoft-windows-n..qos-pacer.resources_31bf3856ad364e35_10.0.18362.1_en-us_bda8b83290e07411\wshqos.dll.mui,File024
iasrad.dll.mui,E:\Windows\WinSxS\amd64_microsoft-windows-n..e_runtime.resources_31bf3856ad364e35_10.0.18362.1_en-us_c5ac9aaeeb07c70d\iasrad.dll.mui,File024
PCPKsp.dll.mui,E:\Windows\WinSxS\amd64_microsoft-windows-n..orage-dll.resources_31bf3856ad364e35_10.0.18362.1_en-us_976bbea8d7e499b8\PCPKsp.dll.mui,File160
NPSMDesktopProvider.dll.mui,E:\Windows\WinSxS\amd64_microsoft-windows-n..pprovider.resources_31bf3856ad364e35_10.0.18362.1_en-us_5e81d728483049e1\NPSMDesktopProvider.dll.mui,File005
NetworkStatus.dll.mui,E:\Windows\WinSxS\amd64_microsoft-windows-n..orkstatus.resources_31bf3856ad364e35_10.0.18362.1_en-us_538bd09d9d47d2fd\NetworkStatus.dll.mui,File027
NdisVirtualBus.sys.mui,E:\Windows\WinSxS\amd64_microsoft-windows-n..irtualbus.resources_31bf3856ad364e35_10.0.18362.1_en-us_c8779ef4e8563aff\NdisVirtualBus.sys.mui,File005
polstore.dll.mui,E:\Windows\WinSxS\amd64_microsoft-windows-n..ients-svc.resources_31bf3856ad364e35_10.0.18362.1_en-us_8fc967f433e73f75\polstore.dll.mui,File160
NdisImPlatform.sys.mui,E:\Windows\WinSxS\amd64_microsoft-windows-n..mplatform.resources_31bf3856ad364e35_10.0.18362.1_en-us_6f1106015e82655d\NdisImPlatform.sys.mui,File071
NetworkItemFactory.dll.mui,E:\Windows\WinSxS\amd64_microsoft-windows-n..kexplorer.resources_31bf3856ad364e35_10.0.18362.1_en-us_5a3072aaa4f40e80\NetworkItemFactory.dll.mui,File005
MBMediaManager.dll.mui,E:\Windows\WinSxS\amd64_microsoft-windows-n..iamanager.resources_31bf3856ad364e35_10.0.18362.1_en-us_9fba99332c2821c7\MBMediaManager.dll.mui,File024
DaOtpCredentialProvider.dll.mui,E:\Windows\WinSxS\amd64_microsoft-windows-n..lprovider.resources_31bf3856ad364e35_10.0.18362.1_en-us_cf17247e1cdda458\DaOtpCredentialProvider.dll.mui,File001
nfsnp.dll.mui,E:\Windows\WinSxS\amd64_microsoft-windows-n..kprovider.resources_31bf3856ad364e35_10.0.18362.1_en-us_a5caab6a5867f955\nfsnp.dll.mui,File024
lltdres.dll.mui,E:\Windows\WinSxS\amd64_microsoft-windows-n..ktopology.resources_31bf3856ad364e35_10.0.18362.1_en-us_375b5c7729eea1ca\lltdres.dll.mui,File027
nlahc.dll.mui,E:\Windows\WinSxS\amd64_microsoft-windows-n..lperclass.resources_31bf3856ad364e35_10.0.18362.1_en-us_99493c32338fa8f8\nlahc.dll.mui,File024
ipsecsvc.dll.mui,E:\Windows\WinSxS\amd64_microsoft-windows-n..ients-svc.resources_31bf3856ad364e35_10.0.18362.1_en-us_8fc967f433e73f75\ipsecsvc.dll.mui,File005
NvAgent.dll.mui,E:\Windows\WinSxS\amd64_microsoft-windows-n..ion-agent.resources_31bf3856ad364e35_10.0.18362.1_en-us_230c4bd00bcc1957\NvAgent.dll.mui,File005
SyncRes.dll,E:\Windows\WinSxS\amd64_microsoft-windows-mccs-syncres_31bf3856ad364e35_10.0.18362.1_none_4e86948a14bf2ef8\SyncRes.dll,File005
api-ms-win-core-wow64-l1-1-0.dll,E:\Windows\WinSxS\amd64_microsoft-windows-m..namespace-downlevel_31bf3856ad364e35_10.0.18362.1_none_99c24aabfe52bcbb\api-ms-win-core-wow64-l1-1-0.dll,File071
partmgr.sys.mui,E:\Windows\WinSxS\amd64_microsoft-windows-p..onmanager.resources_31bf3856ad364e35_10.0.18362.1_en-us_d089359ec7dec032\partmgr.sys.mui,File024
wpnpinst.exe.mui,E:\Windows\WinSxS\amd64_microsoft-windows-p..ng-client.resources_31bf3856ad364e35_10.0.18362.1_en-us_81d0033c0f3c76c1\wpnpinst.exe.mui,File027
api-ms-win-service-winsvc-l1-1-0.dll,E:\Windows\WinSxS\amd64_microsoft-windows-m..namespace-downlevel_31bf3856ad364e35_10.0.18362.1_none_99c24aabfe52bcbb\api-ms-win-service-winsvc-l1-1-0.dll,File101
mountmgr.sys.mui,E:\Windows\WinSxS\amd64_microsoft-windows-m..ntmanager.resources_31bf3856ad364e35_10.0.18362.1_en-us_0f6aa0c4bc7f786b\mountmgr.sys.mui,File024
odbcad32.exe.mui,E:\Windows\WinSxS\amd64_microsoft-windows-m..nistrator.resources_31bf3856ad364e35_10.0.18362.1_en-us_87af7a7fb73f675a\odbcad32.exe.mui,File005
api-ms-win-core-sysinfo-l1-2-1.dll,E:\Windows\WinSxS\amd64_microsoft-windows-m..namespace-downlevel_31bf3856ad364e35_10.0.18362.1_none_99c24aabfe52bcbb\api-ms-win-core-sysinfo-l1-2-1.dll,File071
spoolsv.exe.mui,E:\Windows\WinSxS\amd64_microsoft-windows-p..oler-core.resources_31bf3856ad364e35_10.0.18362.1_en-us_fa34d0017eae2705\spoolsv.exe.mui,File024
SensorsApi.dll.mui,E:\Windows\WinSxS\amd64_microsoft-windows-m..nsors-api.resources_31bf3856ad364e35_10.0.18362.1_en-us_9b9dfdfc7120a5bd\SensorsApi.dll.mui,File024
api-ms-win-service-private-l1-1-1.dll,E:\Windows\WinSxS\amd64_microsoft-windows-m..namespace-downlevel_31bf3856ad364e35_10.0.18362.1_none_99c24aabfe52bcbb\api-ms-win-service-private-l1-1-1.dll,File101
api-ms-win-service-management-l1-1-0.dll,E:\Windows\WinSxS\amd64_microsoft-windows-m..namespace-downlevel_31bf3856ad364e35_10.0.18362.1_none_99c24aabfe52bcbb\api-ms-win-service-management-l1-1-0.dll,File071
api-ms-win-service-core-l1-1-1.dll,E:\Windows\WinSxS\amd64_microsoft-windows-m..namespace-downlevel_31bf3856ad364e35_10.0.18362.1_none_99c24aabfe52bcbb\api-ms-win-service-core-l1-1-1.dll,File071
MessagingService.dll.mui,E:\Windows\WinSxS\amd64_microsoft-windows-m..ngservice.resources_31bf3856ad364e35_10.0.18362.1_en-us_845e2fed226b8d87\MessagingService.dll.mui,File024
api-ms-win-service-management-l2-1-0.dll,E:\Windows\WinSxS\amd64_microsoft-windows-m..namespace-downlevel_31bf3856ad364e35_10.0.18362.1_none_99c24aabfe52bcbb\api-ms-win-service-management-l2-1-0.dll,File071
api-ms-win-core-sysinfo-l1-2-0.dll,E:\Windows\WinSxS\amd64_microsoft-windows-m..namespace-downlevel_31bf3856ad364e35_10.0.18362.1_none_99c24aabfe52bcbb\api-ms-win-core-sysinfo-l1-2-0.dll,File071
inetpp.dll.mui,E:\Windows\WinSxS\amd64_microsoft-windows-p..ng-client.resources_31bf3856ad364e35_10.0.18362.1_en-us_81d0033c0f3c76c1\inetpp.dll.mui,File005
api-ms-win-crt-heap-l1-1-0.dll,E:\Windows\WinSxS\amd64_microsoft-windows-m..namespace-downlevel_31bf3856ad364e35_10.0.18362.1_none_99c24aabfe52bcbb\api-ms-win-crt-heap-l1-1-0.dll,File101
api-ms-win-core-xstate-l1-1-0.dll,E:\Windows\WinSxS\amd64_microsoft-windows-m..namespace-downlevel_31bf3856ad364e35_10.0.18362.1_none_99c24aabfe52bcbb\api-ms-win-core-xstate-l1-1-0.dll,File071
api-ms-win-core-threadpool-legacy-l1-1-0.dll,E:\Windows\WinSxS\amd64_microsoft-windows-m..namespace-downlevel_31bf3856ad364e35_10.0.18362.1_none_99c24aabfe52bcbb\api-ms-win-core-threadpool-legacy-l1-1-0.dll,File071
api-ms-win-crt-process-l1-1-0.dll,E:\Windows\WinSxS\amd64_microsoft-windows-m..namespace-downlevel_31bf3856ad364e35_10.0.18362.1_none_99c24aabfe52bcbb\api-ms-win-crt-process-l1-1-0.dll,File101
api-ms-win-service-core-l1-1-0.dll,E:\Windows\WinSxS\amd64_microsoft-windows-m..namespace-downlevel_31bf3856ad364e35_10.0.18362.1_none_99c24aabfe52bcbb\api-ms-win-service-core-l1-1-0.dll,File071
api-ms-win-core-sysinfo-l1-1-0.dll,E:\Windows\WinSxS\amd64_microsoft-windows-m..namespace-downlevel_31bf3856ad364e35_10.0.18362.1_none_99c24aabfe52bcbb\api-ms-win-core-sysinfo-l1-1-0.dll,File101
SensorsCpl.dll.mui,E:\Windows\WinSxS\amd64_microsoft-windows-m..nsors-cpl.resources_31bf3856ad364e35_10.0.18362.1_en-us_5d5a5d4a30d768a4\SensorsCpl.dll.mui,File024
printui.exe.mui,E:\Windows\WinSxS\amd64_microsoft-windows-p..ndprintui.resources_31bf3856ad364e35_10.0.18362.1_en-us_a5501578d6c163b5\printui.exe.mui,File005
api-ms-win-core-util-l1-1-0.dll,E:\Windows\WinSxS\amd64_microsoft-windows-m..namespace-downlevel_31bf3856ad364e35_10.0.18362.1_none_99c24aabfe52bcbb\api-ms-win-core-util-l1-1-0.dll,File071
api-ms-win-crt-conio-l1-1-0.dll,E:\Windows\WinSxS\amd64_microsoft-windows-m..namespace-downlevel_31bf3856ad364e35_10.0.18362.1_none_99c24aabfe52bcbb\api-ms-win-crt-conio-l1-1-0.dll,File101
PlaySndSrv.dll.mui,E:\Windows\WinSxS\amd64_microsoft-windows-p..ndservice.resources_31bf3856ad364e35_10.0.18362.1_en-us_a9416b6ae03a279b\PlaySndSrv.dll.mui,File005
api-ms-win-core-processenvironment-l1-2-0.dll,E:\Windows\WinSxS\amd64_microsoft-windows-m..namespace-downlevel_31bf3856ad364e35_10.0.18362.1_none_99c24aabfe52bcbb\api-ms-win-core-processenvironment-l1-2-0.dll,File071
api-ms-win-core-libraryloader-l1-1-1.dll,E:\Windows\WinSxS\amd64_microsoft-windows-m..namespace-downlevel_31bf3856ad364e35_10.0.18362.1_none_99c24aabfe52bcbb\api-ms-win-core-libraryloader-l1-1-1.dll,File071
MCCSEngineShared.dll.mui,E:\Windows\WinSxS\amd64_microsoft-windows-m..ineshared.resources_31bf3856ad364e35_10.0.18362.1_en-us_b64a2b466b185611\MCCSEngineShared.dll.mui,File024
api-ms-win-core-namedpipe-l1-1-0.dll,E:\Windows\WinSxS\amd64_microsoft-windows-m..namespace-downlevel_31bf3856ad364e35_10.0.18362.1_none_99c24aabfe52bcbb\api-ms-win-core-namedpipe-l1-1-0.dll,File071
api-ms-win-core-handle-l1-1-0.dll,E:\Windows\WinSxS\amd64_microsoft-windows-m..namespace-downlevel_31bf3856ad364e35_10.0.18362.1_none_99c24aabfe52bcbb\api-ms-win-core-handle-l1-1-0.dll,File071
api-ms-win-core-file-l1-2-1.dll,E:\Windows\WinSxS\amd64_microsoft-windows-m..namespace-downlevel_31bf3856ad364e35_10.0.18362.1_none_99c24aabfe52bcbb\api-ms-win-core-file-l1-2-1.dll,File071
mpvis.dll.mui,E:\Windows\WinSxS\amd64_microsoft-windows-m..layer-vis.resources_31bf3856ad364e35_10.0.18362.1_en-us_d25a080191dc28b5\mpvis.dll.mui,File024
api-ms-win-core-profile-l1-1-0.dll,E:\Windows\WinSxS\amd64_microsoft-windows-m..namespace-downlevel_31bf3856ad364e35_10.0.18362.1_none_99c24aabfe52bcbb\api-ms-win-core-profile-l1-1-0.dll,File042
api-ms-win-core-fibers-l1-1-1.dll,E:\Windows\WinSxS\amd64_microsoft-windows-m..namespace-downlevel_31bf3856ad364e35_10.0.18362.1_none_99c24aabfe52bcbb\api-ms-win-core-fibers-l1-1-1.dll,File042
api-ms-win-core-processthreads-l1-1-2.dll,E:\Windows\WinSxS\amd64_microsoft-windows-m..namespace-downlevel_31bf3856ad364e35_10.0.18362.1_none_99c24aabfe52bcbb\api-ms-win-core-processthreads-l1-1-2.dll,File071
api-ms-win-core-file-l1-2-0.dll,E:\Windows\WinSxS\amd64_microsoft-windows-m..namespace-downlevel_31bf3856ad364e35_10.0.18362.1_none_99c24aabfe52bcbb\api-ms-win-core-file-l1-2-0.dll,File071
ksxbar.ax.mui,E:\Windows\WinSxS\amd64_microsoft-windows-m..kstvtuner.resources_31bf3856ad364e35_10.0.18362.1_en-us_c2c3b986e3b8b614\ksxbar.ax.mui,File160
MemoryDiagnostic.dll.mui,E:\Windows\WinSxS\amd64_microsoft-windows-m..k-handler.resources_31bf3856ad364e35_10.0.18362.1_en-us_51729fdffe7a695f\MemoryDiagnostic.dll.mui,File027
api-ms-win-core-errorhandling-l1-1-1.dll,E:\Windows\WinSxS\amd64_microsoft-windows-m..namespace-downlevel_31bf3856ad364e35_10.0.18362.1_none_99c24aabfe52bcbb\api-ms-win-core-errorhandling-l1-1-1.dll,File071
api-ms-win-core-debug-l1-1-1.dll,E:\Windows\WinSxS\amd64_microsoft-windows-m..namespace-downlevel_31bf3856ad364e35_10.0.18362.1_none_99c24aabfe52bcbb\api-ms-win-core-debug-l1-1-1.dll,File071
api-ms-win-core-debug-l1-1-0.dll,E:\Windows\WinSxS\amd64_microsoft-windows-m..namespace-downlevel_31bf3856ad364e35_10.0.18362.1_none_99c24aabfe52bcbb\api-ms-win-core-debug-l1-1-0.dll,File071
api-ms-win-security-sddl-l1-1-0.dll,E:\Windows\WinSxS\amd64_microsoft-windows-m..namespace-downlevel_31bf3856ad364e35_10.0.18362.1_none_439fdf51570e9876\api-ms-win-security-sddl-l1-1-0.dll,File071
api-ms-win-core-shutdown-l1-1-0.dll,E:\Windows\WinSxS\amd64_microsoft-windows-m..namespace-downlevel_31bf3856ad364e35_10.0.18362.1_none_0df087b112ea8249\api-ms-win-core-shutdown-l1-1-0.dll,File042
api-ms-win-core-io-l1-1-1.dll,E:\Windows\WinSxS\amd64_microsoft-windows-m..namespace-downlevel_31bf3856ad364e35_10.0.18362.1_none_99c24aabfe52bcbb\api-ms-win-core-io-l1-1-1.dll,File071
api-ms-win-core-datetime-l1-1-1.dll,E:\Windows\WinSxS\amd64_microsoft-windows-m..namespace-downlevel_31bf3856ad364e35_10.0.18362.1_none_99c24aabfe52bcbb\api-ms-win-core-datetime-l1-1-1.dll,File042
api-ms-win-core-fibers-l1-1-0.dll,E:\Windows\WinSxS\amd64_microsoft-windows-m..namespace-downlevel_31bf3856ad364e35_10.0.18362.1_none_99c24aabfe52bcbb\api-ms-win-core-fibers-l1-1-0.dll,File071
API-MS-Win-Eventing-Provider-L1-1-0.dll,E:\Windows\WinSxS\amd64_microsoft-windows-m..namespace-downlevel_31bf3856ad364e35_10.0.18362.1_none_0df087b112ea8249\API-MS-Win-Eventing-Provider-L1-1-0.dll,File071
MsiCofire.dll.mui,E:\Windows\WinSxS\amd64_microsoft-windows-m..ilerepair.resources_31bf3856ad364e35_10.0.18362.1_en-us_153bf215d6e93754\MsiCofire.dll.mui,File027
API-MS-Win-core-localization-obsolete-l1-2-0.dll,E:\Windows\WinSxS\amd64_microsoft-windows-m..namespace-downlevel_31bf3856ad364e35_10.0.18362.1_none_99c24aabfe52bcbb\API-MS-Win-core-localization-obsolete-l1-2-0.dll,File071
Windows.Management.Service.dll.mui,E:\Windows\WinSxS\amd64_microsoft-windows-m..ice-winrt.resources_31bf3856ad364e35_10.0.18362.1_en-us_e41a587dce67f79f\Windows.Management.Service.dll.mui,File024
api-ms-win-core-version-l1-1-0.dll,E:\Windows\WinSxS\amd64_microsoft-windows-m..namespace-downlevel_31bf3856ad364e35_10.0.18362.1_none_0df087b112ea8249\api-ms-win-core-version-l1-1-0.dll,File071
api-ms-win-core-stringloader-l1-1-1.dll,E:\Windows\WinSxS\amd64_microsoft-windows-m..namespace-downlevel_31bf3856ad364e35_10.0.18362.1_none_99c24aabfe52bcbb\api-ms-win-core-stringloader-l1-1-1.dll,File042
Magnification.dll.mui,E:\Windows\WinSxS\amd64_microsoft-windows-m..ification.resources_31bf3856ad364e35_10.0.18362.1_en-us_70cbe259692b31a6\Magnification.dll.mui,File024
api-ms-win-core-libraryloader-l1-1-0.dll,E:\Windows\WinSxS\amd64_microsoft-windows-m..namespace-downlevel_31bf3856ad364e35_10.0.18362.1_none_99c24aabfe52bcbb\api-ms-win-core-libraryloader-l1-1-0.dll,File101
mprext.dll.mui,E:\Windows\WinSxS\amd64_microsoft-windows-m..extension.resources_31bf3856ad364e35_10.0.18362.1_en-us_b60ec73cc8d3c2ac\mprext.dll.mui,File160
API-MS-Win-core-string-l2-1-0.dll,E:\Windows\WinSxS\amd64_microsoft-windows-m..namespace-downlevel_31bf3856ad364e35_10.0.18362.1_none_0df087b112ea8249\API-MS-Win-core-string-l2-1-0.dll,File071
api-ms-win-core-realtime-l1-1-0.dll,E:\Windows\WinSxS\amd64_microsoft-windows-m..namespace-downlevel_31bf3856ad364e35_10.0.18362.1_none_99c24aabfe52bcbb\api-ms-win-core-realtime-l1-1-0.dll,File071
InternetMailCsp.dll.mui,E:\Windows\WinSxS\amd64_microsoft-windows-m..etmailcsp.resources_31bf3856ad364e35_10.0.18362.1_en-us_833dfaa518aa6a6a\InternetMailCsp.dll.mui,File024
API-MS-Win-Eventing-Controller-L1-1-0.dll,E:\Windows\WinSxS\amd64_microsoft-windows-m..namespace-downlevel_31bf3856ad364e35_10.0.18362.1_none_439fdf51570e9876\API-MS-Win-Eventing-Controller-L1-1-0.dll,File071
API-MS-Win-EventLog-Legacy-L1-1-0.dll,E:\Windows\WinSxS\amd64_microsoft-windows-m..namespace-downlevel_31bf3856ad364e35_10.0.18362.1_none_0df087b112ea8249\API-MS-Win-EventLog-Legacy-L1-1-0.dll,File071
api-ms-win-core-interlocked-l1-1-0.dll,E:\Windows\WinSxS\amd64_microsoft-windows-m..namespace-downlevel_31bf3856ad364e35_10.0.18362.1_none_99c24aabfe52bcbb\api-ms-win-core-interlocked-l1-1-0.dll,File071
API-MS-Win-Eventing-Legacy-L1-1-0.dll,E:\Windows\WinSxS\amd64_microsoft-windows-m..namespace-downlevel_31bf3856ad364e35_10.0.18362.1_none_0df087b112ea8249\API-MS-Win-Eventing-Legacy-L1-1-0.dll,File071
api-ms-win-core-privateprofile-l1-1-1.dll,E:\Windows\WinSxS\amd64_microsoft-windows-m..namespace-downlevel_31bf3856ad364e35_10.0.18362.1_none_0df087b112ea8249\api-ms-win-core-privateprofile-l1-1-1.dll,File071
api-ms-win-eventing-consumer-l1-1-0.dll,E:\Windows\WinSxS\amd64_microsoft-windows-m..namespace-downlevel_31bf3856ad364e35_10.0.18362.1_none_439fdf51570e9876\api-ms-win-eventing-consumer-l1-1-0.dll,File042
msader15.dll,E:\Windows\WinSxS\amd64_microsoft-windows-m..ents-mdac-ado15-rll_31bf3856ad364e35_10.0.18362.1_none_e4c3b705e9e15f18\msader15.dll,File005
api-ms-win-core-processtopology-obsolete-l1-1-0.dll,E:\Windows\WinSxS\amd64_microsoft-windows-m..namespace-downlevel_31bf3856ad364e35_10.0.18362.1_none_0df087b112ea8249\api-ms-win-core-processtopology-obsolete-l1-1-0.dll,File071
api-ms-win-core-localization-l1-2-1.dll,E:\Windows\WinSxS\amd64_microsoft-windows-m..namespace-downlevel_31bf3856ad364e35_10.0.18362.1_none_99c24aabfe52bcbb\api-ms-win-core-localization-l1-2-1.dll,File062
API-MS-Win-Core-Kernel32-Private-L1-1-1.dll,E:\Windows\WinSxS\amd64_microsoft-windows-m..namespace-downlevel_31bf3856ad364e35_10.0.18362.1_none_0df087b112ea8249\API-MS-Win-Core-Kernel32-Private-L1-1-1.dll,File042
API-MS-Win-security-lsapolicy-l1-1-0.dll,E:\Windows\WinSxS\amd64_microsoft-windows-m..namespace-downlevel_31bf3856ad364e35_10.0.18362.1_none_439fdf51570e9876\API-MS-Win-security-lsapolicy-l1-1-0.dll,File101
API-MS-Win-Security-Lsalookup-L2-1-0.dll,E:\Windows\WinSxS\amd64_microsoft-windows-m..namespace-downlevel_31bf3856ad364e35_10.0.18362.1_none_0df087b112ea8249\API-MS-Win-Security-Lsalookup-L2-1-0.dll,File071
API-MS-Win-Security-Lsalookup-L2-1-1.dll,E:\Windows\WinSxS\amd64_microsoft-windows-m..namespace-downlevel_31bf3856ad364e35_10.0.18362.1_none_0df087b112ea8249\API-MS-Win-Security-Lsalookup-L2-1-1.dll,File042
API-MS-Win-core-xstate-l2-1-0.dll,E:\Windows\WinSxS\amd64_microsoft-windows-m..namespace-downlevel_31bf3856ad364e35_10.0.18362.1_none_0df087b112ea8249\API-MS-Win-core-xstate-l2-1-0.dll,File071
api-ms-win-core-io-l1-1-0.dll,E:\Windows\WinSxS\amd64_microsoft-windows-m..namespace-downlevel_31bf3856ad364e35_10.0.18362.1_none_99c24aabfe52bcbb\api-ms-win-core-io-l1-1-0.dll,File071
api-ms-win-core-string-l1-1-0.dll,E:\Windows\WinSxS\amd64_microsoft-windows-m..namespace-downlevel_31bf3856ad364e35_10.0.18362.1_none_99c24aabfe52bcbb\api-ms-win-core-string-l1-1-0.dll,File071
API-MS-Win-core-file-l2-1-1.dll,E:\Windows\WinSxS\amd64_microsoft-windows-m..namespace-downlevel_31bf3856ad364e35_10.0.18362.1_none_0df087b112ea8249\API-MS-Win-core-file-l2-1-1.dll,File042
api-ms-win-core-processenvironment-l1-1-0.dll,E:\Windows\WinSxS\amd64_microsoft-windows-m..namespace-downlevel_31bf3856ad364e35_10.0.18362.1_none_99c24aabfe52bcbb\api-ms-win-core-processenvironment-l1-1-0.dll,File101
api-ms-win-base-util-l1-1-0.dll,E:\Windows\WinSxS\amd64_microsoft-windows-m..namespace-downlevel_31bf3856ad364e35_10.0.18362.1_none_0df087b112ea8249\api-ms-win-base-util-l1-1-0.dll,File062
API-MS-Win-core-string-obsolete-l1-1-0.dll,E:\Windows\WinSxS\amd64_microsoft-windows-m..namespace-downlevel_31bf3856ad364e35_10.0.18362.1_none_0df087b112ea8249\API-MS-Win-core-string-obsolete-l1-1-0.dll,File071
API-MS-Win-security-provider-L1-1-0.dll,E:\Windows\WinSxS\amd64_microsoft-windows-m..namespace-downlevel_31bf3856ad364e35_10.0.18362.1_none_0df087b112ea8249\API-MS-Win-security-provider-L1-1-0.dll,File071
api-ms-win-core-threadpool-private-l1-1-0.dll,E:\Windows\WinSxS\amd64_microsoft-windows-m..namespace-downlevel_31bf3856ad364e35_10.0.18362.1_none_99c24aabfe52bcbb\api-ms-win-core-threadpool-private-l1-1-0.dll,File042
api-ms-win-core-stringansi-l1-1-0.dll,E:\Windows\WinSxS\amd64_microsoft-windows-m..namespace-downlevel_31bf3856ad364e35_10.0.18362.1_none_0df087b112ea8249\api-ms-win-core-stringansi-l1-1-0.dll,File071
api-ms-win-core-delayload-l1-1-0.dll,E:\Windows\WinSxS\amd64_microsoft-windows-m..namespace-downlevel_31bf3856ad364e35_10.0.18362.1_none_99c24aabfe52bcbb\api-ms-win-core-delayload-l1-1-0.dll,File042
API-MS-Win-Core-Heap-Obsolete-L1-1-0.dll,E:\Windows\WinSxS\amd64_microsoft-windows-m..namespace-downlevel_31bf3856ad364e35_10.0.18362.1_none_0df087b112ea8249\API-MS-Win-Core-Heap-Obsolete-L1-1-0.dll,File071
mitigationscanner.exe.mui,E:\Windows\WinSxS\amd64_microsoft-windows-m..n-scanner.resources_31bf3856ad364e35_10.0.18362.1_en-us_61c78c7a8fa57c79\mitigationscanner.exe.mui,File024
API-MS-Win-Eventing-ClassicProvider-L1-1-0.dll,E:\Windows\WinSxS\amd64_microsoft-windows-m..namespace-downlevel_31bf3856ad364e35_10.0.18362.1_none_0df087b112ea8249\API-MS-Win-Eventing-ClassicProvider-L1-1-0.dll,File071
api-ms-win-core-datetime-l1-1-0.dll,E:\Windows\WinSxS\amd64_microsoft-windows-m..namespace-downlevel_31bf3856ad364e35_10.0.18362.1_none_99c24aabfe52bcbb\api-ms-win-core-datetime-l1-1-0.dll,File071
API-MS-Win-core-file-l2-1-0.dll,E:\Windows\WinSxS\amd64_microsoft-windows-m..namespace-downlevel_31bf3856ad364e35_10.0.18362.1_none_0df087b112ea8249\API-MS-Win-core-file-l2-1-0.dll,File071
ncpa.cpl.mui,E:\Windows\WinSxS\amd64_microsoft-windows-netshell-mui.resources_31bf3856ad364e35_10.0.18362.1_en-us_2156e899b7b391e2\ncpa.cpl.mui,File005
netbtugc.exe.mui,E:\Windows\WinSxS\amd64_microsoft-windows-netbt.resources_31bf3856ad364e35_10.0.18362.1_en-us_239e586b789dc504\netbtugc.exe.mui,File005
DavSyncProvider.dll.mui,E:\Windows\WinSxS\amd64_microsoft-windows-m..cprovider.resources_31bf3856ad364e35_10.0.18362.1_en-us_9b2a47f342e43d1b\DavSyncProvider.dll.mui,File071
msadcer.dll,E:\Windows\WinSxS\amd64_microsoft-windows-m..nts-mdac-rds-ce-rll_31bf3856ad364e35_10.0.18362.1_none_33b705a6bf6925c4\msadcer.dll,File005
miracastreceiver.dll.mui,E:\Windows\WinSxS\amd64_microsoft-windows-m..eiver-api.resources_31bf3856ad364e35_10.0.18362.1_en-us_ff516a7fd8171728\miracastreceiver.dll.mui,File024
Netplwiz.exe.mui,E:\Windows\WinSxS\amd64_microsoft-windows-netplwiz-exe.resources_31bf3856ad364e35_10.0.18362.1_en-us_d077ff0192384daf\Netplwiz.exe.mui,File005
netjoin.dll.mui,E:\Windows\WinSxS\amd64_microsoft-windows-netjoin.resources_31bf3856ad364e35_10.0.18362.1_en-us_49d1f3d54ee9fc66\netjoin.dll.mui,File024
msdaprsr.dll,E:\Windows\WinSxS\amd64_microsoft-windows-m..dac-rds-persist-rll_31bf3856ad364e35_10.0.18362.1_none_67189fbfa4817042\msdaprsr.dll,File005
BthAvctpSvc.dll.mui,E:\Windows\WinSxS\amd64_microsoft-windows-o..oth-avctp.resources_31bf3856ad364e35_10.0.18362.1_en-us_a2f8091b9b9836aa\BthAvctpSvc.dll.mui,File024
BthAvrcpAppSvc.dll.mui,E:\Windows\WinSxS\amd64_microsoft-windows-o..oth-avrcp.resources_31bf3856ad364e35_10.0.18362.1_en-us_55e7781ba6a45f84\BthAvrcpAppSvc.dll.mui,File024
BthAvrcp.dll.mui,E:\Windows\WinSxS\amd64_microsoft-windows-o..oth-avrcp.resources_31bf3856ad364e35_10.0.18362.1_en-us_55e7781ba6a45f84\BthAvrcp.dll.mui,File024
cscobj.dll.mui,E:\Windows\WinSxS\amd64_microsoft-windows-o..tend-apis.resources_31bf3856ad364e35_10.0.18362.1_en-us_72419a95da681ed4\cscobj.dll.mui,File024
OptionalFeatures.exe.mui,E:\Windows\WinSxS\amd64_microsoft-windows-o..lfeatures.resources_31bf3856ad364e35_10.0.18362.1_en-us_04ff3f898e9a74f8\OptionalFeatures.exe.mui,File005
cscmig.dll.mui,E:\Windows\WinSxS\amd64_microsoft-windows-o..iles-core.resources_31bf3856ad364e35_10.0.18362.1_en-us_d60e251b572630a1\cscmig.dll.mui,File024
Fondue.exe.mui,E:\Windows\WinSxS\amd64_microsoft-windows-o..es-fondue.resources_31bf3856ad364e35_10.0.18362.1_en-us_e47fb9889721840a\Fondue.exe.mui,File027
powercpl.dll.mui,E:\Windows\WinSxS\amd64_microsoft-windows-powercpl.resources_31bf3856ad364e35_10.0.18362.1_en-us_5cba72d932202271\powercpl.dll.mui,File101
pnpclean.dll.mui,E:\Windows\WinSxS\amd64_microsoft-windows-pnpclean.resources_31bf3856ad364e35_10.0.18362.1_en-us_c5af9c04556033e6\pnpclean.dll.mui,File160
drvinst.exe.mui,E:\Windows\WinSxS\amd64_microsoft-windows-pnp-drvinst.resources_31bf3856ad364e35_10.0.18362.1_en-us_88477b94137afbe6\drvinst.exe.mui,File005
wmerror.dll,E:\Windows\WinSxS\amd64_microsoft-windows-mediaplayer-wmerror_31bf3856ad364e35_10.0.18362.1_none_09b262e9342edc72\wmerror.dll,File005
mfmp4srcsnk.dll.mui,E:\Windows\WinSxS\amd64_microsoft-windows-mfmp4srcsnk.resources_31bf3856ad364e35_10.0.18362.1_en-us_eddf593ae1002749\mfmp4srcsnk.dll.mui,File024
spwmp.dll,E:\Windows\WinSxS\amd64_microsoft-windows-mediaplayer-core_31bf3856ad364e35_10.0.18362.1_none_ddc7331acc522875\spwmp.dll,File042
wmploc.DLL,E:\Windows\WinSxS\amd64_microsoft-windows-mediaplayer-core_31bf3856ad364e35_10.0.18362.1_none_ddc7331acc522875\wmploc.DLL,File005
sppnp.dll.mui,E:\Windows\WinSxS\amd64_microsoft-windows-pnpsysprep.resources_31bf3856ad364e35_10.0.18362.1_en-us_a37b2a99b33e612f\sppnp.dll.mui,File024
asferror.dll,E:\Windows\WinSxS\amd64_microsoft-windows-mediaplayer-wmasf_31bf3856ad364e35_10.0.18362.1_none_7a13609bbda07c2c\asferror.dll,File005
PackageInspector.exe.mui,E:\Windows\WinSxS\amd64_microsoft-windows-p..inspector.resources_31bf3856ad364e35_10.0.18362.1_en-us_eebce5ee5ea1553c\PackageInspector.exe.mui,File001
pstask.dll.mui,E:\Windows\WinSxS\amd64_microsoft-windows-p..ctivescan.resources_31bf3856ad364e35_10.0.18362.1_en-us_e830a91318f1c077\pstask.dll.mui,File005
Windows.Internal.PlatformExtension.DevicePickerExperience.dll,E:\Windows\WinSxS\amd64_microsoft-windows-p..icepickerexperience_31bf3856ad364e35_10.0.18362.1_none_59a9f15f2c73682d\Windows.Internal.PlatformExtension.DevicePickerExperience.dll,File213
LanguageComponentsInstallerComHandler.exe.mui,E:\Windows\WinSxS\amd64_microsoft-windows-l..omhandler.resources_31bf3856ad364e35_10.0.18362.1_en-us_154499022848a689\LanguageComponentsInstallerComHandler.exe.mui,File024
mspqm.sys,E:\Windows\WinSxS\amd64_microsoft-windows-kernelstreamingsupport_31bf3856ad364e35_10.0.18362.1_none_34522b1d57f41f14\mspqm.sys,File042
LanguageComponentsInstaller.dll.mui,E:\Windows\WinSxS\amd64_microsoft-windows-l..installer.resources_31bf3856ad364e35_10.0.18362.1_en-us_a2b4608823ae51eb\LanguageComponentsInstaller.dll.mui,File027
ipmiprr.dll,E:\Windows\WinSxS\amd64_microsoft-windows-ipmiprovider_31bf3856ad364e35_10.0.18362.1_none_f1971a550ea29a8a\ipmiprr.dll,File027
keyiso.dll.mui,E:\Windows\WinSxS\amd64_microsoft-windows-keyiso.resources_31bf3856ad364e35_10.0.18362.1_en-us_dce8713cf14921ff\keyiso.dll.mui,File024
fixmapi.exe.mui,E:\Windows\WinSxS\amd64_microsoft-windows-mapi.resources_31bf3856ad364e35_10.0.18362.1_en-us_fcd8902d6770991e\fixmapi.exe.mui,File005
usk.rs.mui,E:\Windows\WinSxS\amd64_microsoft-windows-p..gssystems.resources_31bf3856ad364e35_10.0.18362.1_en-us_2e5efbbc56331977\usk.rs.mui,File027
MapControlStringsRes.dll,E:\Windows\WinSxS\amd64_microsoft-windows-mapcontrol_31bf3856ad364e35_10.0.18362.1_none_e5b28bf187cb6caf\MapControlStringsRes.dll,File005
pcbp.rs.mui,E:\Windows\WinSxS\amd64_microsoft-windows-p..gssystems.resources_31bf3856ad364e35_10.0.18362.1_en-us_2e5efbbc56331977\pcbp.rs.mui,File027
l2bridge.sys.mui,E:\Windows\WinSxS\amd64_microsoft-windows-l..er-driver.resources_31bf3856ad364e35_10.0.18362.1_en-us_51a43769ccf8901c\l2bridge.sys.mui,File024
moshost.dll.mui,E:\Windows\WinSxS\amd64_microsoft-windows-mapcontrol.resources_31bf3856ad364e35_10.0.18362.1_en-us_500e21526bc28ae8\moshost.dll.mui,File160
mspclock.sys,E:\Windows\WinSxS\amd64_microsoft-windows-kernelstreamingsupport_31bf3856ad364e35_10.0.18362.1_none_34522b1d57f41f14\mspclock.sys,File042
mapsupdatetask.dll.mui,E:\Windows\WinSxS\amd64_microsoft-windows-mapcontrol.resources_31bf3856ad364e35_10.0.18362.1_en-us_500e21526bc28ae8\mapsupdatetask.dll.mui,File024
mstee.sys,E:\Windows\WinSxS\amd64_microsoft-windows-kernelstreamingsupport_31bf3856ad364e35_10.0.18362.1_none_34522b1d57f41f14\mstee.sys,File101
mapstoasttask.dll.mui,E:\Windows\WinSxS\amd64_microsoft-windows-mapcontrol.resources_31bf3856ad364e35_10.0.18362.1_en-us_500e21526bc28ae8\mapstoasttask.dll.mui,File024
ktmutil.exe.mui,E:\Windows\WinSxS\amd64_microsoft-windows-ktmutil.resources_31bf3856ad364e35_10.0.18362.1_en-us_f38cef061d46d63d\ktmutil.exe.mui,File001
djctq.rs.mui,E:\Windows\WinSxS\amd64_microsoft-windows-p..gssystems.resources_31bf3856ad364e35_10.0.18362.1_en-us_2e5efbbc56331977\djctq.rs.mui,File027
CSRR.rs.mui,E:\Windows\WinSxS\amd64_microsoft-windows-p..gssystems.resources_31bf3856ad364e35_10.0.18362.1_en-us_2e5efbbc56331977\CSRR.rs.mui,File160
ntprint.exe.mui,E:\Windows\WinSxS\amd64_microsoft-windows-p..i-ntprint.resources_31bf3856ad364e35_10.0.18362.1_en-us_455b615d3336ace1\ntprint.exe.mui,File005
cob-au.rs.mui,E:\Windows\WinSxS\amd64_microsoft-windows-p..gssystems.resources_31bf3856ad364e35_10.0.18362.1_en-us_2e5efbbc56331977\cob-au.rs.mui,File027
mxdwdui.dll,E:\Windows\WinSxS\amd64_microsoft-windows-p..g-xpsdocumentwriter_31bf3856ad364e35_10.0.18362.1_none_f5360ee5e03eb891\mxdwdui.dll,File024
WpnUserService.dll.mui,E:\Windows\WinSxS\amd64_microsoft-windows-p..erservice.resources_31bf3856ad364e35_10.0.18362.1_en-us_c64e05960965c03e\WpnUserService.dll.mui,File027
iorate.sys.mui,E:\Windows\WinSxS\amd64_microsoft-windows-iorate.resources_31bf3856ad364e35_10.0.18362.1_en-us_c063d399f7dde045\iorate.sys.mui,File005
LockAppBroker.dll.mui,E:\Windows\WinSxS\amd64_microsoft-windows-l..ker-winrt.resources_31bf3856ad364e35_10.0.18362.1_en-us_d5682ef07e23e1e7\LockAppBroker.dll.mui,File027
pcwutl.dll.mui,E:\Windows\WinSxS\amd64_microsoft-windows-p..iagnostic.resources_31bf3856ad364e35_10.0.18362.1_en-us_b32f498fb81054a6\pcwutl.dll.mui,File024
kswdmcap.ax.mui,E:\Windows\WinSxS\amd64_microsoft-windows-k..-plug-ins.resources_31bf3856ad364e35_10.0.18362.1_en-us_906fada547b14b19\kswdmcap.ax.mui,File042
DiagPackage.dll.mui,E:\Windows\WinSxS\amd64_microsoft-windows-p..iagnostic.resources_31bf3856ad364e35_10.0.18362.1_en-us_b32f498fb81054a6\DiagPackage.dll.mui,File001
grb.rs.mui,E:\Windows\WinSxS\amd64_microsoft-windows-p..gssystems.resources_31bf3856ad364e35_10.0.18362.1_en-us_2e5efbbc56331977\grb.rs.mui,File027
ipmiprr.dll.mui,E:\Windows\WinSxS\amd64_microsoft-windows-ipmiprovider.resources_31bf3856ad364e35_10.0.18362.1_en-us_4e6faea5537aadf9\ipmiprr.dll.mui,File160
iologmsg.dll,E:\Windows\WinSxS\amd64_microsoft-windows-iologgingdll_31bf3856ad364e35_10.0.18362.1_none_893b7628799f5811\iologmsg.dll,File005
DiagPackage.dll.mui,E:\Windows\WinSxS\amd64_microsoft-windows-k..iagnostic.resources_31bf3856ad364e35_10.0.18362.1_en-us_9ae74d4d34f0249d\DiagPackage.dll.mui,File027
kdcpw.dll.mui,E:\Windows\WinSxS\amd64_microsoft-windows-kdcpw.resources_31bf3856ad364e35_10.0.18362.1_en-us_0a547caa97dd79f4\kdcpw.dll.mui,File005
main.cpl.mui,E:\Windows\WinSxS\amd64_microsoft-windows-main.resources_31bf3856ad364e35_10.0.18362.1_en-us_8001a2365ef99efa\main.cpl.mui,File101
DiagPackage.dll.mui,E:\Windows\WinSxS\amd64_microsoft-windows-p..iagnostic.resources_31bf3856ad364e35_10.0.18362.1_en-us_d7e452ad93fd97e4\DiagPackage.dll.mui,File101
wmpshell.dll.mui,E:\Windows\WinSxS\amd64_microsoft-windows-m..-wmpshell.resources_31bf3856ad364e35_10.0.18362.1_en-us_a684d8e1fc65c557\wmpshell.dll.mui,File027
LxssManager.dll.mui,E:\Windows\WinSxS\amd64_microsoft-windows-lxss-manager.resources_31bf3856ad364e35_10.0.18362.1_en-us_70153fcb03c0b7bd\LxssManager.dll.mui,File024
msaddsr.dll,E:\Windows\WinSxS\amd64_microsoft-windows-m..-mdac-rds-shape-rll_31bf3856ad364e35_10.0.18362.1_none_a8a2437e36594145\msaddsr.dll,File005
msprivs.dll.mui,E:\Windows\WinSxS\amd64_microsoft-windows-lsa-msprivs.resources_31bf3856ad364e35_10.0.18362.1_zh-cn_994208e65d4b2d42\msprivs.dll.mui,File027
lz32.dll,E:\Windows\WinSxS\amd64_microsoft-windows-lz32_31bf3856ad364e35_10.0.18362.1_none_64eced36a6a17075\lz32.dll,File024
msoert2.dll.mui,E:\Windows\WinSxS\amd64_microsoft-windows-m..-comm-dll.resources_31bf3856ad364e35_10.0.18362.1_en-us_900d5a629f439e78\msoert2.dll.mui,File027
wmlaunch.exe.mui,E:\Windows\WinSxS\amd64_microsoft-windows-m..-autoplay.resources_31bf3856ad364e35_10.0.18362.1_en-us_458b021d29092b58\wmlaunch.exe.mui,File005
consent.exe.mui,E:\Windows\WinSxS\amd64_microsoft-windows-lua.resources_31bf3856ad364e35_10.0.18362.1_en-us_c0e839fde98781b5\consent.exe.mui,File024
msprivs.dll.mui,E:\Windows\WinSxS\amd64_microsoft-windows-lsa-msprivs.resources_31bf3856ad364e35_10.0.18362.1_zh-tw_9d3e463c5abc09b2\msprivs.dll.mui,File027
msprivs.dll,E:\Windows\WinSxS\amd64_microsoft-windows-lsa-msprivs_31bf3856ad364e35_10.0.18362.1_none_de76610df89e4967\msprivs.dll,File005
imageres.dll,E:\Windows\WinSxS\amd64_microsoft-windows-imageres_31bf3856ad364e35_10.0.18362.1_none_af1b132e751e7517\imageres.dll,File005
imageres.dll.mui,E:\Windows\WinSxS\amd64_microsoft-windows-imageres.resources_31bf3856ad364e35_10.0.18362.1_en-us_f0d509be1f3f42be\imageres.dll.mui,File005
msprivs.dll.mui,E:\Windows\WinSxS\amd64_microsoft-windows-lsa-msprivs.resources_31bf3856ad364e35_10.0.18362.1_ko-kr_0bf5c36425e019a6\msprivs.dll.mui,File160
ieinstal.exe.mui,E:\Windows\WinSxS\amd64_microsoft-windows-ieinstal.resources_31bf3856ad364e35_11.0.18362.1_en-us_5c4b7509f2fcc7d3\ieinstal.exe.mui,File005
imagesp1.dll,E:\Windows\WinSxS\amd64_microsoft-windows-imagesp1_31bf3856ad364e35_10.0.18362.1_none_b6c566386fe48c63\imagesp1.dll,File005
lpremove.exe.mui,E:\Windows\WinSxS\amd64_microsoft-windows-lpksetup.resources_31bf3856ad364e35_10.0.18362.1_en-us_a851614d6cd8fb05\lpremove.exe.mui,File005
inseng.dll.mui,E:\Windows\WinSxS\amd64_microsoft-windows-ie-setup.resources_31bf3856ad364e35_11.0.18362.1_en-us_577c9618b875718a\inseng.dll.mui,File027
infoctrs.dll.mui,E:\Windows\WinSxS\amd64_microsoft-windows-iis-metabase.resources_31bf3856ad364e35_10.0.18362.1_en-us_5b0a2d36a8902cdb\infoctrs.dll.mui,File027
lmhsvc.dll.mui,E:\Windows\WinSxS\amd64_microsoft-windows-lmhsvc.resources_31bf3856ad364e35_10.0.18362.1_en-us_b711d1ae88da6420\lmhsvc.dll.mui,File027
iismui.dll,E:\Windows\WinSxS\amd64_microsoft-windows-iis-legacysnapin_31bf3856ad364e35_10.0.18362.1_none_537e44032f3e6caa\iismui.dll,File005
iscomlog.dll.mui,E:\Windows\WinSxS\amd64_microsoft-windows-iis-metabase.resources_31bf3856ad364e35_10.0.18362.1_en-us_5b0a2d36a8902cdb\iscomlog.dll.mui,File027
label.exe.mui,E:\Windows\WinSxS\amd64_microsoft-windows-label.resources_31bf3856ad364e35_10.0.18362.1_en-us_b9252b6c2164a061\label.exe.mui,File005
hdwwiz.exe.mui,E:\Windows\WinSxS\amd64_microsoft-windows-legacyhwui.resources_31bf3856ad364e35_10.0.18362.1_en-us_2372962db6f54015\hdwwiz.exe.mui,File005
LanguagePackDiskCleanup.dll.mui,E:\Windows\WinSxS\amd64_microsoft-windows-l..skcleanup.resources_31bf3856ad364e35_10.0.18362.1_en-us_c344b4aaf497f785\LanguagePackDiskCleanup.dll.mui,File024
infocomm.dll.mui,E:\Windows\WinSxS\amd64_microsoft-windows-iis-metabase.resources_31bf3856ad364e35_10.0.18362.1_en-us_5b0a2d36a8902cdb\infocomm.dll.mui,File005
msprivs.dll.mui,E:\Windows\WinSxS\amd64_microsoft-windows-lsa-msprivs.resources_31bf3856ad364e35_10.0.18362.1_ja-jp_688be6af336f5290\msprivs.dll.mui,File160
ntasn1.dll.mui,E:\Windows\WinSxS\amd64_microsoft-windows-ntasn1.resources_31bf3856ad364e35_10.0.18362.1_en-us_28aeb92c4ab10b1e\ntasn1.dll.mui,File024
wmplayer.exe.mui,E:\Windows\WinSxS\amd64_microsoft-windows-m..ayer-core.resources_31bf3856ad364e35_10.0.18362.1_en-us_f5d933215eda5a8c\wmplayer.exe.mui,File024
MdRes.exe.mui,E:\Windows\WinSxS\amd64_microsoft-windows-m..c-results.resources_31bf3856ad364e35_10.0.18362.1_en-us_276b6c99c3fad6f5\MdRes.exe.mui,File024
MSchedExe.exe.mui,E:\Windows\WinSxS\amd64_microsoft-windows-mschedexe.resources_31bf3856ad364e35_10.0.18362.1_en-us_7ab7a621800698b1\MSchedExe.exe.mui,File005
AccountsRT.dll.mui,E:\Windows\WinSxS\amd64_microsoft-windows-m..ccountsrt.resources_31bf3856ad364e35_10.0.18362.1_en-us_c8e7fabdbbefc51a\AccountsRT.dll.mui,File024
Microsoft-WindowsPhone-SEManagementProvider.dll,E:\Windows\WinSxS\amd64_microsoft-windows-nfc-semanagement_31bf3856ad364e35_10.0.18362.1_none_b73adf81dd698eef\Microsoft-WindowsPhone-SEManagementProvider.dll,File005
Windows.Management.SecureAssessment.Diagnostics.dll.mui,E:\Windows\WinSxS\amd64_microsoft-windows-m..agnostics.resources_31bf3856ad364e35_10.0.18362.1_zh-cn_5efb77b515258833\Windows.Management.SecureAssessment.Diagnostics.dll.mui,File027
APHostRes.dll.mui,E:\Windows\WinSxS\amd64_microsoft-windows-m..aphostres.resources_31bf3856ad364e35_10.0.18362.1_ko-kr_189c0725c93d6835\APHostRes.dll.mui,File001
mshidumdf.sys.mui,E:\Windows\WinSxS\amd64_microsoft-windows-mshidumdf.resources_31bf3856ad364e35_10.0.18362.1_en-us_192628718a1a9136\mshidumdf.sys.mui,File024
msxml6r.dll,E:\Windows\WinSxS\amd64_microsoft-windows-msxml60_31bf3856ad364e35_10.0.18362.295_none_de0febce2898c8b2\msxml6r.dll,File005
auditpolcore.dll.mui,E:\Windows\WinSxS\amd64_microsoft-windows-msaudittools.resources_31bf3856ad364e35_10.0.18362.1_en-us_da34aafce4967691\auditpolcore.dll.mui,File160
lltdres.dll,E:\Windows\WinSxS\amd64_microsoft-windows-networktopology_31bf3856ad364e35_10.0.18362.1_none_a3b3673077b5da2f\lltdres.dll,File005
msidle.dll,E:\Windows\WinSxS\amd64_microsoft-windows-msidle_31bf3856ad364e35_10.0.18362.1_none_9ddf4cd61fdf552a\msidle.dll,File071
APHostRes.dll.mui,E:\Windows\WinSxS\amd64_microsoft-windows-m..aphostres.resources_31bf3856ad364e35_10.0.18362.1_ja-jp_75322a70d6cca11f\APHostRes.dll.mui,File071
Windows.Management.SecureAssessment.Diagnostics.dll.mui,E:\Windows\WinSxS\amd64_microsoft-windows-m..agnostics.resources_31bf3856ad364e35_10.0.18362.1_zh-tw_62f7b50b129664a3\Windows.Management.SecureAssessment.Diagnostics.dll.mui,File027
Windows.Management.SecureAssessment.Diagnostics.dll.mui,E:\Windows\WinSxS\amd64_microsoft-windows-m..agnostics.resources_31bf3856ad364e35_10.0.18362.1_ja-jp_2e45557deb49ad81\Windows.Management.SecureAssessment.Diagnostics.dll.mui,File160
newdev.exe.mui,E:\Windows\WinSxS\amd64_microsoft-windows-newdev.resources_31bf3856ad364e35_10.0.18362.1_en-us_45691e8799c23684\newdev.exe.mui,File005
Windows.Management.SecureAssessment.Diagnostics.dll.mui,E:\Windows\WinSxS\amd64_microsoft-windows-m..agnostics.resources_31bf3856ad364e35_10.0.18362.1_ko-kr_d1af3232ddba7497\Windows.Management.SecureAssessment.Diagnostics.dll.mui,File160
ndadmin.exe.mui,E:\Windows\WinSxS\amd64_microsoft-windows-newdev.resources_31bf3856ad364e35_10.0.18362.1_en-us_45691e8799c23684\ndadmin.exe.mui,File005
mscat32.dll,E:\Windows\WinSxS\amd64_microsoft-windows-mscat32-dll_31bf3856ad364e35_10.0.18362.1_none_534183f29cbdde06\mscat32.dll,File071
bridgeres.dll,E:\Windows\WinSxS\amd64_microsoft-windows-networkbridge_31bf3856ad364e35_10.0.18362.1_none_da4760d6834e0807\bridgeres.dll,File005
msftedit.dll.mui,E:\Windows\WinSxS\amd64_microsoft-windows-msftedit.resources_31bf3856ad364e35_10.0.18362.1_en-us_ad3da216f791a2b9\msftedit.dll.mui,File024
mpr.dll.mui,E:\Windows\WinSxS\amd64_microsoft-windows-mpr.resources_31bf3856ad364e35_10.0.18362.1_en-us_8ce2fdf7b1388822\mpr.dll.mui,File005
moricons.dll,E:\Windows\WinSxS\amd64_microsoft-windows-moricons_31bf3856ad364e35_10.0.18362.1_none_b778587561d95e8e\moricons.dll,File005
SensorsCpl.dll,E:\Windows\WinSxS\amd64_microsoft-windows-mobilepc-sensors-cpl_31bf3856ad364e35_10.0.18362.1_none_d4acae3b8c1ed429\SensorsCpl.dll,File005
mlang.dll.mui,E:\Windows\WinSxS\amd64_microsoft-windows-mlang.resources_31bf3856ad364e35_10.0.18362.1_zh-cn_b8267d3d7728f8d0\mlang.dll.mui,File071
mousocoreworker.exe,E:\Windows\WinSxS\amd64_microsoft-windows-mousocoreworker_31bf3856ad364e35_10.0.18362.1_none_7c7e479a230a6096\mousocoreworker.exe,File051
MMDevAPI.dll.mui,E:\Windows\WinSxS\amd64_microsoft-windows-mmdeviceapi.resources_31bf3856ad364e35_10.0.18362.1_en-us_9a419e51822b103b\MMDevAPI.dll.mui,File005
Windows.Mirage.dll.mui,E:\Windows\WinSxS\amd64_microsoft-windows-mirage.resources_31bf3856ad364e35_10.0.18362.1_en-us_d32ebf30004f574e\Windows.Mirage.dll.mui,File001
mmres.dll,E:\Windows\WinSxS\amd64_microsoft-windows-mmres_31bf3856ad364e35_10.0.18362.1_none_3133f17e5c0a5852\mmres.dll,File027
pla.dll.mui,E:\Windows\WinSxS\amd64_microsoft-windows-p..econsumer.resources_31bf3856ad364e35_10.0.18362.1_en-us_8818fa7017ce4fc0\pla.dll.mui,File001
WMPhoto.dll.mui,E:\Windows\WinSxS\amd64_microsoft-windows-p..age-codec.resources_31bf3856ad364e35_10.0.18362.1_en-us_81ddb585ac779f42\WMPhoto.dll.mui,File024
PrintWSDAHost.dll.mui,E:\Windows\WinSxS\amd64_microsoft-windows-p..-wsdahost.resources_31bf3856ad364e35_10.0.18362.1_en-us_9122f45bd35f9fe8\PrintWSDAHost.dll.mui,File005
PrintWorkflowService.dll.mui,E:\Windows\WinSxS\amd64_microsoft-windows-p..-workflow.resources_31bf3856ad364e35_10.0.18362.1_en-us_a1c379d260d0b300\PrintWorkflowService.dll.mui,File024
PrintDialog.exe.mui,E:\Windows\WinSxS\amd64_microsoft-windows-p...appxmain.resources_31bf3856ad364e35_10.0.18362.1_en-us_267c7e2380b35fc4\PrintDialog.exe.mui,File005
hidphone.tsp.mui,E:\Windows\WinSxS\amd64_microsoft-windows-optionaltsps.resources_31bf3856ad364e35_10.0.18362.1_en-us_14fcc9e70c9c73ff\hidphone.tsp.mui,File027
OpenWith.exe.mui,E:\Windows\WinSxS\amd64_microsoft-windows-openwith.resources_31bf3856ad364e35_10.0.18362.1_en-us_f592f514775c57d3\OpenWith.exe.mui,File005
TpmCertResources.dll,E:\Windows\WinSxS\amd64_microsoft-windows-tpm-coreprovisioning_31bf3856ad364e35_10.0.18362.329_none_8d56448807d31461\TpmCertResources.dll,File027
TpmTasks.dll.mui,E:\Windows\WinSxS\amd64_microsoft-windows-tpm-tasks.resources_31bf3856ad364e35_10.0.18362.1_en-us_d0a357aa0bda3655\TpmTasks.dll.mui,File027
tzsyncres.dll,E:\Windows\WinSxS\amd64_microsoft-windows-timezone-syncres_31bf3856ad364e35_10.0.18362.1_none_46ac93dd1e85379f\tzsyncres.dll,File160
trkwks.dll.mui,E:\Windows\WinSxS\amd64_microsoft-windows-trkwks.resources_31bf3856ad364e35_10.0.18362.1_en-us_b7fcab48ffb7c91b\trkwks.dll.mui,File024
tapi32.dll.mui,E:\Windows\WinSxS\amd64_microsoft-windows-tapi2xclient.resources_31bf3856ad364e35_10.0.18362.1_en-us_bb6bec4972b73138\tapi32.dll.mui,File005
TetheringStation.dll.mui,E:\Windows\WinSxS\amd64_microsoft-windows-t..ngstation.resources_31bf3856ad364e35_10.0.18362.1_en-us_cdc6bcd6f167d027\TetheringStation.dll.mui,File024
tipresx.dll.mui,E:\Windows\WinSxS\amd64_microsoft-windows-t..languages.resources_31bf3856ad364e35_10.0.18362.1_ar-sa_f09ad779b0f377db\tipresx.dll.mui,File001
tsgqec.dll.mui,E:\Windows\WinSxS\amd64_microsoft-windows-t..tivexcore.resources_31bf3856ad364e35_10.0.18362.1_en-us_461f210d03b6c266\tsgqec.dll.mui,File024
tipresx.dll.mui,E:\Windows\WinSxS\amd64_microsoft-windows-t..languages.resources_31bf3856ad364e35_10.0.18362.1_pt-pt_87b880e9e2196f36\tipresx.dll.mui,File001
TabTip.exe.mui,E:\Windows\WinSxS\amd64_microsoft-windows-t..nputpanel.resources_31bf3856ad364e35_10.0.18362.1_en-us_cf72695f1a197ffd\TabTip.exe.mui,File005
PhoneUtilRes.dll.mui,E:\Windows\WinSxS\amd64_microsoft-windows-t..phoneutil.resources_31bf3856ad364e35_10.0.18362.1_en-us_09dd13962ecced88\PhoneUtilRes.dll.mui,File160
thumbcache.dll.mui,E:\Windows\WinSxS\amd64_microsoft-windows-t..nailcache.resources_31bf3856ad364e35_10.0.18362.1_en-us_acd808efa0e1d8e5\thumbcache.dll.mui,File024
softkbd.dll.mui,E:\Windows\WinSxS\amd64_microsoft-windows-t..k-softkbd.resources_31bf3856ad364e35_10.0.18362.1_en-us_f5e9ce8b89e6e36c\softkbd.dll.mui,File024
hostname.exe.mui,E:\Windows\WinSxS\amd64_microsoft-windows-t..p-utility.resources_31bf3856ad364e35_10.0.18362.1_en-us_c6c7a0381c3008b0\hostname.exe.mui,File024
route.exe.mui,E:\Windows\WinSxS\amd64_microsoft-windows-t..p-utility.resources_31bf3856ad364e35_10.0.18362.1_en-us_c6c7a0381c3008b0\route.exe.mui,File101
tsusbflt.sys.mui,E:\Windows\WinSxS\amd64_microsoft-windows-t..torclient.resources_31bf3856ad364e35_10.0.18362.1_en-us_10fc3281ba9304da\tsusbflt.sys.mui,File027
tipresx.dll.mui,E:\Windows\WinSxS\amd64_microsoft-windows-t..languages.resources_31bf3856ad364e35_10.0.18362.1_fr-ca_203398266dc76fe8\tipresx.dll.mui,File042
msctfui.dll.mui,E:\Windows\WinSxS\amd64_microsoft-windows-t..k-msctfui.resources_31bf3856ad364e35_10.0.18362.1_en-us_8bb89161f51afb9c\msctfui.dll.mui,File005
cfgbkend.dll.mui,E:\Windows\WinSxS\amd64_microsoft-windows-t..igbackend.resources_31bf3856ad364e35_10.0.18362.1_en-us_5eb7834d99abcac8\cfgbkend.dll.mui,File160
tipresx.dll.mui,E:\Windows\WinSxS\amd64_microsoft-windows-t..languages.resources_31bf3856ad364e35_10.0.18362.1_pt-br_86d6b17de2a9ff5a\tipresx.dll.mui,File001
lsm.dll.mui,E:\Windows\WinSxS\amd64_microsoft-windows-t..onmanager.resources_31bf3856ad364e35_10.0.18362.1_en-us_aeef3dd1ba0f025c\lsm.dll.mui,File071
MsCtfMonitor.dll.mui,E:\Windows\WinSxS\amd64_microsoft-windows-t..tfmonitor.resources_31bf3856ad364e35_10.0.18362.1_en-us_e3461c566eadb082\MsCtfMonitor.dll.mui,File024
TipTsf.dll.mui,E:\Windows\WinSxS\amd64_microsoft-windows-t..tservices.resources_31bf3856ad364e35_10.0.18362.1_en-us_e3bf62b8c5758353\TipTsf.dll.mui,File027
tipresx.dll.mui,E:\Windows\WinSxS\amd64_microsoft-windows-t..languages.resources_31bf3856ad364e35_10.0.18362.1_es-mx_873cc58374b0d70b\tipresx.dll.mui,File001
TimeSyncTask.dll.mui,E:\Windows\WinSxS\amd64_microsoft-windows-t..sync-task.resources_31bf3856ad364e35_10.0.18362.1_en-us_9fb693d58884d53b\TimeSyncTask.dll.mui,File024
msctfime.ime,E:\Windows\WinSxS\amd64_microsoft-windows-t..sframework-msctfime_31bf3856ad364e35_10.0.18362.1_none_a7f175bf46760c20\msctfime.ime,File001
reset.exe.mui,E:\Windows\WinSxS\amd64_microsoft-windows-t..linetools.resources_31bf3856ad364e35_10.0.18362.1_en-us_ebad3c564008ab84\reset.exe.mui,File024
Ninput.dll.mui,E:\Windows\WinSxS\amd64_microsoft-windows-t..ut-ninput.resources_31bf3856ad364e35_10.0.18362.1_en-us_f2828478df9ec2de\Ninput.dll.mui,File024
sessenv.dll.mui,E:\Windows\WinSxS\amd64_microsoft-windows-t..nvservice.resources_31bf3856ad364e35_10.0.18362.1_en-us_e94fb51f8160bf96\sessenv.dll.mui,File027
tipresx.dll.mui,E:\Windows\WinSxS\amd64_microsoft-windows-t..languages.resources_31bf3856ad364e35_10.0.18362.1_fr-fr_27bd4ddc68ef09c2\tipresx.dll.mui,File042
chgusr.exe.mui,E:\Windows\WinSxS\amd64_microsoft-windows-t..linetools.resources_31bf3856ad364e35_10.0.18362.1_en-us_ebad3c564008ab84\chgusr.exe.mui,File160
tipresx.dll.mui,E:\Windows\WinSxS\amd64_microsoft-windows-t..languages.resources_31bf3856ad364e35_10.0.18362.1_it-it_11e544234020ef40\tipresx.dll.mui,File001
chgport.exe.mui,E:\Windows\WinSxS\amd64_microsoft-windows-t..linetools.resources_31bf3856ad364e35_10.0.18362.1_en-us_ebad3c564008ab84\chgport.exe.mui,File160
rtscom.dll.mui,E:\Windows\WinSxS\amd64_microsoft-windows-t..pulations.resources_31bf3856ad364e35_10.0.18362.1_en-us_fcb3030435453841\rtscom.dll.mui,File024
iphlpapi.dll.mui,E:\Windows\WinSxS\amd64_microsoft-windows-t..libraries.resources_31bf3856ad364e35_10.0.18362.1_en-us_4ed1f45b8c6c9571\iphlpapi.dll.mui,File160
msimtf.dll.mui,E:\Windows\WinSxS\amd64_microsoft-windows-t..rk-msimtf.resources_31bf3856ad364e35_10.0.18362.1_en-us_b75b8697dc79ccf3\msimtf.dll.mui,File005
ctfmon.exe.mui,E:\Windows\WinSxS\amd64_microsoft-windows-t..rk-ctfmon.resources_31bf3856ad364e35_10.0.18362.1_en-us_68d70524b35ceabc\ctfmon.exe.mui,File005
TabSvc.dll.mui,E:\Windows\WinSxS\amd64_microsoft-windows-t..nput-core.resources_31bf3856ad364e35_10.0.18362.1_en-us_8cc8286f0503faf1\TabSvc.dll.mui,File024
query.exe.mui,E:\Windows\WinSxS\amd64_microsoft-windows-t..linetools.resources_31bf3856ad364e35_10.0.18362.1_en-us_ebad3c564008ab84\query.exe.mui,File024
RdpSa.exe.mui,E:\Windows\WinSxS\amd64_microsoft-windows-t..sionagent.resources_31bf3856ad364e35_10.0.18362.1_en-us_b8964148fde7cbbd\RdpSa.exe.mui,File024
rdvvmtransport.dll.mui,E:\Windows\WinSxS\amd64_microsoft-windows-t..nvservice.resources_31bf3856ad364e35_10.0.18362.1_en-us_e94fb51f8160bf96\rdvvmtransport.dll.mui,File005
Wisp.dll.mui,E:\Windows\WinSxS\amd64_microsoft-windows-t..nput-wisp.resources_31bf3856ad364e35_10.0.18362.1_en-us_43377d02842bfdb5\Wisp.dll.mui,File024
tsprof.exe.mui,E:\Windows\WinSxS\amd64_microsoft-windows-t..linetools.resources_31bf3856ad364e35_10.0.18362.1_en-us_5730056d33be2d9e\tsprof.exe.mui,File027
tipresx.dll.mui,E:\Windows\WinSxS\amd64_microsoft-windows-t..languages.resources_31bf3856ad364e35_10.0.18362.1_el-gr_84dfd293762d5e84\tipresx.dll.mui,File001
tipresx.dll.mui,E:\Windows\WinSxS\amd64_microsoft-windows-t..languages.resources_31bf3856ad364e35_10.0.18362.1_de-de_dc49a5008717f5f6\tipresx.dll.mui,File001
tpmcompc.dll.mui,E:\Windows\WinSxS\amd64_microsoft-windows-t..minsnapin.resources_31bf3856ad364e35_10.0.18362.1_en-us_da932f4514adc1ab\tpmcompc.dll.mui,File027
finger.exe.mui,E:\Windows\WinSxS\amd64_microsoft-windows-t..p-utility.resources_31bf3856ad364e35_10.0.18362.1_en-us_c6c7a0381c3008b0\finger.exe.mui,File160
mip.exe.mui,E:\Windows\WinSxS\amd64_microsoft-windows-t..nputpanel.resources_31bf3856ad364e35_10.0.18362.1_en-us_d32bcdaf506b59a7\mip.exe.mui,File001
tipresx.dll.mui,E:\Windows\WinSxS\amd64_microsoft-windows-t..languages.resources_31bf3856ad364e35_10.0.18362.1_sk-sk_6d76975abc14ef8c\tipresx.dll.mui,File001
tipresx.dll.mui,E:\Windows\WinSxS\amd64_microsoft-windows-t..languages.resources_31bf3856ad364e35_10.0.18362.1_bg-bg_96dab902a173c932\tipresx.dll.mui,File001
MultiDigiMon.exe.mui,E:\Windows\WinSxS\amd64_microsoft-windows-t..trolpanel.resources_31bf3856ad364e35_10.0.18362.1_en-us_a4100ded8ab664f2\MultiDigiMon.exe.mui,File027
change.exe.mui,E:\Windows\WinSxS\amd64_microsoft-windows-t..linetools.resources_31bf3856ad364e35_10.0.18362.1_en-us_ebad3c564008ab84\change.exe.mui,File024
tipresx.dll.mui,E:\Windows\WinSxS\amd64_microsoft-windows-t..languages.resources_31bf3856ad364e35_10.0.18362.1_es-es_8505d7dd761cf360\tipresx.dll.mui,File001
tipresx.dll.mui,E:\Windows\WinSxS\amd64_microsoft-windows-t..languages.resources_31bf3856ad364e35_10.0.18362.1_ro-ro_cbf34721c8803a92\tipresx.dll.mui,File001
sessionmsg.exe.mui,E:\Windows\WinSxS\amd64_microsoft-windows-t..essionmsg.resources_31bf3856ad364e35_10.0.18362.1_en-us_a6828d73d2354f55\sessionmsg.exe.mui,File027
PhoneServiceRes.dll,E:\Windows\WinSxS\amd64_microsoft-windows-t..honeservice-desktop_31bf3856ad364e35_10.0.18362.1_none_fada1d9e1fc3c8af\PhoneServiceRes.dll,File005
drprov.dll.mui,E:\Windows\WinSxS\amd64_microsoft-windows-t..es-drprov.resources_31bf3856ad364e35_10.0.18362.1_en-us_36f96701a41f094f\drprov.dll.mui,File024
tzsyncres.dll.mui,E:\Windows\WinSxS\amd64_microsoft-windows-t..e-syncres.resources_31bf3856ad364e35_10.0.18362.1_en-us_f27abc272f8960f6\tzsyncres.dll.mui,File160
TetheringIeProvider.dll.mui,E:\Windows\WinSxS\amd64_microsoft-windows-t..eprovider.resources_31bf3856ad364e35_10.0.18362.1_en-us_012977300ae366e6\TetheringIeProvider.dll.mui,File024
spectrum.exe.mui,E:\Windows\WinSxS\amd64_microsoft-windows-spectrum.resources_31bf3856ad364e35_10.0.18362.1_en-us_1b97afba2582644c\spectrum.exe.mui,File024
remotepg.dll.mui,E:\Windows\WinSxS\amd64_microsoft-windows-t..emotepage.resources_31bf3856ad364e35_10.0.18362.1_en-us_89750614aefdbc45\remotepg.dll.mui,File042
quser.exe.mui,E:\Windows\WinSxS\amd64_microsoft-windows-t..etoolsmqq.resources_31bf3856ad364e35_10.0.18362.1_en-us_f257f72e582e10e5\quser.exe.mui,File160
TSTheme.exe.mui,E:\Windows\WinSxS\amd64_microsoft-windows-t..ces-theme.resources_31bf3856ad364e35_10.0.18362.1_en-us_a45a5490bf26fe87\TSTheme.exe.mui,File005
rdpclip.exe.mui,E:\Windows\WinSxS\amd64_microsoft-windows-t..direction.resources_31bf3856ad364e35_10.0.18362.1_en-us_4980f80eb4ea62dc\rdpclip.exe.mui,File027
srvsvc.dll.mui,E:\Windows\WinSxS\amd64_microsoft-windows-smbserver.resources_31bf3856ad364e35_10.0.18362.1_en-us_5364c93011059764\srvsvc.dll.mui,File160
sort.exe.mui,E:\Windows\WinSxS\amd64_microsoft-windows-sort.resources_31bf3856ad364e35_10.0.18362.1_en-us_b80741f844ae8585\sort.exe.mui,File042
softpub.dll,E:\Windows\WinSxS\amd64_microsoft-windows-softpub-dll_31bf3856ad364e35_10.0.18362.1_none_b5f17739fc25b388\softpub.dll,File001
rdpcfgex.dll,E:\Windows\WinSxS\amd64_microsoft-windows-t..dp-configextensions_31bf3856ad364e35_10.0.18362.1_none_4c27cac345adbac0\rdpcfgex.dll,File042
rdpdr.sys.mui,E:\Windows\WinSxS\amd64_microsoft-windows-t..ces-rdpdr.resources_31bf3856ad364e35_10.0.18362.1_en-us_c2b557fa251c559e\rdpdr.sys.mui,File024
smss.exe.mui,E:\Windows\WinSxS\amd64_microsoft-windows-smss.resources_31bf3856ad364e35_10.0.18362.1_en-us_b6c7a85edc6d6b6d\smss.exe.mui,File005
ShMig.dll.mui,E:\Windows\WinSxS\amd64_microsoft-windows-shmig.resources_31bf3856ad364e35_10.0.18362.1_en-us_5239f26484b9b0c5\ShMig.dll.mui,File160
shimgvw.dll.mui,E:\Windows\WinSxS\amd64_microsoft-windows-shimgvw.resources_31bf3856ad364e35_10.0.18362.1_en-us_8833c43b862f9ec8\shimgvw.dll.mui,File024
mshwLatin.dll.mui,E:\Windows\WinSxS\amd64_microsoft-windows-t..cognition.resources_31bf3856ad364e35_10.0.18362.1_en-us_b03c399fa3716975\mshwLatin.dll.mui,File024
shfolder.dll,E:\Windows\WinSxS\amd64_microsoft-windows-shfolder_31bf3856ad364e35_10.0.18362.1_none_c17ade089c4d0b4d\shfolder.dll,File001
modem.sys.mui,E:\Windows\WinSxS\amd64_microsoft-windows-u..assdriver.resources_31bf3856ad364e35_10.0.18362.1_en-us_5c54020f09e03c5c\modem.sys.mui,File160
wlrmdr.exe.mui,E:\Windows\WinSxS\amd64_microsoft-windows-w..gon-tools.resources_31bf3856ad364e35_10.0.18362.1_en-us_e80a008d0eec97c2\wlrmdr.exe.mui,File005
srumapi.dll.mui,E:\Windows\WinSxS\amd64_microsoft-windows-srumon.resources_31bf3856ad364e35_10.0.18362.1_en-us_83d037a2aad61099\srumapi.dll.mui,File160
Windows.UI.FileExplorer.dll.mui,E:\Windows\WinSxS\amd64_microsoft-windows-u..eexplorer.resources_31bf3856ad364e35_10.0.18362.1_en-us_e1920f144d92544f\Windows.UI.FileExplorer.dll.mui,File005
dsregcmd.exe.mui,E:\Windows\WinSxS\amd64_microsoft-windows-u..n-cmdline.resources_31bf3856ad364e35_10.0.18362.356_en-us_256b98e95f2a6813\dsregcmd.exe.mui,File027
serwvdrv.dll.mui,E:\Windows\WinSxS\amd64_microsoft-windows-u..dem-voice.resources_31bf3856ad364e35_10.0.18362.1_en-us_c05611a131e8701a\serwvdrv.dll.mui,File024
PasswordOnWakeSettingFlyout.exe.mui,E:\Windows\WinSxS\amd64_microsoft-windows-u..ingflyout.resources_31bf3856ad364e35_10.0.18362.1_en-us_b15792ffcf3d364b\PasswordOnWakeSettingFlyout.exe.mui,File024
uicom.dll.mui,E:\Windows\WinSxS\amd64_microsoft-windows-u..em-config.resources_31bf3856ad364e35_10.0.18362.1_en-us_641e9ce947dd8fba\uicom.dll.mui,File005
dsregtask.dll.mui,E:\Windows\WinSxS\amd64_microsoft-windows-u..istration.resources_31bf3856ad364e35_10.0.18362.356_en-us_b9904dfa0c7d2bf4\dsregtask.dll.mui,File024
UserDeviceRegistration.dll.mui,E:\Windows\WinSxS\amd64_microsoft-windows-u..istration.resources_31bf3856ad364e35_10.0.18362.356_en-us_b9904dfa0c7d2bf4\UserDeviceRegistration.dll.mui,File024
UserDeviceRegistration.Ngc.dll.mui,E:\Windows\WinSxS\amd64_microsoft-windows-u..istration.resources_31bf3856ad364e35_10.0.18362.356_en-us_b9904dfa0c7d2bf4\UserDeviceRegistration.Ngc.dll.mui,File024
tier2punctuations.dll,E:\Windows\WinSxS\amd64_microsoft-windows-srh_31bf3856ad364e35_10.0.18362.145_none_ff445313ec5fc05e\tier2punctuations.dll,File005
CallHistoryClient.dll.mui,E:\Windows\WinSxS\amd64_microsoft-windows-u..oryclient.resources_31bf3856ad364e35_10.0.18362.1_en-us_93fc14ca46603f3e\CallHistoryClient.dll.mui,File027
usosvc.dll.mui,E:\Windows\WinSxS\amd64_microsoft-windows-u..ratorcore.resources_31bf3856ad364e35_10.0.18362.1_en-us_2929dd7955757942\usosvc.dll.mui,File027
utcutil.dll.mui,E:\Windows\WinSxS\amd64_microsoft-windows-u..ry-client.resources_31bf3856ad364e35_10.0.18362.1_en-us_982da8dabfb1cd61\utcutil.dll.mui,File024
cemapi.dll.mui,E:\Windows\WinSxS\amd64_microsoft-windows-u..ss-cemapi.resources_31bf3856ad364e35_10.0.18362.1_en-us_679d01d7f3c05b00\cemapi.dll.mui,File027
upnp.dll.mui,E:\Windows\WinSxS\amd64_microsoft-windows-u..trolpoint.resources_31bf3856ad364e35_10.0.18362.1_en-us_2abf52f14660d875\upnp.dll.mui,File024
spnet.dll,E:\Windows\WinSxS\amd64_microsoft-windows-sysprep-spnet_31bf3856ad364e35_10.0.18362.1_none_ea1d8f4aca887b8b\spnet.dll,File071
SystemPropertiesRemote.exe.mui,E:\Windows\WinSxS\amd64_microsoft-windows-sysdmremote.resources_31bf3856ad364e35_10.0.18362.1_en-us_82bbd6cb65c88999\SystemPropertiesRemote.exe.mui,File005
reseteng.dll.mui,E:\Windows\WinSxS\amd64_microsoft-windows-systemreset.resources_31bf3856ad364e35_10.0.18362.1_en-us_b4583393c7d6b191\reseteng.dll.mui,File027
ResetEngine.dll.mui,E:\Windows\WinSxS\amd64_microsoft-windows-systemreset.resources_31bf3856ad364e35_10.0.18362.1_en-us_b4583393c7d6b191\ResetEngine.dll.mui,File024
ResetEngOnline.dll.mui,E:\Windows\WinSxS\amd64_microsoft-windows-systemreset.resources_31bf3856ad364e35_10.0.18362.1_en-us_b4583393c7d6b191\ResetEngOnline.dll.mui,File005
mscandui.dll.mui,E:\Windows\WinSxS\amd64_microsoft-windows-t..-mscandui.resources_31bf3856ad364e35_10.0.18362.1_en-us_ee02f2f967b3aedd\mscandui.dll.mui,File024
systray.exe,E:\Windows\WinSxS\amd64_microsoft-windows-systray_31bf3856ad364e35_10.0.18362.1_none_c5aeecce7342823d\systray.exe,File042
SHCore.dll.mui,E:\Windows\WinSxS\amd64_microsoft-windows-shcore.resources_31bf3856ad364e35_10.0.18362.1_en-us_a43843c52bbfa5c7\SHCore.dll.mui,File005
sfc.dll,E:\Windows\WinSxS\amd64_microsoft-windows-sfc_31bf3856ad364e35_10.0.18362.1_none_79933347d96a1458\sfc.dll,File024
sysreseterr.exe.mui,E:\Windows\WinSxS\amd64_microsoft-windows-systemreset.resources_31bf3856ad364e35_10.0.18362.1_en-us_b4583393c7d6b191\sysreseterr.exe.mui,File024
icmp.dll,E:\Windows\WinSxS\amd64_microsoft-windows-t..-platform-libraries_31bf3856ad364e35_10.0.18362.1_none_bcce5ae1188699f2\icmp.dll,File024
rdpinit.exe.mui,E:\Windows\WinSxS\amd64_microsoft-windows-t..clientsku.resources_31bf3856ad364e35_10.0.18362.1_en-us_5fcb722d9fb63c00\rdpinit.exe.mui,File005
TrustedInstaller.exe.mui,E:\Windows\WinSxS\amd64_microsoft-windows-t..installer.resources_31bf3856ad364e35_10.0.18362.1_en-us_398806f43fe40454\TrustedInstaller.exe.mui,File024
tipresx.dll.mui,E:\Windows\WinSxS\amd64_microsoft-windows-t..languages.resources_31bf3856ad364e35_10.0.18362.1_et-ee_7ec5a36d7a22cfef\tipresx.dll.mui,File001
TelephonyInteractiveUserRes.dll,E:\Windows\WinSxS\amd64_microsoft-windows-t..honyinteractiveuser_31bf3856ad364e35_10.0.18362.1_none_9a98e508d48033ea\TelephonyInteractiveUserRes.dll,File005
SensorService.dll.mui,E:\Windows\WinSxS\amd64_microsoft-windows-sensors-core.resources_31bf3856ad364e35_10.0.18362.1_en-us_7a915b7d2c2c85f8\SensorService.dll.mui,File027
SensorsCx.dll.mui,E:\Windows\WinSxS\amd64_microsoft-windows-sensors-core.resources_31bf3856ad364e35_10.0.18362.1_en-us_7a915b7d2c2c85f8\SensorsCx.dll.mui,File005
sens.dll.mui,E:\Windows\WinSxS\amd64_microsoft-windows-sens-service.resources_31bf3856ad364e35_10.0.18362.1_en-us_e79f53fb9f3da5b0\sens.dll.mui,File024
SpeechUXWiz.exe.mui,E:\Windows\WinSxS\amd64_microsoft-windows-s..xperience.resources_31bf3856ad364e35_10.0.18362.1_en-us_71b1fd3330c44301\SpeechUXWiz.exe.mui,File005
SpTip.dll.mui,E:\Windows\WinSxS\amd64_microsoft-windows-s..xperience.resources_31bf3856ad364e35_10.0.18362.1_en-us_71b1fd3330c44301\SpTip.dll.mui,File005
HolographicExtensions.dll.mui,E:\Windows\WinSxS\amd64_microsoft-windows-s..xtensions.resources_31bf3856ad364e35_10.0.18362.1_en-us_bdb03c0c7017d6e2\HolographicExtensions.dll.mui,File027
WSCollect.exe.mui,E:\Windows\WinSxS\amd64_microsoft-windows-s..wscollect.resources_31bf3856ad364e35_10.0.18362.1_en-us_548b96b1e55baf38\WSCollect.exe.mui,File024
SettingsHandlers_Devices.dll.mui,E:\Windows\WinSxS\amd64_microsoft-windows-s..s-devices.resources_31bf3856ad364e35_10.0.18362.1_en-us_f228999baa5b0536\SettingsHandlers_Devices.dll.mui,File005
sppcomapi.dll.mui,E:\Windows\WinSxS\amd64_microsoft-windows-s..ty-spp-ux.resources_31bf3856ad364e35_10.0.18362.1_en-us_cb43613978bade07\sppcomapi.dll.mui,File160
SystemPropertiesProtection.exe.mui,E:\Windows\WinSxS\amd64_microsoft-windows-s..rotection.resources_31bf3856ad364e35_10.0.18362.1_en-us_91fb620d0d3a5bea\SystemPropertiesProtection.exe.mui,File005
RMActivate_ssp.exe.mui,E:\Windows\WinSxS\amd64_microsoft-windows-s..serverbox.resources_31bf3856ad364e35_10.0.18362.1_en-us_6fd90a201d1fe0f9\RMActivate_ssp.exe.mui,File005
SettingsHandlers_Privacy.dll.mui,E:\Windows\WinSxS\amd64_microsoft-windows-s..s-privacy.resources_31bf3856ad364e35_10.0.18362.1_en-us_ae2e0d477c005883\SettingsHandlers_Privacy.dll.mui,File024
Microsoft.BitLocker.Structures.dll,E:\Windows\WinSxS\amd64_microsoft-windows-s..tup-tool-powershell_31bf3856ad364e35_10.0.18362.1_none_187b434f2477f5b7\Microsoft.BitLocker.Structures.dll,File071
AudioHandlers.dll.mui,E:\Windows\WinSxS\amd64_microsoft-windows-s..shandlers.resources_31bf3856ad364e35_10.0.18362.1_en-us_b0a15bbe900ba132\AudioHandlers.dll.mui,File005
ubpm.dll.mui,E:\Windows\WinSxS\amd64_microsoft-windows-s..ssmanager.resources_31bf3856ad364e35_10.0.18362.1_en-us_55ce0b9cbb34f5de\ubpm.dll.mui,File024
svchost.exe.mui,E:\Windows\WinSxS\amd64_microsoft-windows-s..s-svchost.resources_31bf3856ad364e35_10.0.18362.1_en-us_23a660d524b21250\svchost.exe.mui,File005
sharemediacpl.dll.mui,E:\Windows\WinSxS\amd64_microsoft-windows-s..trolpanel.resources_31bf3856ad364e35_10.0.18362.1_en-us_c2b93e0770b60544\sharemediacpl.dll.mui,File101
SettingsHandlers_Display.dll.mui,E:\Windows\WinSxS\amd64_microsoft-windows-s..s-display.resources_31bf3856ad364e35_10.0.18362.1_en-us_d887f7b5d8b7bddd\SettingsHandlers_Display.dll.mui,File027
vdswmi.dll.mui,E:\Windows\WinSxS\amd64_microsoft-windows-s..iprovider.resources_31bf3856ad364e35_10.0.18362.1_en-us_a8e90b341b470880\vdswmi.dll.mui,File024
dab.dll.mui,E:\Windows\WinSxS\amd64_microsoft-windows-s..itybroker.resources_31bf3856ad364e35_10.0.18362.1_en-us_89df62bf53f65fe8\dab.dll.mui,File005
logoncli.dll,E:\Windows\WinSxS\amd64_microsoft-windows-s..ity-netlogon-netapi_31bf3856ad364e35_10.0.18362.1_none_a5935adbd3325b41\logoncli.dll,File095
TokenBroker.dll.mui,E:\Windows\WinSxS\amd64_microsoft-windows-s..kenbroker.resources_31bf3856ad364e35_10.0.18362.1_en-us_ac8e0b8514bbf112\TokenBroker.dll.mui,File024
SetNetworkLocationFlyout.dll.mui,E:\Windows\WinSxS\amd64_microsoft-windows-s..ionflyout.resources_31bf3856ad364e35_10.0.18362.1_en-us_76f33675a6db5c9d\SetNetworkLocationFlyout.dll.mui,File024
svsvc.dll.mui,E:\Windows\WinSxS\amd64_microsoft-windows-svsvc.resources_31bf3856ad364e35_10.0.18362.1_en-us_8525e8eb03c72814\svsvc.dll.mui,File024
WWAApi.dll.mui,E:\Windows\WinSxS\amd64_microsoft-windows-w..-host-api.resources_31bf3856ad364e35_10.0.18362.1_en-us_987b81e8d60f5199\WWAApi.dll.mui,File027
KrnlProv.dll.mui,E:\Windows\WinSxS\amd64_microsoft-windows-w..-provider.resources_31bf3856ad364e35_10.0.18362.1_en-us_94e47c2af9691ac9\KrnlProv.dll.mui,File005
ntevt.dll.mui,E:\Windows\WinSxS\amd64_microsoft-windows-w..-provider.resources_31bf3856ad364e35_10.0.18362.1_en-us_b0c7161fa22af03b\ntevt.dll.mui,File005
SystemPropertiesAdvanced.exe.mui,E:\Windows\WinSxS\amd64_microsoft-windows-s..madvanced.resources_31bf3856ad364e35_10.0.18362.1_en-us_81a2d0be0938f56d\SystemPropertiesAdvanced.exe.mui,File005
vaultsvc.dll.mui,E:\Windows\WinSxS\amd64_microsoft-windows-s..ity-vault.resources_31bf3856ad364e35_10.0.18362.1_en-us_c4ed3ad2877df38e\vaultsvc.dll.mui,File024
wsock32.dll.mui,E:\Windows\WinSxS\amd64_microsoft-windows-w..ck-legacy.resources_31bf3856ad364e35_10.0.18362.1_en-us_1e192ba7174465ef\wsock32.dll.mui,File042
WiaExtensionHost64.dll,E:\Windows\WinSxS\amd64_microsoft-windows-w..-wiaextensionhost64_31bf3856ad364e35_10.0.18362.1_none_18123fc4abe060be\WiaExtensionHost64.dll,File071
wiadss.dll.mui,E:\Windows\WinSxS\amd64_microsoft-windows-w..aincompat.resources_31bf3856ad364e35_10.0.18362.1_en-us_243a762987245119\wiadss.dll.mui,File024
ws2ifsl.sys.mui,E:\Windows\WinSxS\amd64_microsoft-windows-w..e-ws2ifsl.resources_31bf3856ad364e35_10.0.18362.1_en-us_fc12c4724bf7d0b6\ws2ifsl.sys.mui,File005
SettingsHandlers_OneDriveBackup.dll.mui,E:\Windows\WinSxS\amd64_microsoft-windows-s..ivebackup.resources_31bf3856ad364e35_10.0.18362.356_en-us_8234cd43b60ccc9e\SettingsHandlers_OneDriveBackup.dll.mui,File160
srloc.dll.mui,E:\Windows\WinSxS\amd64_microsoft-windows-speechengine.resources_31bf3856ad364e35_10.0.18362.1_en-us_eb338a35536c8de7\srloc.dll.mui,File160
scrcons.exe.mui,E:\Windows\WinSxS\amd64_microsoft-windows-w..consumers.resources_31bf3856ad364e35_10.0.18362.1_en-us_3277f58e9c5441b8\scrcons.exe.mui,File005
mswsock.dll.mui,E:\Windows\WinSxS\amd64_microsoft-windows-w..cture-bsp.resources_31bf3856ad364e35_10.0.18362.1_en-us_a03eac80e0ee2d8d\mswsock.dll.mui,File071
wuapihost.exe,E:\Windows\WinSxS\amd64_microsoft-windows-w..dateclient-api-host_31bf3856ad364e35_10.0.18362.1_none_7232f46e18a3ff29\wuapihost.exe,File042
wiarpc.dll.mui,E:\Windows\WinSxS\amd64_microsoft-windows-w..eservices.resources_31bf3856ad364e35_10.0.18362.1_en-us_abb5045a375e7d2c\wiarpc.dll.mui,File024
wdf01000.sys.mui,E:\Windows\WinSxS\amd64_microsoft-windows-w..ellibrary.resources_31bf3856ad364e35_10.0.18362.1_en-us_efe3e56b787ae15f\wdf01000.sys.mui,File027
fphc.dll.mui,E:\Windows\WinSxS\amd64_microsoft-windows-w..erclasses.resources_31bf3856ad364e35_10.0.18362.1_en-us_7eec98dcc36b0a42\fphc.dll.mui,File042
wiaservc.dll.mui,E:\Windows\WinSxS\amd64_microsoft-windows-w..eservices.resources_31bf3856ad364e35_10.0.18362.1_en-us_abb5045a375e7d2c\wiaservc.dll.mui,File024
wmiprop.dll.mui,E:\Windows\WinSxS\amd64_microsoft-windows-w..eprovider.resources_31bf3856ad364e35_10.0.18362.1_en-us_35ab5da48dec229a\wmiprop.dll.mui,File027
WPDShextAutoplay.exe.mui,E:\Windows\WinSxS\amd64_microsoft-windows-w..extension.resources_31bf3856ad364e35_10.0.18362.1_en-us_1db1dc45d924a96c\WPDShextAutoplay.exe.mui,File005
srv.sys.mui,E:\Windows\WinSxS\amd64_microsoft-windows-smbserver-v1.resources_31bf3856ad364e35_10.0.18362.1_en-us_9a93fd74dec6ed66\srv.sys.mui,File024
wlanext.exe.mui,E:\Windows\WinSxS\amd64_microsoft-windows-w..extension.resources_31bf3856ad364e35_10.0.18362.1_en-us_10d1e196fd698fb7\wlanext.exe.mui,File005
secinit.exe,E:\Windows\WinSxS\amd64_microsoft-windows-secinit_31bf3856ad364e35_10.0.18362.1_none_5a1560734a36a7ef\secinit.exe,File001
sechost.dll.mui,E:\Windows\WinSxS\amd64_microsoft-windows-sechost.resources_31bf3856ad364e35_10.0.18362.1_en-us_af7fd1deac5ae326\sechost.dll.mui,File005
secinit.exe.mui,E:\Windows\WinSxS\amd64_microsoft-windows-secinit.resources_31bf3856ad364e35_10.0.18362.1_en-us_4f2864e712d5a0aa\secinit.exe.mui,File005
TelephonyInteractiveUserRes.dll.mui,E:\Windows\WinSxS\amd64_microsoft-windows-t..ctiveuser.resources_31bf3856ad364e35_10.0.18362.1_en-us_43d2aa8dba049aa5\TelephonyInteractiveUserRes.dll.mui,File027
NaturalAuth.dll.mui,E:\Windows\WinSxS\amd64_microsoft-windows-s..ntication.resources_31bf3856ad364e35_10.0.18362.1_en-us_75d02a4ee48b85fb\NaturalAuth.dll.mui,File027
SharedRealitySvc.dll.mui,E:\Windows\WinSxS\amd64_microsoft-windows-s..ealitysvc.resources_31bf3856ad364e35_10.0.18362.1_en-us_d88cfcd121be7fb2\SharedRealitySvc.dll.mui,File024
immersivetpmvscmgrsvr.exe.mui,E:\Windows\WinSxS\amd64_microsoft-windows-s..m-manager.resources_31bf3856ad364e35_10.0.18362.1_en-us_0b50fdb306e0aced\immersivetpmvscmgrsvr.exe.mui,File024
SettingsHandlers_SIUF.dll.mui,E:\Windows\WinSxS\amd64_microsoft-windows-s..lers-siuf.resources_31bf3856ad364e35_10.0.18362.1_en-us_437ad75d95a24cbc\SettingsHandlers_SIUF.dll.mui,File024
WinLGDep.dll.mui,E:\Windows\WinSxS\amd64_microsoft-windows-s..component.resources_31bf3856ad364e35_10.0.18362.1_en-us_53d8c72c36df5254\WinLGDep.dll.mui,File027
msctfuimanager.dll.mui,E:\Windows\WinSxS\amd64_microsoft-windows-t..anagerdll.resources_31bf3856ad364e35_10.0.18362.1_en-us_a25366a0324a85ca\msctfuimanager.dll.mui,File101
termmgr.dll.mui,E:\Windows\WinSxS\amd64_microsoft-windows-t..almanager.resources_31bf3856ad364e35_10.0.18362.1_en-us_5694b129378246d8\termmgr.dll.mui,File160
SystemPropertiesComputerName.exe.mui,E:\Windows\WinSxS\amd64_microsoft-windows-s..mcomputer.resources_31bf3856ad364e35_10.0.18362.1_en-us_2d847b9faf9d9582\SystemPropertiesComputerName.exe.mui,File005
sdrsvc.dll.mui,E:\Windows\WinSxS\amd64_microsoft-windows-s..docs-main.resources_31bf3856ad364e35_10.0.18362.1_en-us_36262f2edc4cd699\sdrsvc.dll.mui,File005
microsoft-windows-storage-tiering-events.dll.mui,E:\Windows\WinSxS\amd64_microsoft-windows-s..container.resources_31bf3856ad364e35_10.0.18362.1_en-us_cb48a6f6fb67263b\microsoft-windows-storage-tiering-events.dll.mui,File027
scavengeui.dll.mui,E:\Windows\WinSxS\amd64_microsoft-windows-s..e-cleanup.resources_31bf3856ad364e35_10.0.18362.1_en-us_672257983d05bafa\scavengeui.dll.mui,File027
rdpshell.exe.mui,E:\Windows\WinSxS\amd64_microsoft-windows-t..clientsku.resources_31bf3856ad364e35_10.0.18362.1_en-us_5fcb722d9fb63c00\rdpshell.exe.mui,File005
PushToInstall.dll.mui,E:\Windows\WinSxS\amd64_microsoft-windows-s..l-service.resources_31bf3856ad364e35_10.0.18362.1_en-us_40cfe1fad47dfa83\PushToInstall.dll.mui,File160
setupugc.exe.mui,E:\Windows\WinSxS\amd64_microsoft-windows-s..component.resources_31bf3856ad364e35_10.0.18362.1_en-us_53d8c72c36df5254\setupugc.exe.mui,File160
sdshext.dll.mui,E:\Windows\WinSxS\amd64_microsoft-windows-s..docs-main.resources_31bf3856ad364e35_10.0.18362.1_en-us_36262f2edc4cd699\sdshext.dll.mui,File027
Windows.SharedPC.CredentialProvider.dll.mui,E:\Windows\WinSxS\amd64_microsoft-windows-s..lprovider.resources_31bf3856ad364e35_10.0.18362.1_en-us_c07c32e59b7d97b8\Windows.SharedPC.CredentialProvider.dll.mui,File024
ctfmon.exe,E:\Windows\WinSxS\amd64_microsoft-windows-t..cesframework-ctfmon_31bf3856ad364e35_10.0.18362.1_none_6f8dfccf0dc9f907\ctfmon.exe,File042
SettingsHandlers_QuickActions.dll.mui,E:\Windows\WinSxS\amd64_microsoft-windows-s..ckactions.resources_31bf3856ad364e35_10.0.18362.1_en-us_eccdb271428f1d0d\SettingsHandlers_QuickActions.dll.mui,File024
RMActivate_ssp_isv.exe.mui,E:\Windows\WinSxS\amd64_microsoft-windows-s..erbox-isv.resources_31bf3856ad364e35_10.0.18362.1_en-us_4d5030add8a5f1e2\RMActivate_ssp_isv.exe.mui,File024
SettingsHandlers_Maps.dll.mui,E:\Windows\WinSxS\amd64_microsoft-windows-s..lers-maps.resources_31bf3856ad364e35_10.0.18362.1_en-us_242c2cc7eac6b430\SettingsHandlers_Maps.dll.mui,File042
tpmvscmgrsvr.exe.mui,E:\Windows\WinSxS\amd64_microsoft-windows-s..m-manager.resources_31bf3856ad364e35_10.0.18362.1_en-us_0b50fdb306e0aced\tpmvscmgrsvr.exe.mui,File005
setspn.exe.mui,E:\Windows\WinSxS\amd64_microsoft-windows-s..ls-setspn.resources_31bf3856ad364e35_10.0.18362.1_en-us_241d737ecb42f59b\setspn.exe.mui,File101
SettingsHandlers_Notifications.dll.mui,E:\Windows\WinSxS\amd64_microsoft-windows-s..fications.resources_31bf3856ad364e35_10.0.18362.1_en-us_8dde4aff85fc7eaf\SettingsHandlers_Notifications.dll.mui,File160
SystemPropertiesHardware.exe.mui,E:\Windows\WinSxS\amd64_microsoft-windows-s..mhardware.resources_31bf3856ad364e35_10.0.18362.1_en-us_bd192aed731aaf93\SystemPropertiesHardware.exe.mui,File005
spmpm.dll,E:\Windows\WinSxS\amd64_microsoft-windows-s..p-mountpointmanager_31bf3856ad364e35_10.0.18362.1_none_c357f5c85fc8598f\spmpm.dll,File042
sdiagnhost.exe.mui,E:\Windows\WinSxS\amd64_microsoft-windows-s..ativehost.resources_31bf3856ad364e35_10.0.18362.1_en-us_0439e9c67fc053c7\sdiagnhost.exe.mui,File005
seclogon.dll.mui,E:\Windows\WinSxS\amd64_microsoft-windows-s..onservice.resources_31bf3856ad364e35_10.0.18362.1_en-us_8735004f1994165f\seclogon.dll.mui,File024
snmptrap.exe.mui,E:\Windows\WinSxS\amd64_microsoft-windows-s..p-service.resources_31bf3856ad364e35_10.0.18362.1_en-us_24e9db7122c5c2db\snmptrap.exe.mui,File005
SettingsHandlers_WorkAccess.dll.mui,E:\Windows\WinSxS\amd64_microsoft-windows-s..orkaccess.resources_31bf3856ad364e35_10.0.18362.1_en-us_da05f318a7674666\SettingsHandlers_WorkAccess.dll.mui,File160
SpaceAgent.exe.mui,E:\Windows\WinSxS\amd64_microsoft-windows-s..oundagent.resources_31bf3856ad364e35_10.0.18362.1_en-us_0288a11df9a52ee5\SpaceAgent.exe.mui,File024
SetupCleanupTask.dll.mui,E:\Windows\WinSxS\amd64_microsoft-windows-s..anup-task.resources_31bf3856ad364e35_10.0.18362.1_en-us_34c7134c590f7111\SetupCleanupTask.dll.mui,File024
sberes.dll.mui,E:\Windows\WinSxS\amd64_microsoft-windows-s..engineres.resources_31bf3856ad364e35_10.0.18362.1_en-us_5669edffc887db5f\sberes.dll.mui,File005
osbaseln.dll.mui,E:\Windows\WinSxS\amd64_microsoft-windows-s..ortingapi.resources_31bf3856ad364e35_10.0.18362.1_en-us_2b371c203c8baee0\osbaseln.dll.mui,File024
NgcRecovery.dll.mui,E:\Windows\WinSxS\amd64_microsoft-windows-s..-recovery.resources_31bf3856ad364e35_10.0.18362.1_en-us_57b927bec17d68ba\NgcRecovery.dll.mui,File005
bdesvc.dll.mui,E:\Windows\WinSxS\amd64_microsoft-windows-s..p-service.resources_31bf3856ad364e35_10.0.18362.1_en-us_c74653e479a17a6d\bdesvc.dll.mui,File160
AboutSettingsHandlers.dll.mui,E:\Windows\WinSxS\amd64_microsoft-windows-s..ers-about.resources_31bf3856ad364e35_10.0.18362.1_en-us_955b9ca357dc9bc0\AboutSettingsHandlers.dll.mui,File027
SettingsHandlers_UserAccount.dll.mui,E:\Windows\WinSxS\amd64_microsoft-windows-s..eraccount.resources_31bf3856ad364e35_10.0.18362.1_en-us_1b4fb5d1b4c2ac61\SettingsHandlers_UserAccount.dll.mui,File024
Microsoft.AAD.BrokerPlugin.winmd,E:\Windows\WinSxS\amd64_microsoft-windows-s..okerplugin.appxmain_31bf3856ad364e35_10.0.18362.329_none_b1b36eaa671048e8\Microsoft.AAD.BrokerPlugin.winmd,File005
SxsMigPlugin.dll.mui,E:\Windows\WinSxS\amd64_microsoft-windows-sxs.resources_31bf3856ad364e35_10.0.18362.1_en-us_c42e9df30306b275\SxsMigPlugin.dll.mui,File005
SystemSettingsRemoveDevice.exe.mui,E:\Windows\WinSxS\amd64_microsoft-windows-s..ovedevice.resources_31bf3856ad364e35_10.0.18362.1_en-us_93291fde75ee9750\SystemSettingsRemoveDevice.exe.mui,File024
ngctasks.dll.mui,E:\Windows\WinSxS\amd64_microsoft-windows-s..ngc-tasks.resources_31bf3856ad364e35_10.0.18362.1_en-us_41174df99735b8f3\ngctasks.dll.mui,File027
sberes.dll,E:\Windows\WinSxS\amd64_microsoft-windows-streambufferengineres_31bf3856ad364e35_10.0.18362.1_none_be0dbeef907d2e28\sberes.dll,File213
SettingsHandlers_Geolocation.dll.mui,E:\Windows\WinSxS\amd64_microsoft-windows-s..olocation.resources_31bf3856ad364e35_10.0.18362.1_en-us_96f7a4afd8d4ec17\SettingsHandlers_Geolocation.dll.mui,File027
uxlibres.dll,E:\Windows\WinSxS\amd64_microsoft-windows-s..on-wizard-framework_31bf3856ad364e35_10.0.18362.1_none_88b05531ceb1a85f\uxlibres.dll,File071
wscsvc.dll.mui,E:\Windows\WinSxS\amd64_microsoft-windows-s..nter-core.resources_31bf3856ad364e35_10.0.18362.1_en-us_4ad1e3bee0f667d6\wscsvc.dll.mui,File001
AAD.Core.winmd,E:\Windows\WinSxS\amd64_microsoft-windows-s..okerplugin.appxmain_31bf3856ad364e35_10.0.18362.329_none_b1b36eaa671048e8\AAD.Core.winmd,File024
sapisvr.exe.mui,E:\Windows\WinSxS\amd64_microsoft-windows-s..monnoia64.resources_31bf3856ad364e35_10.0.18362.1_en-us_276df01240f12a77\sapisvr.exe.mui,File005
wshrm.dll.mui,E:\Windows\WinSxS\amd64_microsoft-windows-rmcast.resources_31bf3856ad364e35_10.0.18362.1_en-us_b9f693344ec23d71\wshrm.dll.mui,File024
runonce.exe.mui,E:\Windows\WinSxS\amd64_microsoft-windows-runonce.resources_31bf3856ad364e35_10.0.18362.1_en-us_e7e13c1395ba28bb\runonce.exe.mui,File024
rundll32.exe.mui,E:\Windows\WinSxS\amd64_microsoft-windows-rundll32.resources_31bf3856ad364e35_10.0.18362.1_en-us_1f28f2bc169d2af1\rundll32.exe.mui,File024
Locator.exe,E:\Windows\WinSxS\amd64_microsoft-windows-rpc-locator_31bf3856ad364e35_10.0.18362.1_none_a192032869d06420\Locator.exe,File042
RpcNs4.dll.mui,E:\Windows\WinSxS\amd64_microsoft-windows-rpc-ns.resources_31bf3856ad364e35_10.0.18362.1_en-us_464c4ce5163ec08c\RpcNs4.dll.mui,File160
Locator.exe.mui,E:\Windows\WinSxS\amd64_microsoft-windows-rpc-locator.resources_31bf3856ad364e35_10.0.18362.1_en-us_f106ed4f902bc779\Locator.exe.mui,File024
rmapi.dll.mui,E:\Windows\WinSxS\amd64_microsoft-windows-rmapi.resources_31bf3856ad364e35_10.0.18362.1_en-us_29a049d98a89cba2\rmapi.dll.mui,File024
mprdim.dll.mui,E:\Windows\WinSxS\amd64_microsoft-windows-rasserver.resources_31bf3856ad364e35_10.0.18362.1_en-us_4d9e84413973cab0\mprdim.dll.mui,File024
rasmm.dll.mui,E:\Windows\WinSxS\amd64_microsoft-windows-rasmm.resources_31bf3856ad364e35_10.0.18362.1_en-us_6cd915853b4f5253\rasmm.dll.mui,File027
iprtrmgr.dll.mui,E:\Windows\WinSxS\amd64_microsoft-windows-rasserver.resources_31bf3856ad364e35_10.0.18362.1_en-us_4d9e84413973cab0\iprtrmgr.dll.mui,File024
rasautou.exe.mui,E:\Windows\WinSxS\amd64_microsoft-windows-rasauto-mui.resources_31bf3856ad364e35_10.0.18362.1_en-us_998f0cb1c377e6da\rasautou.exe.mui,File005
rasctrs.dll.mui,E:\Windows\WinSxS\amd64_microsoft-windows-rasctrs.resources_31bf3856ad364e35_10.0.18362.1_en-us_928bec355b486457\rasctrs.dll.mui,File160
rasphone.exe.mui,E:\Windows\WinSxS\amd64_microsoft-windows-r..ienttools.resources_31bf3856ad364e35_10.0.18362.1_en-us_d42f22153f4af8a3\rasphone.exe.mui,File027
regidle.dll.mui,E:\Windows\WinSxS\amd64_microsoft-windows-r..dle-agent.resources_31bf3856ad364e35_10.0.18362.1_en-us_cffb3553921b6c2a\regidle.dll.mui,File024
qwavedrv.sys.mui,E:\Windows\WinSxS\amd64_microsoft-windows-qwave.resources_31bf3856ad364e35_10.0.18362.1_en-us_4913a5047e6f6a53\qwavedrv.sys.mui,File024
SetProxyCredential.dll.mui,E:\Windows\WinSxS\amd64_microsoft-windows-s..redential.resources_31bf3856ad364e35_10.0.18362.1_en-us_1faa5615b36f2604\SetProxyCredential.dll.mui,File024
quickassist.exe.mui,E:\Windows\WinSxS\amd64_microsoft-windows-quickassist.resources_31bf3856ad364e35_10.0.18362.1_it-it_6155b51110d31e9e\quickassist.exe.mui,File027
rasauto.dll.mui,E:\Windows\WinSxS\amd64_microsoft-windows-rasauto-mui.resources_31bf3856ad364e35_10.0.18362.1_en-us_998f0cb1c377e6da\rasauto.dll.mui,File024
raserver.exe.mui,E:\Windows\WinSxS\amd64_microsoft-windows-r..comserver.resources_31bf3856ad364e35_10.0.18362.1_en-us_ac50f70d9d822e22\raserver.exe.mui,File024
ReAgentTask.dll.mui,E:\Windows\WinSxS\amd64_microsoft-windows-r..k-handler.resources_31bf3856ad364e35_10.0.18362.1_en-us_2fc9b527a4bb8dea\ReAgentTask.dll.mui,File024
TsUsbRedirectionGroupPolicyExtension.dll.mui,E:\Windows\WinSxS\amd64_microsoft-windows-r..component.resources_31bf3856ad364e35_10.0.18362.1_en-us_be8d3f3ffc78a426\TsUsbRedirectionGroupPolicyExtension.dll.mui,File024
RunLegacyCPLElevated.exe.mui,E:\Windows\WinSxS\amd64_microsoft-windows-r..lelevated.resources_31bf3856ad364e35_10.0.18362.1_en-us_a0a7356c26624814\RunLegacyCPLElevated.exe.mui,File024
clb.dll.mui,E:\Windows\WinSxS\amd64_microsoft-windows-r..ry-editor.resources_31bf3856ad364e35_10.0.18362.1_en-us_cd2eacf77ff7af88\clb.dll.mui,File027
Windows.System.Profile.HardwareId.dll.mui,E:\Windows\WinSxS\amd64_microsoft-windows-r..ardwareid.resources_31bf3856ad364e35_10.0.18362.1_en-us_666d6f1621bb3441\Windows.System.Profile.HardwareId.dll.mui,File024
rasmans.dll.mui,E:\Windows\WinSxS\amd64_microsoft-windows-r..rvice-mui.resources_31bf3856ad364e35_10.0.18362.1_en-us_f113a3d42ee2000a\rasmans.dll.mui,File024
Windows.Media.Renewal.dll.mui,E:\Windows\WinSxS\amd64_microsoft-windows-r..a-renewal.resources_31bf3856ad364e35_10.0.18362.1_en-us_ae31ff5c4fc3e9bf\Windows.Media.Renewal.dll.mui,File027
cmlua.dll.mui,E:\Windows\WinSxS\amd64_microsoft-windows-r..onmanager.resources_31bf3856ad364e35_10.0.18362.1_en-us_007a546a805e9dac\cmlua.dll.mui,File005
SecHealthUITelemetry.winmd,E:\Windows\WinSxS\amd64_microsoft-windows-sechealthui.appxmain_31bf3856ad364e35_10.0.18362.329_none_08e23f016f8402ce\SecHealthUITelemetry.winmd,File027
RmClient.exe.mui,E:\Windows\WinSxS\amd64_microsoft-windows-r..rtmanager.resources_31bf3856ad364e35_10.0.18362.1_en-us_fe9f312955bc7391\RmClient.exe.mui,File005
scrnsave.scr.mui,E:\Windows\WinSxS\amd64_microsoft-windows-scrnsave.resources_31bf3856ad364e35_10.0.18362.1_en-us_1b75247b64b57888\scrnsave.scr.mui,File024
quickassist.exe.mui,E:\Windows\WinSxS\amd64_microsoft-windows-quickassist.resources_31bf3856ad364e35_10.0.18362.1_hu-hu_be9e3f121e01083c\quickassist.exe.mui,File027
quickassist.exe.mui,E:\Windows\WinSxS\amd64_microsoft-windows-quickassist.resources_31bf3856ad364e35_10.0.18362.1_fi-fi_73914d783be914e8\quickassist.exe.mui,File027
Windows.System.Profile.SystemManufacturers.dll.mui,E:\Windows\WinSxS\amd64_microsoft-windows-r..facturers.resources_31bf3856ad364e35_10.0.18362.1_en-us_a78f7818cb69ee09\Windows.System.Profile.SystemManufacturers.dll.mui,File024
RDXTaskFactory.dll.mui,E:\Windows\WinSxS\amd64_microsoft-windows-r..skfactory.resources_31bf3856ad364e35_10.0.18362.1_en-us_60c21b59a6b56707\RDXTaskFactory.dll.mui,File005
quickassist.exe.mui,E:\Windows\WinSxS\amd64_microsoft-windows-quickassist.resources_31bf3856ad364e35_10.0.18362.1_es-mx_d6ad367145630669\quickassist.exe.mui,File027
UpgradeResultsUI.exe.mui,E:\Windows\WinSxS\amd64_microsoft-windows-s..pp-ux-dlg.resources_31bf3856ad364e35_10.0.18362.1_en-us_f96a21b7de84b619\UpgradeResultsUI.exe.mui,File027
quickassist.exe.mui,E:\Windows\WinSxS\amd64_microsoft-windows-quickassist.resources_31bf3856ad364e35_10.0.18362.1_he-il_bb4d666c20103a0e\quickassist.exe.mui,File027
cmstplua.dll.mui,E:\Windows\WinSxS\amd64_microsoft-windows-r..onmanager.resources_31bf3856ad364e35_10.0.18362.1_en-us_007a546a805e9dac\cmstplua.dll.mui,File005
RacWmiProv.dll.mui,E:\Windows\WinSxS\amd64_microsoft-windows-r..-provider.resources_31bf3856ad364e35_10.0.18362.1_en-us_5bd630da5838ff7a\RacWmiProv.dll.mui,File005
cmdl32.exe.mui,E:\Windows\WinSxS\amd64_microsoft-windows-r..onmanager.resources_31bf3856ad364e35_10.0.18362.1_en-us_007a546a805e9dac\cmdl32.exe.mui,File024
LicenseManagerSvc.dll.mui,E:\Windows\WinSxS\amd64_microsoft-windows-s..r-service.resources_31bf3856ad364e35_10.0.18362.1_en-us_90076d4e8583aca1\LicenseManagerSvc.dll.mui,File024
cscript.exe.mui,E:\Windows\WinSxS\amd64_microsoft-windows-scripting.resources_31bf3856ad364e35_10.0.18362.1_en-us_5d8a110ad4ac157c\cscript.exe.mui,File071
racengn.dll.mui,E:\Windows\WinSxS\amd64_microsoft-windows-r..sisengine.resources_31bf3856ad364e35_10.0.18362.1_en-us_27f794f8f312dde1\racengn.dll.mui,File160
rasmbmgr.dll.mui,E:\Windows\WinSxS\amd64_microsoft-windows-r..tymanager.resources_31bf3856ad364e35_10.0.18362.1_en-us_7b12989dcee4d987\rasmbmgr.dll.mui,File024
quickassist.exe.mui,E:\Windows\WinSxS\amd64_microsoft-windows-quickassist.resources_31bf3856ad364e35_10.0.18362.1_fr-fr_772dbeca39a13920\quickassist.exe.mui,File027
quickassist.exe.mui,E:\Windows\WinSxS\amd64_microsoft-windows-quickassist.resources_31bf3856ad364e35_10.0.18362.1_ja-jp_037b341e03ee3079\quickassist.exe.mui,File024
SystemPropertiesDataExecutionPrevention.exe.mui,E:\Windows\WinSxS\amd64_microsoft-windows-s..revention.resources_31bf3856ad364e35_10.0.18362.1_en-us_b1c928767438e035\SystemPropertiesDataExecutionPrevention.exe.mui,File024
sdchange.exe.mui,E:\Windows\WinSxS\amd64_microsoft-windows-r..tance-exe.resources_31bf3856ad364e35_10.0.18362.1_en-us_5e9c68982e19923a\sdchange.exe.mui,File005
SettingsHandlers_StorageSense.dll.mui,E:\Windows\WinSxS\amd64_microsoft-windows-s..ragesense.resources_31bf3856ad364e35_10.0.18362.1_en-us_ce81bcbaa2f0e7d4\SettingsHandlers_StorageSense.dll.mui,File024
quickassist.exe.mui,E:\Windows\WinSxS\amd64_microsoft-windows-quickassist.resources_31bf3856ad364e35_10.0.18362.1_fr-ca_6fa409143e799f46\quickassist.exe.mui,File027
cmcfg32.dll.mui,E:\Windows\WinSxS\amd64_microsoft-windows-r..onmanager.resources_31bf3856ad364e35_10.0.18362.1_en-us_007a546a805e9dac\cmcfg32.dll.mui,File027
RDXService.dll.mui,E:\Windows\WinSxS\amd64_microsoft-windows-r..o-service.resources_31bf3856ad364e35_10.0.18362.1_en-us_5305dbf80df52681\RDXService.dll.mui,File027
fveui.dll.mui,E:\Windows\WinSxS\amd64_microsoft-windows-s..p-ui-libs.resources_31bf3856ad364e35_10.0.18362.1_en-us_a2435fbde709da15\fveui.dll.mui,File024
quickassist.exe.mui,E:\Windows\WinSxS\amd64_microsoft-windows-quickassist.resources_31bf3856ad364e35_10.0.18362.1_et-ee_ce36145b4ad4ff4d\quickassist.exe.mui,File027
agilevpn.sys.mui,E:\Windows\WinSxS\amd64_microsoft-windows-r..-agilevpn.resources_31bf3856ad364e35_10.0.18362.1_en-us_f1a88ccf5e9b3daf\agilevpn.sys.mui,File160
RemoveDeviceElevated.dll.mui,E:\Windows\WinSxS\amd64_microsoft-windows-r..eelevated.resources_31bf3856ad364e35_10.0.18362.1_en-us_641f5178542874a5\RemoveDeviceElevated.dll.mui,File005
NetworkDesktopSettings.dll.mui,E:\Windows\WinSxS\amd64_microsoft-windows-s..phandlers.resources_31bf3856ad364e35_10.0.18362.1_en-us_c692445b13cb2c2f\NetworkDesktopSettings.dll.mui,File024
quickassist.exe.mui,E:\Windows\WinSxS\amd64_microsoft-windows-quickassist.resources_31bf3856ad364e35_10.0.18362.1_hr-hr_bd6a194c1ec3a6d4\quickassist.exe.mui,File027
tsappcmp.dll.mui,E:\Windows\WinSxS\amd64_microsoft-windows-t..appcompat.resources_31bf3856ad364e35_10.0.18362.1_en-us_b1a790799d57f475\tsappcmp.dll.mui,File027
RemovableMediaProvisioningPlugin.dll,E:\Windows\WinSxS\amd64_microsoft-windows-provisioning-core_31bf3856ad364e35_10.0.18362.329_none_0dc0a73fc10b4654\RemovableMediaProvisioningPlugin.dll,File213
TimeDateMUICallback.dll,E:\Windows\WinSxS\amd64_microsoft-windows-timedate-mui-callback_31bf3856ad364e35_10.0.18362.1_none_c6cbd344b24ee397\TimeDateMUICallback.dll,File071
TetheringMgr.dll.mui,E:\Windows\WinSxS\amd64_microsoft-windows-tetheringmgr.resources_31bf3856ad364e35_10.0.18362.1_en-us_0cc7bf4770c0d113\TetheringMgr.dll.mui,File024
TimeBrokerServer.dll.mui,E:\Windows\WinSxS\amd64_microsoft-windows-timebroker.resources_31bf3856ad364e35_10.0.18362.1_en-us_ecd5d111fed93bb9\TimeBrokerServer.dll.mui,File160
Windows.Storage.Search.dll.mui,E:\Windows\WinSxS\amd64_microsoft-windows-s..h-library.resources_31bf3856ad364e35_10.0.18362.1_en-us_6d8ded8f136f5de7\Windows.Storage.Search.dll.mui,File027
SnippingTool.exe.mui,E:\Windows\WinSxS\amd64_microsoft-windows-s..gtool-app.resources_31bf3856ad364e35_10.0.18362.1_en-us_7c0414abfd6ea4d7\SnippingTool.exe.mui,File042
TCPSVCS.EXE,E:\Windows\WinSxS\amd64_microsoft-windows-tcpip-utility_31bf3856ad364e35_10.0.18362.1_none_052463a5cc169193\TCPSVCS.EXE,File101
netiougc.exe.mui,E:\Windows\WinSxS\amd64_microsoft-windows-tcpip.resources_31bf3856ad364e35_10.0.18362.1_en-us_9e9fe9544a5c6d7d\netiougc.exe.mui,File005
PhoneutilRes.dll,E:\Windows\WinSxS\amd64_microsoft-windows-telephony-phoneutil_31bf3856ad364e35_10.0.18362.1_none_b383ae765f95203d\PhoneutilRes.dll,File005
themeservice.dll.mui,E:\Windows\WinSxS\amd64_microsoft-windows-themeservice.resources_31bf3856ad364e35_10.0.18362.1_en-us_33c5bde86fe87c7f\themeservice.dll.mui,File005
themeui.dll.mui,E:\Windows\WinSxS\amd64_microsoft-windows-themeui.resources_31bf3856ad364e35_10.0.18362.1_en-us_705194e6eae775ba\themeui.dll.mui,File001
InputPersonalization.exe.mui,E:\Windows\WinSxS\amd64_microsoft-windows-t..alization.resources_31bf3856ad364e35_10.0.18362.1_en-us_bedce48ea26576e3\InputPersonalization.exe.mui,File024
ngcsvc.dll.mui,E:\Windows\WinSxS\amd64_microsoft-windows-s..gc-kspsvc.resources_31bf3856ad364e35_10.0.18362.1_en-us_6bca9366690f779b\ngcsvc.dll.mui,File160
sscore.dll.mui,E:\Windows\WinSxS\amd64_microsoft-windows-smbserver.resources_31bf3856ad364e35_10.0.18362.1_en-us_5364c93011059764\sscore.dll.mui,File024
SettingsHandlers_ForceSync.dll.mui,E:\Windows\WinSxS\amd64_microsoft-windows-s..forcesync.resources_31bf3856ad364e35_10.0.18362.1_en-us_52346c9ebe76cf6b\SettingsHandlers_ForceSync.dll.mui,File024
telephon.cpl.mui,E:\Windows\WinSxS\amd64_microsoft-windows-tapicore.resources_31bf3856ad364e35_10.0.18362.1_en-us_cc45932dd940befa\telephon.cpl.mui,File005
StorSvc.dll.mui,E:\Windows\WinSxS\amd64_microsoft-windows-s..geservice.resources_31bf3856ad364e35_10.0.18362.1_en-us_424354ee4d57e227\StorSvc.dll.mui,File027
tapiui.dll,E:\Windows\WinSxS\amd64_microsoft-windows-tapicore_31bf3856ad364e35_10.0.18362.1_none_b6974885c3cf0937\tapiui.dll,File005
wavemsp.dll.mui,E:\Windows\WinSxS\amd64_microsoft-windows-tapi3.resources_31bf3856ad364e35_10.0.18362.1_en-us_903a48671cabfbbe\wavemsp.dll.mui,File005
wsnmp32.dll,E:\Windows\WinSxS\amd64_microsoft-windows-snmp-winsnmp-api_31bf3856ad364e35_10.0.18362.1_none_b2aaed0d3fdae14e\wsnmp32.dll,File213
g711codc.ax.mui,E:\Windows\WinSxS\amd64_microsoft-windows-tapi3.resources_31bf3856ad364e35_10.0.18362.1_en-us_903a48671cabfbbe\g711codc.ax.mui,File024
tapi3.dll.mui,E:\Windows\WinSxS\amd64_microsoft-windows-tapi3.resources_31bf3856ad364e35_10.0.18362.1_en-us_903a48671cabfbbe\tapi3.dll.mui,File071
WinSCard.dll.mui,E:\Windows\WinSxS\amd64_microsoft-windows-s..temclient.resources_31bf3856ad364e35_10.0.18362.1_en-us_a49bee1180d11954\WinSCard.dll.mui,File027
cxcredprov.dll.mui,E:\Windows\WinSxS\amd64_microsoft-windows-s..-credprov.resources_31bf3856ad364e35_10.0.18362.1_en-us_f37ec94f6246265d\cxcredprov.dll.mui,File005
TrustedSignalCredProv.dll.mui,E:\Windows\WinSxS\amd64_microsoft-windows-s..-credprov.resources_31bf3856ad364e35_10.0.18362.1_en-us_dd7825b2c1cf8c0f\TrustedSignalCredProv.dll.mui,File027
ScDeviceEnum.dll.mui,E:\Windows\WinSxS\amd64_microsoft-windows-s..subsystem.resources_31bf3856ad364e35_10.0.18362.1_en-us_c62342369ba3fc5f\ScDeviceEnum.dll.mui,File160
VaultRoaming.dll.mui,E:\Windows\WinSxS\amd64_microsoft-windows-s..t-roaming.resources_31bf3856ad364e35_10.0.18362.1_en-us_11b946b840588626\VaultRoaming.dll.mui,File027
sensordataservice.exe.mui,E:\Windows\WinSxS\amd64_microsoft-windows-s..taservice.resources_31bf3856ad364e35_10.0.18362.1_en-us_c8abcf96e806a0c2\sensordataservice.exe.mui,File024
SCardSvr.dll.mui,E:\Windows\WinSxS\amd64_microsoft-windows-s..subsystem.resources_31bf3856ad364e35_10.0.18362.1_en-us_c62342369ba3fc5f\SCardSvr.dll.mui,File071
rasdiag.dll.mui,E:\Windows\WinSxS\amd64_microsoft-windows-rasbase.resources_31bf3856ad364e35_10.0.18362.1_en-us_3075014132d9cb8a\rasdiag.dll.mui,File160
kmddsp.tsp.mui,E:\Windows\WinSxS\amd64_microsoft-windows-rasbase.resources_31bf3856ad364e35_10.0.18362.1_en-us_3075014132d9cb8a\kmddsp.tsp.mui,File005
RMActivate_isv.exe.mui,E:\Windows\WinSxS\amd64_microsoft-windows-s..tebox-isv.resources_31bf3856ad364e35_10.0.18362.1_en-us_94ac1e38f1f087de\RMActivate_isv.exe.mui,File005
certprop.dll.mui,E:\Windows\WinSxS\amd64_microsoft-windows-s..subsystem.resources_31bf3856ad364e35_10.0.18362.1_en-us_c62342369ba3fc5f\certprop.dll.mui,File160
regsvc.dll.mui,E:\Windows\WinSxS\amd64_microsoft-windows-r..y-service.resources_31bf3856ad364e35_10.0.18362.1_en-us_b91db785f5eee8e6\regsvc.dll.mui,File024
scfilter.sys.mui,E:\Windows\WinSxS\amd64_microsoft-windows-s..subsystem.resources_31bf3856ad364e35_10.0.18362.1_en-us_c62342369ba3fc5f\scfilter.sys.mui,File024
SystemResetPlatform.exe,E:\Windows\WinSxS\amd64_microsoft-windows-r..verycenter-platform_31bf3856ad364e35_10.0.18362.1_none_159c5cd10ee227cc\SystemResetPlatform.exe,File101
StartTileData.dll.mui,E:\Windows\WinSxS\amd64_microsoft-windows-s..ttiledata.resources_31bf3856ad364e35_10.0.18362.1_en-us_cf4c6c0db31c2525\StartTileData.dll.mui,File027
rpchttp.dll.mui,E:\Windows\WinSxS\amd64_microsoft-windows-rpc-http.resources_31bf3856ad364e35_10.0.18362.1_en-us_257afca59d2d11c9\rpchttp.dll.mui,File027
regedt32.exe,E:\Windows\WinSxS\amd64_microsoft-windows-registry-editor_31bf3856ad364e35_10.0.18362.1_none_c68c256059111577\regedt32.exe,File071
recover.exe.mui,E:\Windows\WinSxS\amd64_microsoft-windows-recover.resources_31bf3856ad364e35_10.0.18362.1_en-us_35a07e50273abba9\recover.exe.mui,File005
AuthBrokerUI.dll.mui,E:\Windows\WinSxS\amd64_microsoft-windows-s..webauthui.resources_31bf3856ad364e35_10.0.18362.1_en-us_5671c7e74c1e7a6c\AuthBrokerUI.dll.mui,File027
witnesswmiv2provider.dll.mui,E:\Windows\WinSxS\amd64_microsoft-windows-s..vice-apis.resources_31bf3856ad364e35_10.0.18362.1_en-us_0ac9c0524beb9587\witnesswmiv2provider.dll.mui,File027
OneBackupHandler.dll.mui,E:\Windows\WinSxS\amd64_microsoft-windows-s..uphandler.resources_31bf3856ad364e35_10.0.18362.1_en-us_a165b3748557664f\OneBackupHandler.dll.mui,File160
iprtprio.dll,E:\Windows\WinSxS\amd64_microsoft-windows-rasserver_31bf3856ad364e35_10.0.18362.1_none_7e06a952e5054fef\iprtprio.dll,File071
fveprompt.exe.mui,E:\Windows\WinSxS\amd64_microsoft-windows-s..up-prompt.resources_31bf3856ad364e35_10.0.18362.1_en-us_2e57e55773135bc0\fveprompt.exe.mui,File160
rasplap.dll.mui,E:\Windows\WinSxS\amd64_microsoft-windows-rasplap-mui.resources_31bf3856ad364e35_10.0.18362.1_en-us_62be513d605de27e\rasplap.dll.mui,File160
rtutils.dll.mui,E:\Windows\WinSxS\amd64_microsoft-windows-rasrtutils.resources_31bf3856ad364e35_10.0.18362.1_en-us_af931da3900e32c0\rtutils.dll.mui,File024
srumsvc.dll.mui,E:\Windows\WinSxS\amd64_microsoft-windows-srumon.resources_31bf3856ad364e35_10.0.18362.1_en-us_83d037a2aad61099\srumsvc.dll.mui,File160
BitLockerWizard.exe.mui,E:\Windows\WinSxS\amd64_microsoft-windows-s..artup-cpl.resources_31bf3856ad364e35_10.0.18362.1_en-us_a40fd8f1ab877b95\BitLockerWizard.exe.mui,File024
ApplicationFrame.dll.mui,E:\Windows\WinSxS\amd64_microsoft-windows-s..ame-frame.resources_31bf3856ad364e35_10.0.18362.1_en-us_fcdff821e69fca2d\ApplicationFrame.dll.mui,File027
BitLockerWizardElev.exe.mui,E:\Windows\WinSxS\amd64_microsoft-windows-s..artup-cpl.resources_31bf3856ad364e35_10.0.18362.1_en-us_a40fd8f1ab877b95\BitLockerWizardElev.exe.mui,File024
SystemSettingsAdminFlows.exe.mui,E:\Windows\WinSxS\amd64_microsoft-windows-s..dminflows.resources_31bf3856ad364e35_10.0.18362.1_en-us_d46537a92c05c5b3\SystemSettingsAdminFlows.exe.mui,File024
quickassist.exe.mui,E:\Windows\WinSxS\amd64_microsoft-windows-quickassist.resources_31bf3856ad364e35_10.0.18362.1_el-gr_d450438146df8de2\quickassist.exe.mui,File027
quickassist.exe.mui,E:\Windows\WinSxS\amd64_microsoft-windows-quickassist.resources_31bf3856ad364e35_10.0.18362.1_en-us_d4aaebe746a83119\quickassist.exe.mui,File027
quickassist.exe.mui,E:\Windows\WinSxS\amd64_microsoft-windows-quickassist.resources_31bf3856ad364e35_10.0.18362.1_pt-pt_d728f1d7b2cb9e94\quickassist.exe.mui,File027
quickassist.exe.mui,E:\Windows\WinSxS\amd64_microsoft-windows-quickassist.resources_31bf3856ad364e35_10.0.18362.1_sv-se_b9c6ee108ed6371b\quickassist.exe.mui,File027
quickassist.exe.mui,E:\Windows\WinSxS\amd64_microsoft-windows-quickassist.resources_31bf3856ad364e35_10.0.18362.1_de-de_2bba15ee57ca2554\quickassist.exe.mui,File160
quickassist.exe.mui,E:\Windows\WinSxS\amd64_microsoft-windows-quickassist.resources_31bf3856ad364e35_10.0.18362.1_pt-br_d647226bb35c2eb8\quickassist.exe.mui,File027
profext.dll.mui,E:\Windows\WinSxS\amd64_microsoft-windows-userenvext.resources_31bf3856ad364e35_10.0.18362.1_en-us_b2d26f7dfc2011e0\profext.dll.mui,File027
quickassist.exe.mui,E:\Windows\WinSxS\amd64_microsoft-windows-quickassist.resources_31bf3856ad364e35_10.0.18362.1_da-dk_2e8e80b255f3d0ba\quickassist.exe.mui,File027
quickassist.exe.mui,E:\Windows\WinSxS\amd64_microsoft-windows-quickassist.resources_31bf3856ad364e35_10.0.18362.1_cs-cz_9154a08b5fadd4bb\quickassist.exe.mui,File027
quickassist.exe.mui,E:\Windows\WinSxS\amd64_microsoft-windows-quickassist.resources_31bf3856ad364e35_10.0.18362.1_ru-ru_1dcc039b97ad2cc0\quickassist.exe.mui,File027
ssdpsrv.dll.mui,E:\Windows\WinSxS\amd64_microsoft-windows-upnpssdp.resources_31bf3856ad364e35_10.0.18362.1_en-us_7234be6a9c62d868\ssdpsrv.dll.mui,File027
quickassist.exe.mui,E:\Windows\WinSxS\amd64_microsoft-windows-quickassist.resources_31bf3856ad364e35_10.0.18362.1_bg-bg_e64b29f07225f890\quickassist.exe.mui,File027
quickassist.exe.mui,E:\Windows\WinSxS\amd64_microsoft-windows-quickassist.resources_31bf3856ad364e35_10.0.18362.1_nb-no_8f779207ce84234b\quickassist.exe.mui,File027
quickassist.exe.mui,E:\Windows\WinSxS\amd64_microsoft-windows-quickassist.resources_31bf3856ad364e35_10.0.18362.1_ar-sa_400b486781a5a739\quickassist.exe.mui,File027
quickassist.exe.mui,E:\Windows\WinSxS\amd64_microsoft-windows-quickassist.resources_31bf3856ad364e35_10.0.18362.1_lv-lv_4b7dab57e805041c\quickassist.exe.mui,File027
spaceman.exe.mui,E:\Windows\WinSxS\amd64_microsoft-windows-s..cemanager.resources_31bf3856ad364e35_10.0.18362.1_en-us_80e34fc0b0874fcf\spaceman.exe.mui,File005
usbceip.dll.mui,E:\Windows\WinSxS\amd64_microsoft-windows-usbceip.resources_31bf3856ad364e35_10.0.18362.1_en-us_6e446eb6978e2d2a\usbceip.dll.mui,File027
quickassist.exe.mui,E:\Windows\WinSxS\amd64_microsoft-windows-quickassist.resources_31bf3856ad364e35_10.0.18362.1_sk-sk_bce708488cc71eea\quickassist.exe.mui,File027
quickassist.exe.mui,E:\Windows\WinSxS\amd64_microsoft-windows-quickassist.resources_31bf3856ad364e35_10.0.18362.1_es-es_d47648cb46cf22be\quickassist.exe.mui,File027
quickassist.exe.mui,E:\Windows\WinSxS\amd64_microsoft-windows-quickassist.resources_31bf3856ad364e35_10.0.18362.1_pl-pl_d3f337c7b4d29ad4\quickassist.exe.mui,File027
Windows.ApplicationModel.Store.TestingFramework.dll.mui,E:\Windows\WinSxS\amd64_microsoft-windows-s..e-runtime.resources_31bf3856ad364e35_10.0.18362.1_en-us_1d0057673e629603\Windows.ApplicationModel.Store.TestingFramework.dll.mui,File024
quickassist.exe.mui,E:\Windows\WinSxS\amd64_microsoft-windows-quickassist.resources_31bf3856ad364e35_10.0.18362.1_sr-..-rs_622992450272d8fe\quickassist.exe.mui,File027
quickassist.exe.mui,E:\Windows\WinSxS\amd64_microsoft-windows-quickassist.resources_31bf3856ad364e35_10.0.18362.1_zh-tw_382d93ab2b3ae79b\quickassist.exe.mui,File024
qedwipes.dll,E:\Windows\WinSxS\amd64_microsoft-windows-qedwipes_31bf3856ad364e35_10.0.18362.1_none_29dcc8ab2783721c\qedwipes.dll,File005
quickassist.exe.mui,E:\Windows\WinSxS\amd64_microsoft-windows-quickassist.resources_31bf3856ad364e35_10.0.18362.1_tr-tr_62d438577d92390c\quickassist.exe.mui,File027
quickassist.exe.mui,E:\Windows\WinSxS\amd64_microsoft-windows-quickassist.resources_31bf3856ad364e35_10.0.18362.1_zh-cn_343156552dca0b2b\quickassist.exe.mui,File024
quickassist.exe.mui,E:\Windows\WinSxS\amd64_microsoft-windows-quickassist.resources_31bf3856ad364e35_10.0.18362.1_nl-nl_8db6dd45cfb02d20\quickassist.exe.mui,File027
quickassist.exe.mui,E:\Windows\WinSxS\amd64_microsoft-windows-quickassist.resources_31bf3856ad364e35_10.0.18362.1_ro-ro_1b63b80f993269f0\quickassist.exe.mui,File027
quickassist.exe.mui,E:\Windows\WinSxS\amd64_microsoft-windows-quickassist.resources_31bf3856ad364e35_10.0.18362.1_th-th_5ed10fc3801af45c\quickassist.exe.mui,File027
quickassist.exe.mui,E:\Windows\WinSxS\amd64_microsoft-windows-quickassist.resources_31bf3856ad364e35_10.0.18362.1_lt-lt_4ab03cd3e886c32c\quickassist.exe.mui,File027
userinit.exe.mui,E:\Windows\WinSxS\amd64_microsoft-windows-userinit.resources_31bf3856ad364e35_10.0.18362.1_en-us_624e16274f8b01a6\userinit.exe.mui,File027
userinitext.dll.mui,E:\Windows\WinSxS\amd64_microsoft-windows-userinitext.resources_31bf3856ad364e35_10.0.18362.1_en-us_b1611ce982385839\userinitext.dll.mui,File027
quickassist.exe.mui,E:\Windows\WinSxS\amd64_microsoft-windows-quickassist.resources_31bf3856ad364e35_10.0.18362.1_sl-si_bbf92a008d6131cd\quickassist.exe.mui,File027
nsisvc.dll.mui,E:\Windows\WinSxS\amd64_microsoft-windows-usermodensi.resources_31bf3856ad364e35_10.0.18362.1_en-us_0eae86245d0ba15d\nsisvc.dll.mui,File024
dabapi.dll.mui,E:\Windows\WinSxS\amd64_microsoft-windows-s..brokerapi.resources_31bf3856ad364e35_10.0.18362.1_en-us_26a120617b31c008\dabapi.dll.mui,File005
poqexec.exe.mui,E:\Windows\WinSxS\amd64_microsoft-windows-s..cingstack.resources_31bf3856ad364e35_10.0.18362.1_en-us_5f172abd11fb9539\poqexec.exe.mui,File024
vdsvd.dll.mui,E:\Windows\WinSxS\amd64_microsoft-windows-v..kprovider.resources_31bf3856ad364e35_10.0.18362.1_en-us_0395d41a9fd1aac0\vdsvd.dll.mui,File005
swprv.dll.mui,E:\Windows\WinSxS\amd64_microsoft-windows-v..mprovider.resources_31bf3856ad364e35_10.0.18362.1_en-us_31c9ed05106c5e59\swprv.dll.mui,File024
RMActivate.exe.mui,E:\Windows\WinSxS\amd64_microsoft-windows-s..-whitebox.resources_31bf3856ad364e35_10.0.18362.1_en-us_0c93514e18032f8b\RMActivate.exe.mui,File005
DiagPackage.dll,E:\Windows\WinSxS\amd64_microsoft-windows-videodiagnostic_31bf3856ad364e35_10.0.18362.1_none_4f3f980fbc165624\DiagPackage.dll,File101
quickassist.exe.mui,E:\Windows\WinSxS\amd64_microsoft-windows-quickassist.resources_31bf3856ad364e35_10.0.18362.1_ko-kr_a6e510d2f65ef78f\quickassist.exe.mui,File024
vbscript.dll.mui,E:\Windows\WinSxS\amd64_microsoft-windows-s..-vbscript.resources_31bf3856ad364e35_11.0.18362.1_en-us_162ad5605828abc1\vbscript.dll.mui,File042
easconsent.dll.mui,E:\Windows\WinSxS\amd64_microsoft-windows-s..asconsent.resources_31bf3856ad364e35_10.0.18362.1_en-us_77d03020db1e6f67\easconsent.dll.mui,File024
avifil32.dll.mui,E:\Windows\WinSxS\amd64_microsoft-windows-v..r-windows.resources_31bf3856ad364e35_10.0.18362.1_en-us_ebbd5f9971f9bd4c\avifil32.dll.mui,File160
audit.exe.mui,E:\Windows\WinSxS\amd64_microsoft-windows-s..component.resources_31bf3856ad364e35_10.0.18362.1_en-us_53d8c72c36df5254\audit.exe.mui,File160
msvidc32.dll.mui,E:\Windows\WinSxS\amd64_microsoft-windows-v..r-windows.resources_31bf3856ad364e35_10.0.18362.1_en-us_ebbd5f9971f9bd4c\msvidc32.dll.mui,File027
taskhostw.exe.mui,E:\Windows\WinSxS\amd64_microsoft-windows-s..-taskhost.resources_31bf3856ad364e35_10.0.18362.1_en-us_ce8a0cb7788c84b9\taskhostw.exe.mui,File005
quickassist.exe.mui,E:\Windows\WinSxS\amd64_microsoft-windows-quickassist.resources_31bf3856ad364e35_10.0.18362.1_en-gb_cd2230c94b7f7d54\quickassist.exe.mui,File027
quickassist.exe.mui,E:\Windows\WinSxS\amd64_microsoft-windows-quickassist.resources_31bf3856ad364e35_10.0.18362.1_uk-ua_feb41afe74c35f58\quickassist.exe.mui,File027
rdvgogl64.dll.mui,E:\Windows\WinSxS\amd64_rdvgwddmdx11.inf.resources_31bf3856ad364e35_10.0.18362.1_en-us_553c1de14b1401ee\rdvgogl64.dll.mui,File027
sihclient.exe.mui,E:\Windows\WinSxS\amd64_serviceinitiatedhealing-client.resources_31bf3856ad364e35_10.0.18362.1_en-us_a57a18296bb5cede\sihclient.exe.mui,File160
ClipboardServer.dll.mui,E:\Windows\WinSxS\amd64_windows-application..ardserver.resources_31bf3856ad364e35_10.0.18362.1_en-us_3fb299ff0b1500f7\ClipboardServer.dll.mui,File024
SgrmBroker.exe.mui,E:\Windows\WinSxS\amd64_security-octagon-broker.resources_31bf3856ad364e35_10.0.18362.1_en-us_e5c8a21ffd51d070\SgrmBroker.exe.mui,File024
Microsoft.Bluetooth.AvrcpTransport.sys.mui,E:\Windows\WinSxS\amd64_product-onecore__mi..sport.inf.resources_31bf3856ad364e35_10.0.18362.1_en-us_89426ad2621e9dfb\Microsoft.Bluetooth.AvrcpTransport.sys.mui,File024
sdstor.sys.mui,E:\Windows\WinSxS\amd64_sdstor.inf.resources_31bf3856ad364e35_10.0.18362.1_en-us_b1d40ffb7eb2bb28\sdstor.sys.mui,File027
shellext.dll.mui,E:\Windows\WinSxS\amd64_windows-defender-ui.resources_31bf3856ad364e35_10.0.18362.1_en-us_59e3dda82a7a108a\shellext.dll.mui,File024
AppContracts.dll.mui,E:\Windows\WinSxS\amd64_windows-application..cts-winrt.resources_31bf3856ad364e35_10.0.18362.1_en-us_8f820ccc1057dc15\AppContracts.dll.mui,File160
wmpdui.dll.mui,E:\Windows\WinSxS\amd64_microsoft-windows-wmpdui.resources_31bf3856ad364e35_10.0.18362.1_en-us_4bf9d7e89b05f5bf\wmpdui.dll.mui,File027
wmpnscfg.exe.mui,E:\Windows\WinSxS\amd64_microsoft-windows-wmpnss-ux.resources_31bf3856ad364e35_10.0.18362.1_en-us_930aaa29a25dea33\wmpnscfg.exe.mui,File024
MsMpRes.dll,E:\Windows\WinSxS\amd64_windows-defender-ui_31bf3856ad364e35_10.0.18362.1_none_e8668e1d5d35e6d9\MsMpRes.dll,File042
ntvdm64.dll.mui,E:\Windows\WinSxS\amd64_microsoft-windows-wow64-legacy.resources_31bf3856ad364e35_10.0.18362.1_en-us_83a32fb926c52f28\ntvdm64.dll.mui,File024
WMVDECOD.dll.mui,E:\Windows\WinSxS\amd64_microsoft-windows-wmvdecod.resources_31bf3856ad364e35_10.0.18362.1_en-us_394f9c5430464ea6\WMVDECOD.dll.mui,File024
Windows.Gaming.Input.dll.mui,E:\Windows\WinSxS\amd64_windows-gaming-input-winrt.resources_31bf3856ad364e35_10.0.18362.1_en-us_d800a868fa53ffd1\Windows.Gaming.Input.dll.mui,File024
WMVENCOD.dll.mui,E:\Windows\WinSxS\amd64_microsoft-windows-wmvencod.resources_31bf3856ad364e35_10.0.18362.1_en-us_4f0cb61030464ea6\WMVENCOD.dll.mui,File024
xwtpw32.dll.mui,E:\Windows\WinSxS\amd64_microsoft-windows-x..lugin-mui.resources_31bf3856ad364e35_10.0.18362.1_en-us_282c9d62418ad7e6\xwtpw32.dll.mui,File024
SensorsHid.dll.mui,E:\Windows\WinSxS\amd64_sensorshidclassdriver.inf.resources_31bf3856ad364e35_10.0.18362.1_en-us_e4e7bde355c8bbef\SensorsHid.dll.mui,File027
gamestreamingext.dll,E:\Windows\WinSxS\amd64_microsoft-xbox-game..eamingext-component_31bf3856ad364e35_10.0.18362.1_none_fca9d6925b56f297\gamestreamingext.dll,File001
dxpserver.exe.mui,E:\Windows\WinSxS\amd64_microsoft-windowsdx..xperience.resources_31bf3856ad364e35_10.0.18362.1_en-us_be575c5e9b8dab47\dxpserver.exe.mui,File024
CertEnrollCtrl.exe.mui,E:\Windows\WinSxS\amd64_microsoft-windows-x..nrollment.resources_31bf3856ad364e35_10.0.18362.1_en-us_1fe4124e3ee44816\CertEnrollCtrl.exe.mui,File005
NetHost.exe,E:\Windows\WinSxS\amd64_windows.networking.vpn.nethost_31bf3856ad364e35_10.0.18362.1_none_9fd932818175ee2b\NetHost.exe,File001
WmiPerfInst.dll,E:\Windows\WinSxS\amd64_microsoft-windows-wmiperf_31bf3856ad364e35_10.0.18362.1_none_71f784242f9044b0\WmiPerfInst.dll,File213
XblAuthManager.dll.mui,E:\Windows\WinSxS\amd64_microsoft-xbox-auth..component.resources_31bf3856ad364e35_10.0.18362.1_en-us_fb0192b97cb74e82\XblAuthManager.dll.mui,File024
xwtpdui.dll.mui,E:\Windows\WinSxS\amd64_microsoft-windows-x..lugin-mui.resources_31bf3856ad364e35_10.0.18362.1_en-us_084301511d3d5c47\xwtpdui.dll.mui,File027
XboxGipRadioManager.dll.mui,E:\Windows\WinSxS\amd64_microsoft-windows-x..iomanager.resources_31bf3856ad364e35_10.0.18362.1_en-us_d927f31cd3710580\XboxGipRadioManager.dll.mui,File005
PNPXAssocPrx.dll.mui,E:\Windows\WinSxS\amd64_pnpxassocprx.resources_31bf3856ad364e35_10.0.18362.1_en-us_17935761cf381b83\PNPXAssocPrx.dll.mui,File024
VpnSohDesktop.dll,E:\Windows\WinSxS\amd64_windows.networking.vpn.soh_31bf3856ad364e35_10.0.18362.1_none_389356f25a1c182a\VpnSohDesktop.dll,File042
WofTasks.dll.mui,E:\Windows\WinSxS\amd64_microsoft-windows-wof-tasks.resources_31bf3856ad364e35_10.0.18362.1_en-us_3fd347c45165b90a\WofTasks.dll.mui,File024
wmpnssui.dll.mui,E:\Windows\WinSxS\amd64_microsoft-windows-wmpnssui.resources_31bf3856ad364e35_10.0.18362.1_en-us_0f466ae83d68d471\wmpnssui.dll.mui,File024
WiFiDisplay.dll.mui,E:\Windows\WinSxS\amd64_microsoft-windows-wifidisplay.resources_31bf3856ad364e35_10.0.18362.1_en-us_e36a3751fcbd0ee0\WiFiDisplay.dll.mui,File027
SrTasks.exe.mui,E:\Windows\WinSxS\amd64_microsoftwindowssys..ore-tasks.resources_31bf3856ad364e35_10.0.18362.1_en-us_d4e44b581586fa8f\SrTasks.exe.mui,File005
wephostsvc.dll.mui,E:\Windows\WinSxS\amd64_microsoft-windows-wephostsvc.resources_31bf3856ad364e35_10.0.18362.1_en-us_df22add50107b91f\wephostsvc.dll.mui,File160
Windows.Web.Http.dll.mui,E:\Windows\WinSxS\amd64_microsoft-windows-web-http.resources_31bf3856ad364e35_10.0.18362.1_en-us_f04aff0c206c2542\Windows.Web.Http.dll.mui,File101
WWAHost.exe.mui,E:\Windows\WinSxS\amd64_microsoft-windows-web-app-host.resources_31bf3856ad364e35_10.0.18362.1_zh-tw_ce2da0aac8f03b9c\WWAHost.exe.mui,File042
WWAHost.exe.mui,E:\Windows\WinSxS\amd64_microsoft-windows-web-app-host.resources_31bf3856ad364e35_10.0.18362.1_zh-cn_ca316354cb7f5f2c\WWAHost.exe.mui,File042
Microsoft.Windows.Whea.WheaMemoryPolicy.dll,E:\Windows\WinSxS\amd64_microsoft.windows.whea.cmdlets_31bf3856ad364e35_10.0.18362.1_none_c28139bbaa0c40bf\Microsoft.Windows.Whea.WheaMemoryPolicy.dll,File071
scsiport.sys.mui,E:\Windows\WinSxS\amd64_microsoft.windows.s..rt_driver.resources_31bf3856ad364e35_10.0.18362.1_en-us_235ca8b26dd5f0c7\scsiport.sys.mui,File027
WFDSConMgrSvc.dll.mui,E:\Windows\WinSxS\amd64_microsoft-windows-wfdsconmgr.resources_31bf3856ad364e35_10.0.18362.1_en-us_6b6c75a9fc57aa89\WFDSConMgrSvc.dll.mui,File024
SrEvents.dll.mui,E:\Windows\WinSxS\amd64_microsoftwindowssys..re-events.resources_31bf3856ad364e35_10.0.18362.1_en-us_991821520d64fe0c\SrEvents.dll.mui,File024
watchdog.sys,E:\Windows\WinSxS\amd64_microsoft-windows-watchdog_31bf3856ad364e35_10.0.18362.1_none_32c6583826b48091\watchdog.sys,File213
waitfor.exe.mui,E:\Windows\WinSxS\amd64_microsoft-windows-waitfor.resources_31bf3856ad364e35_10.0.18362.1_en-us_ffccb56b7cb5fcc7\waitfor.exe.mui,File042
wwanconn.dll.mui,E:\Windows\WinSxS\amd64_microsoft-windows-wwanui.resources_31bf3856ad364e35_10.0.18362.1_en-us_e2393d9b27c15da2\wwanconn.dll.mui,File001
WSHTCPIP.DLL,E:\Windows\WinSxS\amd64_microsoft-windows-winsock-helper-tcpip_31bf3856ad364e35_10.0.18362.1_none_9e1075bdaebff43a\WSHTCPIP.DLL,File101
WWanMM.dll.mui,E:\Windows\WinSxS\amd64_microsoft-windows-wwanui.resources_31bf3856ad364e35_10.0.18362.1_en-us_e2393d9b27c15da2\WWanMM.dll.mui,File027
authfwgp.dll.mui,E:\Windows\WinSxS\amd64_networking-mpssvc-admin.resources_31bf3856ad364e35_10.0.18362.1_en-us_134d8b7814020683\authfwgp.dll.mui,File160
Wwanpref.dll.mui,E:\Windows\WinSxS\amd64_microsoft-windows-wwanui.resources_31bf3856ad364e35_10.0.18362.1_en-us_e2393d9b27c15da2\Wwanpref.dll.mui,File005
comctl32.dll.mui,E:\Windows\WinSxS\amd64_microsoft.windows.c..-controls.resources_6595b64144ccf1df_6.0.18362.356_fr-ca_97c9158f3786c7e6\comctl32.dll.mui,File101
WmiApRes.dll,E:\Windows\WinSxS\amd64_microsoft-windows-wmi-core_31bf3856ad364e35_10.0.18362.1_none_8bb173109cd10ed3\WmiApRes.dll,File005
wship6.dll,E:\Windows\WinSxS\amd64_microsoft-windows-winsock-helper-tcpip_31bf3856ad364e35_10.0.18362.1_none_9e1075bdaebff43a\wship6.dll,File101
rnr20.dll,E:\Windows\WinSxS\amd64_microsoft-windows-winsock-legacy-rnr20_31bf3856ad364e35_10.0.18362.1_none_2fa285bafb73b47b\rnr20.dll,File005
comctl32.dll.mui,E:\Windows\WinSxS\amd64_microsoft.windows.c..-controls.resources_6595b64144ccf1df_6.0.18362.356_en-gb_f5473d44448ca5f4\comctl32.dll.mui,File071
WmiApSrv.exe.mui,E:\Windows\WinSxS\amd64_microsoft-windows-wmi-core.resources_31bf3856ad364e35_10.0.18362.1_en-us_a724fe3644e12e0c\WmiApSrv.exe.mui,File024
WinSetupUI.dll.mui,E:\Windows\WinSxS\amd64_microsoft-windows-winsetupui.resources_31bf3856ad364e35_10.0.18362.1_en-us_35653424ff8ed186\WinSetupUI.dll.mui,File027
WmiApRes.dll.mui,E:\Windows\WinSxS\amd64_microsoft-windows-wmi-core.resources_31bf3856ad364e35_10.0.18362.1_en-us_a724fe3644e12e0c\WmiApRes.dll.mui,File024
msafd.dll,E:\Windows\WinSxS\amd64_microsoft-windows-winsock-legacy-afd_31bf3856ad364e35_10.0.18362.1_none_bde46358312ac760\msafd.dll,File024
bthci.dll.mui,E:\Windows\WinSxS\amd64_microsoft.windows.h..iverclass.resources_31bf3856ad364e35_10.0.18362.1_en-us_3482776da908154d\bthci.dll.mui,File027
NCProv.dll.mui,E:\Windows\WinSxS\amd64_microsoft-windows-wmi-core.resources_31bf3856ad364e35_10.0.18362.1_en-us_a724fe3644e12e0c\NCProv.dll.mui,File005
comctl32.dll.mui,E:\Windows\WinSxS\amd64_microsoft.windows.c..-controls.resources_6595b64144ccf1df_6.0.18362.356_ar-sa_683054e27ab2cfd9\comctl32.dll.mui,File071
DscTimer.dll.mui,E:\Windows\WinSxS\amd64_microsoft.windows.dsc.dsctimer.resources_31bf3856ad364e35_10.0.18362.1_en-us_fd99e5a7a69d03ca\DscTimer.dll.mui,File024
lpasvc.dll.mui,E:\Windows\WinSxS\amd64_microsoft-windows-wwan-lpasvc.resources_31bf3856ad364e35_10.0.18362.1_en-us_dd9f8d1d5f56a656\lpasvc.dll.mui,File024
Microsoft.ProcessMitigations.Commands.Resources.dll,E:\Windows\WinSxS\amd64_microsoft.processmi...commands.resources_31bf3856ad364e35_10.0.18362.1_en-us_6a467e7e4546d673\Microsoft.ProcessMitigations.Commands.Resources.dll,File160
comctl32.dll.mui,E:\Windows\WinSxS\amd64_microsoft.windows.c..-controls.resources_6595b64144ccf1df_6.0.18362.356_sr-..-rs_8a4e9ebffb80019e\comctl32.dll.mui,File101
wlanutil.dll,E:\Windows\WinSxS\amd64_microsoft-windows-wlanutil_31bf3856ad364e35_10.0.18362.1_none_0d7523368b42ad96\wlanutil.dll,File027
comctl32.dll.mui,E:\Windows\WinSxS\amd64_microsoft.windows.c..-controls.resources_6595b64144ccf1df_6.0.18362.356_pt-pt_ff4dfe52abd8c734\comctl32.dll.mui,File101
wincredui.dll.mui,E:\Windows\WinSxS\amd64_microsoft-windows-wincredui.resources_31bf3856ad364e35_10.0.18362.1_en-us_7e4eb28d7e0c6b7f\wincredui.dll.mui,File042
WmiApRpl.dll.mui,E:\Windows\WinSxS\amd64_microsoft-windows-wmi-core-svc.resources_31bf3856ad364e35_10.0.18362.1_en-us_5f05b815a98b15e5\WmiApRpl.dll.mui,File024
comctl32.dll.mui,E:\Windows\WinSxS\amd64_microsoft.windows.c..-controls.resources_6595b64144ccf1df_6.0.18362.356_pt-br_fe6c2ee6ac695758\comctl32.dll.mui,File101
comctl32.dll.mui,E:\Windows\WinSxS\amd64_microsoft.windows.c..-controls.resources_6595b64144ccf1df_6.0.18362.356_pl-pl_fc184442addfc374\comctl32.dll.mui,File101
comctl32.dll.mui,E:\Windows\WinSxS\amd64_microsoft.windows.c..-controls.resources_6595b64144ccf1df_6.0.18362.356_nl-nl_b5dbe9c0c8bd55c0\comctl32.dll.mui,File101
winbioext.dll.mui,E:\Windows\WinSxS\amd64_microsoft-windows-winbioext.resources_31bf3856ad364e35_10.0.18362.1_en-us_3f182ab12a228d08\winbioext.dll.mui,File005
comctl32.dll.mui,E:\Windows\WinSxS\amd64_microsoft.windows.c..-controls.resources_6595b64144ccf1df_6.0.18362.356_ja-jp_2ba04098fcfb5919\comctl32.dll.mui,File001
comctl32.dll.mui,E:\Windows\WinSxS\amd64_microsoft.windows.c..-controls.resources_6595b64144ccf1df_6.0.18362.356_it-it_897ac18c09e0473e\comctl32.dll.mui,File101
portabledevicestatus.dll.mui,E:\Windows\WinSxS\amd64_microsoft-windows-wpd-status.resources_31bf3856ad364e35_10.0.18362.1_en-us_dad5820a3ec9bb23\portabledevicestatus.dll.mui,File027
write.exe,E:\Windows\WinSxS\amd64_microsoft-windows-write_31bf3856ad364e35_10.0.18362.1_none_31e0422b5a504c2f\write.exe,File042
mssph.dll.mui,E:\Windows\WinSxS\amd64_windowssearchengine.resources_31bf3856ad364e35_7.0.18362.1_en-us_aca973e569934f2b\mssph.dll.mui,File024
comctl32.dll.mui,E:\Windows\WinSxS\amd64_microsoft.windows.c..-controls.resources_6595b64144ccf1df_6.0.18362.356_es-mx_fed242ec3e702f09\comctl32.dll.mui,File101
WppRecorderUM.dll,E:\Windows\WinSxS\amd64_microsoft-windows-wpprecorderum_31bf3856ad364e35_10.0.18362.1_none_d784e3c0f06a7f75\WppRecorderUM.dll,File071
comctl32.dll.mui,E:\Windows\WinSxS\amd64_microsoft.windows.c..-controls.resources_6595b64144ccf1df_6.0.18362.356_en-us_fccff8623fb559b9\comctl32.dll.mui,File071
comctl32.dll.mui,E:\Windows\WinSxS\amd64_microsoft.windows.c..-controls.resources_6595b64144ccf1df_6.0.18362.356_he-il_e37272e7191d62ae\comctl32.dll.mui,File042
comctl32.dll.mui,E:\Windows\WinSxS\amd64_microsoft.windows.c..-controls.resources_6595b64144ccf1df_6.0.18362.356_th-th_86f61c3e79281cfc\comctl32.dll.mui,File071
comctl32.dll.mui,E:\Windows\WinSxS\amd64_microsoft.windows.c..-controls.resources_6595b64144ccf1df_6.0.18362.356_lt-lt_72d5494ee193ebcc\comctl32.dll.mui,File101
comctl32.dll.mui,E:\Windows\WinSxS\amd64_microsoft.windows.c..-controls.resources_6595b64144ccf1df_6.0.18362.356_fr-fr_9f52cb4532ae61c0\comctl32.dll.mui,File101
comctl32.dll.mui,E:\Windows\WinSxS\amd64_microsoft.windows.c..-controls.resources_6595b64144ccf1df_6.0.18362.356_da-dk_56b38d2d4f00f95a\comctl32.dll.mui,File071
wlandlg.dll.mui,E:\Windows\WinSxS\amd64_microsoft-windows-wlan-dialog.resources_31bf3856ad364e35_10.0.18362.1_en-us_5555cfa5dd493752\wlandlg.dll.mui,File160
comctl32.dll.mui,E:\Windows\WinSxS\amd64_microsoft.windows.c..-controls.resources_6595b64144ccf1df_6.0.18362.356_bg-bg_0e70366b6b332130\comctl32.dll.mui,File101
winver.exe.mui,E:\Windows\WinSxS\amd64_microsoft-windows-winver.resources_31bf3856ad364e35_10.0.18362.1_en-us_ed4d4887057b859e\winver.exe.mui,File005
mssrch.dll.mui,E:\Windows\WinSxS\amd64_windowssearchengine.resources_31bf3856ad364e35_7.0.18362.1_en-us_aca973e569934f2b\mssrch.dll.mui,File027
wlanutil.dll.mui,E:\Windows\WinSxS\amd64_microsoft-windows-wlanutil.resources_31bf3856ad364e35_10.0.18362.1_en-us_3658d5372e0b6f39\wlanutil.dll.mui,File005
comctl32.dll.mui,E:\Windows\WinSxS\amd64_microsoft.windows.c..-controls.resources_6595b64144ccf1df_6.0.18362.356_ro-ro_4388c48a923f9290\comctl32.dll.mui,File101
comctl32.dll.mui,E:\Windows\WinSxS\amd64_microsoft.windows.c..-controls.resources_6595b64144ccf1df_6.0.18362.356_es-es_fc9b55463fdc4b5e\comctl32.dll.mui,File101
wlgpclnt.dll.mui,E:\Windows\WinSxS\amd64_microsoft-windows-wlangpclient.resources_31bf3856ad364e35_10.0.18362.1_en-us_a9a06ea4dca3d1a9\wlgpclnt.dll.mui,File160
WMIsvc.dll.mui,E:\Windows\WinSxS\amd64_microsoft-windows-wmi-core-svc.resources_31bf3856ad364e35_10.0.18362.1_en-us_5f05b815a98b15e5\WMIsvc.dll.mui,File027
wship6.dll.mui,E:\Windows\WinSxS\amd64_microsoft-windows-w..per-tcpip.resources_31bf3856ad364e35_10.0.18362.1_en-us_358b75a31c45092f\wship6.dll.mui,File005
wiaacmgr.exe.mui,E:\Windows\WinSxS\amd64_microsoft-windows-w..omponents.resources_31bf3856ad364e35_10.0.18362.1_en-us_07bf685e73d3b8a3\wiaacmgr.exe.mui,File001
Windows.UI.Input.Inking.dll.mui,E:\Windows\WinSxS\amd64_microsoft-windows-w..putinking.resources_31bf3856ad364e35_10.0.18362.1_en-us_80151a8563a44911\Windows.UI.Input.Inking.dll.mui,File024
webclnt.dll.mui,E:\Windows\WinSxS\amd64_microsoft-windows-w..r-webclnt.resources_31bf3856ad364e35_10.0.18362.1_en-us_11c8648a4dd6c568\webclnt.dll.mui,File027
wshtcpip.dll.mui,E:\Windows\WinSxS\amd64_microsoft-windows-w..per-tcpip.resources_31bf3856ad364e35_10.0.18362.1_en-us_358b75a31c45092f\wshtcpip.dll.mui,File005
WMPMediaSharing.dll.mui,E:\Windows\WinSxS\amd64_microsoft-windows-w..publicapi.resources_31bf3856ad364e35_10.0.18362.1_en-us_48338f279088b0e7\WMPMediaSharing.dll.mui,File024
xboxgipsvc.dll.mui,E:\Windows\WinSxS\amd64_microsoft-xbox-gipm..component.resources_31bf3856ad364e35_10.0.18362.1_en-us_9c207314de95e950\xboxgipsvc.dll.mui,File024
WpdBusEnum.dll.mui,E:\Windows\WinSxS\amd64_microsoft-windows-w..umservice.resources_31bf3856ad364e35_10.0.18362.1_en-us_3e887fca5ee57d2b\WpdBusEnum.dll.mui,File024
wbemcore.dll.mui,E:\Windows\WinSxS\amd64_microsoft-windows-w..mcore-dll.resources_31bf3856ad364e35_10.0.18362.1_en-us_aa1d4e0ba7147d14\wbemcore.dll.mui,File027
cewmdm.dll.mui,E:\Windows\WinSxS\amd64_microsoft-windows-w..ywmdmcesp.resources_31bf3856ad364e35_10.0.18362.1_en-us_1477be31d15d70da\cewmdm.dll.mui,File027
WUAProvider.dll.mui,E:\Windows\WinSxS\amd64_microsoft-windows-w..iprovider.resources_31bf3856ad364e35_10.0.18362.1_en-us_d3bc71c9e24a3db4\WUAProvider.dll.mui,File160
sfc.exe.mui,E:\Windows\WinSxS\amd64_microsoft-windows-w..ty-client.resources_31bf3856ad364e35_10.0.18362.1_en-us_e8ded76b50c87678\sfc.exe.mui,File042
reagent.dll.mui,E:\Windows\WinSxS\amd64_microsoft-windows-w..veryagent.resources_31bf3856ad364e35_10.0.18362.1_en-us_848c22b419ece187\reagent.dll.mui,File001
wsp_sr.dll.mui,E:\Windows\WinSxS\amd64_microsoft-windows-w..plication.resources_31bf3856ad364e35_10.0.18362.1_en-us_7e336f5e32c0b788\wsp_sr.dll.mui,File005
MMFUtil.dll.mui,E:\Windows\WinSxS\amd64_microsoft-windows-w..t-snapins.resources_31bf3856ad364e35_10.0.18362.1_en-us_ab3e329bc63c24fd\MMFUtil.dll.mui,File160
wptaskscheduler.dll.mui,E:\Windows\WinSxS\amd64_microsoft-windows-w..scheduler.resources_31bf3856ad364e35_10.0.18362.1_en-us_1ef9436d39e8165c\wptaskscheduler.dll.mui,File005
DscProxy.dll.mui,E:\Windows\WinSxS\amd64_microsoft.powershell.dsc.proxy.resources_31bf3856ad364e35_10.0.18362.1_en-us_ef65b49d4742b963\DscProxy.dll.mui,File005
WiFiTask.exe.mui,E:\Windows\WinSxS\amd64_microsoft-windows-w..rkmanager.resources_31bf3856ad364e35_10.0.18362.1_en-us_4946f565e4df36e5\WiFiTask.exe.mui,File024
mpeval.dll.mui,E:\Windows\WinSxS\amd64_microsoft.powershel..sc.mpeval.resources_31bf3856ad364e35_10.0.18362.1_en-us_4ed94e88776d7342\mpeval.dll.mui,File027
wuaueng.dll.mui,E:\Windows\WinSxS\amd64_microsoft-windows-w..ient-core.resources_31bf3856ad364e35_10.0.18362.1_en-us_d6b43a6b5b6b97d8\wuaueng.dll.mui,File071
WalletBackgroundServiceProxy.dll,E:\Windows\WinSxS\amd64_microsoft-windows-w..ice.backgroundproxy_31bf3856ad364e35_10.0.18362.1_none_16832fc4c97dea7f\WalletBackgroundServiceProxy.dll,File101
Windows.UI.Immersive.dll.mui,E:\Windows\WinSxS\amd64_microsoft-windows-w..immersive.resources_31bf3856ad364e35_10.0.18362.1_en-us_5c7c9becc14e0aad\Windows.UI.Immersive.dll.mui,File071
wlidcli.dll.mui,E:\Windows\WinSxS\amd64_windows-id-connecte..r-wlidcli.resources_31bf3856ad364e35_10.0.18362.1_en-us_e601da9feae409cc\wlidcli.dll.mui,File005
WLIDSvc.dll.mui,E:\Windows\WinSxS\amd64_windows-id-connecte..r-wlidsvc.resources_31bf3856ad364e35_10.0.18362.1_en-us_6b27df5f6c45989c\WLIDSvc.dll.mui,File024
wsdapi.dll.mui,E:\Windows\WinSxS\amd64_wsdapi.resources_31bf3856ad364e35_10.0.18362.1_en-us_ed9730a9e2a2f334\wsdapi.dll.mui,File005
wpdmtpdr.dll.mui,E:\Windows\WinSxS\amd64_wpdmtp.inf.resources_31bf3856ad364e35_10.0.18362.1_en-us_146e759fb2aa1009\wpdmtpdr.dll.mui,File024
mpsdrv.sys.mui,E:\Windows\WinSxS\amd64_networking-mpssvc-drv.resources_31bf3856ad364e35_10.0.18362.1_en-us_2021bf3d02ff7f56\mpsdrv.sys.mui,File024
wlidnsp.dll,E:\Windows\WinSxS\amd64_windows-id-connecte..nt-provider-wlidnsp_31bf3856ad364e35_10.0.18362.1_none_766b8ed434a1b9b6\wlidnsp.dll,File213
netvsc.sys.mui,E:\Windows\WinSxS\amd64_wnetvsc.inf.resources_31bf3856ad364e35_10.0.18362.1_en-us_32ddcbf148d8ce69\netvsc.sys.mui,File042
Wms.EventLogMsg.dll,E:\Windows\WinSxS\amd64_multipoint-wms.eventlogmsg_31bf3856ad364e35_10.0.18362.1_none_57bfa4a0dfd92933\Wms.EventLogMsg.dll,File005
amd64_hid-user.resources_31bf3856ad364e35_10.0.18362.1_en-us_37fffff7686adcdd_hidserv.dll.mui_561adfc8,E:\Windows\WinSxS\Backup\amd64_hid-user.resources_31bf3856ad364e35_10.0.18362.1_en-us_37fffff7686adcdd_hidserv.dll.mui_561adfc8,File024
SRCTSHost.dll.mui,E:\Windows\WinSxS\amd64_multipoint-srctshost.resources_31bf3856ad364e35_10.0.18362.1_en-us_2454435bd768a483\SRCTSHost.dll.mui,File005
PerfCounters.dll.mui,E:\Windows\WinSxS\amd64_multipoint-perfcounters-files.resources_31bf3856ad364e35_10.0.18362.1_en-us_b65606c15780b9c4\PerfCounters.dll.mui,File027
vmbus.sys.mui,E:\Windows\WinSxS\amd64_wvmbus.inf.resources_31bf3856ad364e35_10.0.18362.1_en-us_4cf4ae8d5aed0599\vmbus.sys.mui,File024
LcRes.dll,E:\Windows\WinSxS\amd64_multipoint-logcollector_31bf3856ad364e35_10.0.18362.1_none_727fef98185aad34\LcRes.dll,File005
WmsSharingHost.dll.mui,E:\Windows\WinSxS\amd64_multipoint-wmssharinghost.resources_31bf3856ad364e35_10.0.18362.1_en-us_ef0fbbff4a5603b3\WmsSharingHost.dll.mui,File005
LcRes.dll.mui,E:\Windows\WinSxS\amd64_multipoint-logcollector.resources_31bf3856ad364e35_10.0.18362.1_en-us_0dcee75ad05eb79d\LcRes.dll.mui,File005
mssmbios.sys.mui,E:\Windows\WinSxS\amd64_mssmbios.inf.resources_31bf3856ad364e35_10.0.18362.1_en-us_00eee3da7218e1e0\mssmbios.sys.mui,File027
MTConfig.sys.mui,E:\Windows\WinSxS\amd64_mtconfig.inf.resources_31bf3856ad364e35_10.0.18362.1_en-us_4d17004142175a68\MTConfig.sys.mui,File024
serial.sys.mui,E:\Windows\WinSxS\amd64_msports.inf.resources_31bf3856ad364e35_10.0.18362.1_en-us_da69ddddb06f2f63\serial.sys.mui,File001
rfxvmt.sys.mui,E:\Windows\WinSxS\amd64_wsynth3dvsc.inf.resources_31bf3856ad364e35_10.0.18362.1_en-us_9d511be4453bde87\rfxvmt.sys.mui,File024
parport.sys.mui,E:\Windows\WinSxS\amd64_msports.inf.resources_31bf3856ad364e35_10.0.18362.1_en-us_da69ddddb06f2f63\parport.sys.mui,File160
Startupscan.dll.mui,E:\Windows\WinSxS\amd64_startupapp-task-data.resources_31bf3856ad364e35_10.0.18362.1_en-us_e29abc8f81fc81a5\Startupscan.dll.mui,File024
mouhid.sys.mui,E:\Windows\WinSxS\amd64_msmouse.inf.resources_31bf3856ad364e35_10.0.18362.1_en-us_a3cd24df13502548\mouhid.sys.mui,File024
SrpUxNativeSnapIn.dll.mui,E:\Windows\WinSxS\amd64_srpuxnativesnapin.resources_31bf3856ad364e35_10.0.18362.1_en-us_232331ab2dfd142c\SrpUxNativeSnapIn.dll.mui,File027
usbstor.sys.mui,E:\Windows\WinSxS\amd64_usbstor.inf.resources_31bf3856ad364e35_10.0.18362.1_en-us_c9a3d59a223adf9f\usbstor.sys.mui,File024
volmgr.sys.mui,E:\Windows\WinSxS\amd64_volmgr.inf.resources_31bf3856ad364e35_10.0.18362.1_en-us_ccfffd93b30b19c8\volmgr.sys.mui,File005
AppHostRegistrationVerifier.exe.mui,E:\Windows\WinSxS\amd64_windows-application..nverifier.resources_31bf3856ad364e35_10.0.18362.1_en-us_53db8d91fc4eaf08\AppHostRegistrationVerifier.exe.mui,File024
AppExtension.dll.mui,E:\Windows\WinSxS\amd64_windows-application..ion-winrt.resources_31bf3856ad364e35_10.0.18362.1_en-us_bb864bb09fe1647b\AppExtension.dll.mui,File005
amd64_microsoft-windows-a..llservice.resources_31bf3856ad364e35_10.0.18362.1_en-us_302b821d2069b708_axinstui.exe.mui_aea34130,E:\Windows\WinSxS\Backup\amd64_microsoft-windows-a..llservice.resources_31bf3856ad364e35_10.0.18362.1_en-us_302b821d2069b708_axinstui.exe.mui_aea34130,File005
dssvc.dll.mui,E:\Windows\WinSxS\amd64_windows-application..haringsvc.resources_31bf3856ad364e35_10.0.18362.1_en-us_04ca360cfd425918\dssvc.dll.mui,File024
securityhealthsso.dll.mui,E:\Windows\WinSxS\amd64_windows-securityhealth-sso.resources_31bf3856ad364e35_10.0.18362.1_en-us_0462796d4a2b42b4\securityhealthsso.dll.mui,File024
amd64_microsoft-windows-a..structure.resources_31bf3856ad364e35_10.0.18362.1_en-us_ca85b8a213d9414c_apphelp.dll.mui_59096153,E:\Windows\WinSxS\Backup\amd64_microsoft-windows-a..structure.resources_31bf3856ad364e35_10.0.18362.1_en-us_ca85b8a213d9414c_apphelp.dll.mui_59096153,File027
EppManifest.dll.mui,E:\Windows\WinSxS\amd64_windows-defender-branding.resources_31bf3856ad364e35_10.0.18362.1_en-us_88aab50086976a67\EppManifest.dll.mui,File005
WmsVolFilter.sys.mui,E:\Windows\WinSxS\amd64_multipoint-wmsvolfilter.resources_31bf3856ad364e35_10.0.18362.1_en-us_0719ab99e858172a\WmsVolFilter.sys.mui,File024
Search.ProtocolHandler.MAPI2.dll.mui,E:\Windows\WinSxS\amd64_windowssearchengine.resources_31bf3856ad364e35_7.0.18362.1_en-us_aca973e569934f2b\Search.ProtocolHandler.MAPI2.dll.mui,File160
Windows.System.Launcher.dll.mui,E:\Windows\WinSxS\amd64_windows-system-launcher.resources_31bf3856ad364e35_10.0.18362.1_en-us_ea52ae44805f5df4\Windows.System.Launcher.dll.mui,File027
amd64_networking-mpssvc-drv.resources_31bf3856ad364e35_10.0.18362.1_en-us_2021bf3d02ff7f56_mpsdrv.sys.mui_b2aea3b6,E:\Windows\WinSxS\Backup\amd64_networking-mpssvc-drv.resources_31bf3856ad364e35_10.0.18362.1_en-us_2021bf3d02ff7f56_mpsdrv.sys.mui_b2aea3b6,File024
amd64_microsoft-windows-pnp-drvinst.resources_31bf3856ad364e35_10.0.18362.1_en-us_88477b94137afbe6_drvinst.exe.mui_e88f4c73,E:\Windows\WinSxS\Backup\amd64_microsoft-windows-pnp-drvinst.resources_31bf3856ad364e35_10.0.18362.1_en-us_88477b94137afbe6_drvinst.exe.mui_e88f4c73,File005
wow64_microsoft-windows-a..structure.resources_31bf3856ad364e35_10.0.18362.1_en-us_d4da62f4483a0347_apphelp.dll.mui_59096153,E:\Windows\WinSxS\Backup\wow64_microsoft-windows-a..structure.resources_31bf3856ad364e35_10.0.18362.1_en-us_d4da62f4483a0347_apphelp.dll.mui_59096153,File027
amd64_microsoft-windows-p..onmanager.resources_31bf3856ad364e35_10.0.18362.1_en-us_d089359ec7dec032_partmgr.sys.mui_b800c491,E:\Windows\WinSxS\Backup\amd64_microsoft-windows-p..onmanager.resources_31bf3856ad364e35_10.0.18362.1_en-us_d089359ec7dec032_partmgr.sys.mui_b800c491,File024
wow64_microsoft-windows-u..istration.resources_31bf3856ad364e35_10.0.18362.356_en-us_c3e4f84c40ddedef_userdeviceregistration.ngc.dll.mui_d2c6ca95,E:\Windows\WinSxS\Backup\wow64_microsoft-windows-u..istration.resources_31bf3856ad364e35_10.0.18362.356_en-us_c3e4f84c40ddedef_userdeviceregistration.ngc.dll.mui_d2c6ca95,File024
amd64_microsoft-windows-lua.resources_31bf3856ad364e35_10.0.18362.1_en-us_c0e839fde98781b5_consent.exe.mui_2eb3b9db,E:\Windows\WinSxS\Backup\amd64_microsoft-windows-lua.resources_31bf3856ad364e35_10.0.18362.1_en-us_c0e839fde98781b5_consent.exe.mui_2eb3b9db,File024
wow64_microsoft-windows-u..istration.resources_31bf3856ad364e35_10.0.18362.356_en-us_c3e4f84c40ddedef_dsregtask.dll.mui_5e1b9353,E:\Windows\WinSxS\Backup\wow64_microsoft-windows-u..istration.resources_31bf3856ad364e35_10.0.18362.356_en-us_c3e4f84c40ddedef_dsregtask.dll.mui_5e1b9353,File024
wow64_microsoft-windows-u..istration.resources_31bf3856ad364e35_10.0.18362.356_en-us_c3e4f84c40ddedef_userdeviceregistration.dll.mui_22ab8f29,E:\Windows\WinSxS\Backup\wow64_microsoft-windows-u..istration.resources_31bf3856ad364e35_10.0.18362.356_en-us_c3e4f84c40ddedef_userdeviceregistration.dll.mui_22ab8f29,File024
amd64_microsoft-windows-networkbridge_31bf3856ad364e35_10.0.18362.1_none_da4760d6834e0807_bridgeres.dll_55e40455,E:\Windows\WinSxS\Backup\amd64_microsoft-windows-networkbridge_31bf3856ad364e35_10.0.18362.1_none_da4760d6834e0807_bridgeres.dll_55e40455,File005
amd64_microsoft-windows-msxml60_31bf3856ad364e35_10.0.18362.295_none_de0febce2898c8b2_msxml6r.dll_d8460bdb,E:\Windows\WinSxS\Backup\amd64_microsoft-windows-msxml60_31bf3856ad364e35_10.0.18362.295_none_de0febce2898c8b2_msxml6r.dll_d8460bdb,File005
amd64_microsoft-windows-m..ntmanager.resources_31bf3856ad364e35_10.0.18362.1_en-us_0f6aa0c4bc7f786b_mountmgr.sys.mui_71b54a25,E:\Windows\WinSxS\Backup\amd64_microsoft-windows-m..ntmanager.resources_31bf3856ad364e35_10.0.18362.1_en-us_0f6aa0c4bc7f786b_mountmgr.sys.mui_71b54a25,File024
amd64_microsoft-windows-keyiso.resources_31bf3856ad364e35_10.0.18362.1_en-us_dce8713cf14921ff_keyiso.dll.mui_4bbf12ff,E:\Windows\WinSxS\Backup\amd64_microsoft-windows-keyiso.resources_31bf3856ad364e35_10.0.18362.1_en-us_dce8713cf14921ff_keyiso.dll.mui_4bbf12ff,File024
wow64_microsoft-windows-gdi_31bf3856ad364e35_10.0.18362.356_none_09f5f43620881f94_lpk.dll_ebdc1de9,E:\Windows\WinSxS\Backup\wow64_microsoft-windows-gdi_31bf3856ad364e35_10.0.18362.356_none_09f5f43620881f94_lpk.dll_ebdc1de9,File005
wow64_microsoft-windows-msxml60_31bf3856ad364e35_10.0.18362.295_none_e86496205cf98aad_msxml6r.dll_d8460bdb,E:\Windows\WinSxS\Backup\wow64_microsoft-windows-msxml60_31bf3856ad364e35_10.0.18362.295_none_e86496205cf98aad_msxml6r.dll_d8460bdb,File005
amd64_microsoft-windows-gdi_31bf3856ad364e35_10.0.18362.356_none_ffa149e3ec275d99_lpk.dll_ebdc1de9,E:\Windows\WinSxS\Backup\amd64_microsoft-windows-gdi_31bf3856ad364e35_10.0.18362.356_none_ffa149e3ec275d99_lpk.dll_ebdc1de9,File024
amd64_microsoft-windows-s..subsystem.resources_31bf3856ad364e35_10.0.18362.1_en-us_c62342369ba3fc5f_scfilter.sys.mui_cebab716,E:\Windows\WinSxS\Backup\amd64_microsoft-windows-s..subsystem.resources_31bf3856ad364e35_10.0.18362.1_en-us_c62342369ba3fc5f_scfilter.sys.mui_cebab716,File024
amd64_microsoft-windows-efs-service.resources_31bf3856ad364e35_10.0.18362.1_en-us_1f407eedca09ff75_efssvc.dll.mui_03cc4e41,E:\Windows\WinSxS\Backup\amd64_microsoft-windows-efs-service.resources_31bf3856ad364e35_10.0.18362.1_en-us_1f407eedca09ff75_efssvc.dll.mui_03cc4e41,File024
amd64_microsoft-windows-sens-service.resources_31bf3856ad364e35_10.0.18362.1_en-us_e79f53fb9f3da5b0_sens.dll.mui_64739194,E:\Windows\WinSxS\Backup\amd64_microsoft-windows-sens-service.resources_31bf3856ad364e35_10.0.18362.1_en-us_e79f53fb9f3da5b0_sens.dll.mui_64739194,File024
amd64_microsoft-windows-c..r-library.resources_31bf3856ad364e35_10.0.18362.1_en-us_a655837dab486063_credprov2fahelper.dll.mui_71e4ecb5,E:\Windows\WinSxS\Backup\amd64_microsoft-windows-c..r-library.resources_31bf3856ad364e35_10.0.18362.1_en-us_a655837dab486063_credprov2fahelper.dll.mui_71e4ecb5,File024
amd64_microsoft-windows-rasauto-mui.resources_31bf3856ad364e35_10.0.18362.1_en-us_998f0cb1c377e6da_rasauto.dll.mui_12fa2c50,E:\Windows\WinSxS\Backup\amd64_microsoft-windows-rasauto-mui.resources_31bf3856ad364e35_10.0.18362.1_en-us_998f0cb1c377e6da_rasauto.dll.mui_12fa2c50,File024
amd64_microsoft-windows-w..e-ws2ifsl.resources_31bf3856ad364e35_10.0.18362.1_en-us_fc12c4724bf7d0b6_ws2ifsl.sys.mui_b672c7b4,E:\Windows\WinSxS\Backup\amd64_microsoft-windows-w..e-ws2ifsl.resources_31bf3856ad364e35_10.0.18362.1_en-us_fc12c4724bf7d0b6_ws2ifsl.sys.mui_b672c7b4,File005
amd64_microsoft-windows-rasauto-mui.resources_31bf3856ad364e35_10.0.18362.1_en-us_998f0cb1c377e6da_rasautou.exe.mui_55686a97,E:\Windows\WinSxS\Backup\amd64_microsoft-windows-rasauto-mui.resources_31bf3856ad364e35_10.0.18362.1_en-us_998f0cb1c377e6da_rasautou.exe.mui_55686a97,File005
amd64_microsoft-windows-w..eservices.resources_31bf3856ad364e35_10.0.18362.1_en-us_abb5045a375e7d2c_wiarpc.dll.mui_0c913b87,E:\Windows\WinSxS\Backup\amd64_microsoft-windows-w..eservices.resources_31bf3856ad364e35_10.0.18362.1_en-us_abb5045a375e7d2c_wiarpc.dll.mui_0c913b87,File024
amd64_microsoft-windows-w..eservices.resources_31bf3856ad364e35_10.0.18362.1_en-us_abb5045a375e7d2c_wiaservc.dll.mui_54051b53,E:\Windows\WinSxS\Backup\amd64_microsoft-windows-w..eservices.resources_31bf3856ad364e35_10.0.18362.1_en-us_abb5045a375e7d2c_wiaservc.dll.mui_54051b53,File024
amd64_microsoft-windows-w..gon-tools.resources_31bf3856ad364e35_10.0.18362.1_en-us_e80a008d0eec97c2_wlrmdr.exe.mui_ee563c83,E:\Windows\WinSxS\Backup\amd64_microsoft-windows-w..gon-tools.resources_31bf3856ad364e35_10.0.18362.1_en-us_e80a008d0eec97c2_wlrmdr.exe.mui_ee563c83,File005
amd64_microsoft-windows-w..r-webclnt.resources_31bf3856ad364e35_10.0.18362.1_en-us_11c8648a4dd6c568_webclnt.dll.mui_e8f04040,E:\Windows\WinSxS\Backup\amd64_microsoft-windows-w..r-webclnt.resources_31bf3856ad364e35_10.0.18362.1_en-us_11c8648a4dd6c568_webclnt.dll.mui_e8f04040,File027
amd64_microsoft-windows-rasbase.resources_31bf3856ad364e35_10.0.18362.1_en-us_3075014132d9cb8a_kmddsp.tsp.mui_80ddeedb,E:\Windows\WinSxS\Backup\amd64_microsoft-windows-rasbase.resources_31bf3856ad364e35_10.0.18362.1_en-us_3075014132d9cb8a_kmddsp.tsp.mui_80ddeedb,File005
amd64_microsoft-windows-rasserver.resources_31bf3856ad364e35_10.0.18362.1_en-us_4d9e84413973cab0_mprdim.dll.mui_11b5ef08,E:\Windows\WinSxS\Backup\amd64_microsoft-windows-rasserver.resources_31bf3856ad364e35_10.0.18362.1_en-us_4d9e84413973cab0_mprdim.dll.mui_11b5ef08,File024
amd64_microsoft-windows-s..-credprov.resources_31bf3856ad364e35_10.0.18362.1_en-us_dd7825b2c1cf8c0f_trustedsignalcredprov.dll.mui_5edc427b,E:\Windows\WinSxS\Backup\amd64_microsoft-windows-s..-credprov.resources_31bf3856ad364e35_10.0.18362.1_en-us_dd7825b2c1cf8c0f_trustedsignalcredprov.dll.mui_5edc427b,File027
amd64_microsoft-windows-wmi-core.resources_31bf3856ad364e35_10.0.18362.1_en-us_a724fe3644e12e0c_ncprov.dll.mui_40240de1,E:\Windows\WinSxS\Backup\amd64_microsoft-windows-wmi-core.resources_31bf3856ad364e35_10.0.18362.1_en-us_a724fe3644e12e0c_ncprov.dll.mui_40240de1,File005
amd64_microsoft-windows-wmi-core.resources_31bf3856ad364e35_10.0.18362.1_en-us_a724fe3644e12e0c_wmiapres.dll.mui_c1b8803f,E:\Windows\WinSxS\Backup\amd64_microsoft-windows-wmi-core.resources_31bf3856ad364e35_10.0.18362.1_en-us_a724fe3644e12e0c_wmiapres.dll.mui_c1b8803f,File024
amd64_microsoft-windows-wmi-core.resources_31bf3856ad364e35_10.0.18362.1_en-us_a724fe3644e12e0c_wmiapsrv.exe.mui_b1567840,E:\Windows\WinSxS\Backup\amd64_microsoft-windows-wmi-core.resources_31bf3856ad364e35_10.0.18362.1_en-us_a724fe3644e12e0c_wmiapsrv.exe.mui_b1567840,File024
amd64_microsoft-windows-wmpdui.resources_31bf3856ad364e35_10.0.18362.1_en-us_4bf9d7e89b05f5bf_wmpdui.dll.mui_92411657,E:\Windows\WinSxS\Backup\amd64_microsoft-windows-wmpdui.resources_31bf3856ad364e35_10.0.18362.1_en-us_4bf9d7e89b05f5bf_wmpdui.dll.mui_92411657,File027
amd64_microsoft-windows-s..geservice.resources_31bf3856ad364e35_10.0.18362.1_en-us_424354ee4d57e227_storsvc.dll.mui_2fc7b1d3,E:\Windows\WinSxS\Backup\amd64_microsoft-windows-s..geservice.resources_31bf3856ad364e35_10.0.18362.1_en-us_424354ee4d57e227_storsvc.dll.mui_2fc7b1d3,File027
amd64_microsoft-windows-tcpip.resources_31bf3856ad364e35_10.0.18362.1_en-us_9e9fe9544a5c6d7d_netiougc.exe.mui_ad7a9e4d,E:\Windows\WinSxS\Backup\amd64_microsoft-windows-tcpip.resources_31bf3856ad364e35_10.0.18362.1_en-us_9e9fe9544a5c6d7d_netiougc.exe.mui_ad7a9e4d,File005
amd64_microsoft-windows-themeservice.resources_31bf3856ad364e35_10.0.18362.1_en-us_33c5bde86fe87c7f_themeservice.dll.mui_9e71f1ab,E:\Windows\WinSxS\Backup\amd64_microsoft-windows-themeservice.resources_31bf3856ad364e35_10.0.18362.1_en-us_33c5bde86fe87c7f_themeservice.dll.mui_9e71f1ab,File005
amd64_microsoft-windows-u..istration.resources_31bf3856ad364e35_10.0.18362.356_en-us_b9904dfa0c7d2bf4_dsregtask.dll.mui_5e1b9353,E:\Windows\WinSxS\Backup\amd64_microsoft-windows-u..istration.resources_31bf3856ad364e35_10.0.18362.356_en-us_b9904dfa0c7d2bf4_dsregtask.dll.mui_5e1b9353,File024
amd64_microsoft-windows-u..istration.resources_31bf3856ad364e35_10.0.18362.356_en-us_b9904dfa0c7d2bf4_userdeviceregistration.dll.mui_22ab8f29,E:\Windows\WinSxS\Backup\amd64_microsoft-windows-u..istration.resources_31bf3856ad364e35_10.0.18362.356_en-us_b9904dfa0c7d2bf4_userdeviceregistration.dll.mui_22ab8f29,File024
amd64_microsoft-windows-u..istration.resources_31bf3856ad364e35_10.0.18362.356_en-us_b9904dfa0c7d2bf4_userdeviceregistration.ngc.dll.mui_d2c6ca95,E:\Windows\WinSxS\Backup\amd64_microsoft-windows-u..istration.resources_31bf3856ad364e35_10.0.18362.356_en-us_b9904dfa0c7d2bf4_userdeviceregistration.ngc.dll.mui_d2c6ca95,File024
amd64_microsoft-windows-u..n-cmdline.resources_31bf3856ad364e35_10.0.18362.356_en-us_256b98e95f2a6813_dsregcmd.exe.mui_8ce2c638,E:\Windows\WinSxS\Backup\amd64_microsoft-windows-u..n-cmdline.resources_31bf3856ad364e35_10.0.18362.356_en-us_256b98e95f2a6813_dsregcmd.exe.mui_8ce2c638,File027
amd64_microsoft-windows-usermodensi.resources_31bf3856ad364e35_10.0.18362.1_en-us_0eae86245d0ba15d_nsisvc.dll.mui_237a741f,E:\Windows\WinSxS\Backup\amd64_microsoft-windows-usermodensi.resources_31bf3856ad364e35_10.0.18362.1_en-us_0eae86245d0ba15d_nsisvc.dll.mui_237a741f,File024
amd64_microsoft-windows-d..-usermode.resources_31bf3856ad364e35_10.0.18362.1_en-us_9941f690d4e3e355_wudfpf.sys.mui_f61e9e86,E:\Windows\WinSxS\Backup\amd64_microsoft-windows-d..-usermode.resources_31bf3856ad364e35_10.0.18362.1_en-us_9941f690d4e3e355_wudfpf.sys.mui_f61e9e86,File024
amd64_microsoft-windows-d..-usermode.resources_31bf3856ad364e35_10.0.18362.1_en-us_9941f690d4e3e355_wudfhost.exe.mui_1fc689ff,E:\Windows\WinSxS\Backup\amd64_microsoft-windows-d..-usermode.resources_31bf3856ad364e35_10.0.18362.1_en-us_9941f690d4e3e355_wudfhost.exe.mui_1fc689ff,File005
amd64_microsoft-windows-d..ient-core.resources_31bf3856ad364e35_10.0.18362.1_en-us_e9a076797e758d0c_dnsrslvr.dll.mui_1e1a1ed1,E:\Windows\WinSxS\Backup\amd64_microsoft-windows-d..ient-core.resources_31bf3856ad364e35_10.0.18362.1_en-us_e9a076797e758d0c_dnsrslvr.dll.mui_1e1a1ed1,File027
amd64_microsoft-windows-appid.resources_31bf3856ad364e35_10.0.18362.1_en-us_0887f8ff2a1333a9_appidsvc.dll.mui_6717e231,E:\Windows\WinSxS\Backup\amd64_microsoft-windows-appid.resources_31bf3856ad364e35_10.0.18362.1_en-us_0887f8ff2a1333a9_appidsvc.dll.mui_6717e231,File027
amd64_microsoft-windows-d..memanager.resources_31bf3856ad364e35_10.0.18362.1_en-us_76f0fc470523ce0f_volmgrx.sys.mui_b0c205d7,E:\Windows\WinSxS\Backup\amd64_microsoft-windows-d..memanager.resources_31bf3856ad364e35_10.0.18362.1_en-us_76f0fc470523ce0f_volmgrx.sys.mui_b0c205d7,File024
amd64_microsoft-windows-com-base.resources_31bf3856ad364e35_10.0.18362.1_en-us_8add2c1abae10d16_wintypes.dll.mui_36d5f25a,E:\Windows\WinSxS\Backup\amd64_microsoft-windows-com-base.resources_31bf3856ad364e35_10.0.18362.1_en-us_8add2c1abae10d16_wintypes.dll.mui_36d5f25a,File005
amd64_microsoft-windows-appidcore.resources_31bf3856ad364e35_10.0.18362.1_en-us_2bb63274c5de387a_applockercsp.dll.mui_d2a0df70,E:\Windows\WinSxS\Backup\amd64_microsoft-windows-appidcore.resources_31bf3856ad364e35_10.0.18362.1_en-us_2bb63274c5de387a_applockercsp.dll.mui_d2a0df70,File024
amd64_microsoft-windows-commonlog.resources_31bf3856ad364e35_10.0.18362.1_en-us_e4b62b2677b9ab5e_clfs.sys.mui_1310ba12,E:\Windows\WinSxS\Backup\amd64_microsoft-windows-commonlog.resources_31bf3856ad364e35_10.0.18362.1_en-us_e4b62b2677b9ab5e_clfs.sys.mui_1310ba12,File005
amd64_microsoft-windows-rasserver.resources_31bf3856ad364e35_10.0.18362.1_en-us_4d9e84413973cab0_iprtrmgr.dll.mui_eb023b92,E:\Windows\WinSxS\Backup\amd64_microsoft-windows-rasserver.resources_31bf3856ad364e35_10.0.18362.1_en-us_4d9e84413973cab0_iprtrmgr.dll.mui_eb023b92,File024
Microsoft.windowsauthenticationprotocols.commands.resources.dll,E:\Windows\WinSxS\msil_microsoft.windowsau...commands.resources_31bf3856ad364e35_10.0.18362.1_en-us_64a72e557ce76523\Microsoft.windowsauthenticationprotocols.commands.resources.dll,File160
txfw32.dll,E:\Windows\WinSxS\wow64_microsoft-windows-ntfstransactionapi_31bf3856ad364e35_10.0.18362.1_none_b58b025d72d3d6a0\txfw32.dll,File071
softpub.dll,E:\Windows\WinSxS\wow64_microsoft-windows-softpub-dll_31bf3856ad364e35_10.0.18362.1_none_c046218c30867583\softpub.dll,File001
Fondue.exe.mui,E:\Windows\WinSxS\wow64_microsoft-windows-o..es-fondue.resources_31bf3856ad364e35_10.0.18362.1_en-us_eed463dacb824605\Fondue.exe.mui,File027
ntlanman.dll.mui,E:\Windows\WinSxS\wow64_microsoft-windows-ntlanman.resources_31bf3856ad364e35_10.0.18362.1_en-us_1873a1a0f9f67781\ntlanman.dll.mui,File027
ShareHost.dll.mui,E:\Windows\WinSxS\wow64_microsoft-onecore-sharehost.resources_31bf3856ad364e35_10.0.18362.1_en-us_57cd084016b4140d\ShareHost.dll.mui,File027
ipmiprr.dll.mui,E:\Windows\WinSxS\wow64_microsoft-windows-ipmiprovider.resources_31bf3856ad364e35_10.0.18362.1_en-us_58c458f787db6ff4\ipmiprr.dll.mui,File160
termmgr.dll.mui,E:\Windows\WinSxS\wow64_microsoft-windows-t..almanager.resources_31bf3856ad364e35_10.0.18362.1_en-us_60e95b7b6be308d3\termmgr.dll.mui,File160
quickassist.exe.mui,E:\Windows\WinSxS\wow64_microsoft-windows-quickassist.resources_31bf3856ad364e35_10.0.18362.1_zh-tw_42823dfd5f9ba996\quickassist.exe.mui,File024
quickassist.exe.mui,E:\Windows\WinSxS\wow64_microsoft-windows-quickassist.resources_31bf3856ad364e35_10.0.18362.1_zh-cn_3e8600a7622acd26\quickassist.exe.mui,File024
SensorsCpl.dll,E:\Windows\WinSxS\wow64_microsoft-windows-mobilepc-sensors-cpl_31bf3856ad364e35_10.0.18362.1_none_df01588dc07f9624\SensorsCpl.dll,File005
CHxReadingStringIME.dll,E:\Windows\WinSxS\wow64_microsoft-windows-t..chxreadingstringime_31bf3856ad364e35_10.0.18362.1_none_ec676a18a28adfbe\CHxReadingStringIME.dll,File001
mmres.dll,E:\Windows\WinSxS\wow64_microsoft-windows-mmres_31bf3856ad364e35_10.0.18362.1_none_3b889bd0906b1a4d\mmres.dll,File027
quickassist.exe.mui,E:\Windows\WinSxS\wow64_microsoft-windows-quickassist.resources_31bf3856ad364e35_10.0.18362.1_sr-..-rs_6c7e3c9736d39af9\quickassist.exe.mui,File027
icmp.dll,E:\Windows\WinSxS\wow64_microsoft-windows-t..-platform-libraries_31bf3856ad364e35_10.0.18362.1_none_c72305334ce75bed\icmp.dll,File005
iologmsg.dll,E:\Windows\WinSxS\wow64_microsoft-windows-iologgingdll_31bf3856ad364e35_10.0.18362.1_none_9390207aae001a0c\iologmsg.dll,File005
RMActivate.exe.mui,E:\Windows\WinSxS\wow64_microsoft-windows-s..-whitebox.resources_31bf3856ad364e35_10.0.18362.1_en-us_16e7fba04c63f186\RMActivate.exe.mui,File005
quickassist.exe.mui,E:\Windows\WinSxS\wow64_microsoft-windows-quickassist.resources_31bf3856ad364e35_10.0.18362.1_pt-pt_e17d9c29e72c608f\quickassist.exe.mui,File027
quickassist.exe.mui,E:\Windows\WinSxS\wow64_microsoft-windows-quickassist.resources_31bf3856ad364e35_10.0.18362.1_ro-ro_25b86261cd932beb\quickassist.exe.mui,File027
CloudNotifications.exe.mui,E:\Windows\WinSxS\wow64_microsoft-windows-c..fications.resources_31bf3856ad364e35_10.0.18362.1_en-us_2f142560be2bf827\CloudNotifications.exe.mui,File024
ETWCoreUIComponentsResources.dll,E:\Windows\WinSxS\wow64_microsoft-windows-c..uicomponents-events_31bf3856ad364e35_10.0.18362.1_none_8c729d602037d908\ETWCoreUIComponentsResources.dll,File005
svchost.exe.mui,E:\Windows\WinSxS\wow64_microsoft-windows-s..s-svchost.resources_31bf3856ad364e35_10.0.18362.1_en-us_2dfb0b275912d44b\svchost.exe.mui,File005
TpmCertResources.dll,E:\Windows\WinSxS\wow64_microsoft-windows-tpm-coreprovisioning_31bf3856ad364e35_10.0.18362.329_none_97aaeeda3c33d65c\TpmCertResources.dll,File027
quickassist.exe.mui,E:\Windows\WinSxS\wow64_microsoft-windows-quickassist.resources_31bf3856ad364e35_10.0.18362.1_pt-br_e09bccbde7bcf0b3\quickassist.exe.mui,File027
themeui.dll.mui,E:\Windows\WinSxS\wow64_microsoft-windows-themeui.resources_31bf3856ad364e35_10.0.18362.1_en-us_7aa63f391f4837b5\themeui.dll.mui,File001
quickassist.exe.mui,E:\Windows\WinSxS\wow64_microsoft-windows-quickassist.resources_31bf3856ad364e35_10.0.18362.1_ru-ru_2820adedcc0deebb\quickassist.exe.mui,File027
FlightSettings.dll.mui,E:\Windows\WinSxS\wow64_microsoft-windows-f..-settings.resources_31bf3856ad364e35_10.0.18362.1_en-us_d1cb893fbdeba1d8\FlightSettings.dll.mui,File024
quickassist.exe.mui,E:\Windows\WinSxS\wow64_microsoft-windows-quickassist.resources_31bf3856ad364e35_10.0.18362.1_sl-si_c64dd452c1c1f3c8\quickassist.exe.mui,File027
quickassist.exe.mui,E:\Windows\WinSxS\wow64_microsoft-windows-quickassist.resources_31bf3856ad364e35_10.0.18362.1_sk-sk_c73bb29ac127e0e5\quickassist.exe.mui,File027
MigRegDB.exe.mui,E:\Windows\WinSxS\wow64_microsoft-windows-c..-migregdb.resources_31bf3856ad364e35_10.0.18362.1_en-us_9d643675d34e37c3\MigRegDB.exe.mui,File005
fixmapi.exe.mui,E:\Windows\WinSxS\wow64_microsoft-windows-mapi.resources_31bf3856ad364e35_10.0.18362.1_en-us_072d3a7f9bd15b19\fixmapi.exe.mui,File005
SetupCleanupTask.dll.mui,E:\Windows\WinSxS\wow64_microsoft-windows-s..anup-task.resources_31bf3856ad364e35_10.0.18362.1_en-us_3f1bbd9e8d70330c\SetupCleanupTask.dll.mui,File024
serwvdrv.dll.mui,E:\Windows\WinSxS\wow64_microsoft-windows-u..dem-voice.resources_31bf3856ad364e35_10.0.18362.1_en-us_caaabbf366493215\serwvdrv.dll.mui,File024
dsregtask.dll.mui,E:\Windows\WinSxS\wow64_microsoft-windows-u..istration.resources_31bf3856ad364e35_10.0.18362.356_en-us_c3e4f84c40ddedef\dsregtask.dll.mui,File024
windows.ui.xaml.dll.mui,E:\Windows\WinSxS\wow64_microsoft-windows-directui.resources_31bf3856ad364e35_10.0.18362.1_zh-cn_aa64f36b7e9ddeb5\windows.ui.xaml.dll.mui,File071
XAudio2_8.dll,E:\Windows\WinSxS\wow64_microsoft-windows-directx-xaudio2_8_31bf3856ad364e35_10.0.18362.1_none_2334580beec3fec2\XAudio2_8.dll,File024
msader15.dll,E:\Windows\WinSxS\wow64_microsoft-windows-m..ents-mdac-ado15-rll_31bf3856ad364e35_10.0.18362.1_none_ef1861581e422113\msader15.dll,File005
dot3gpclnt.dll.mui,E:\Windows\WinSxS\wow64_microsoft-windows-dot3gpclient.resources_31bf3856ad364e35_10.0.18362.1_en-us_f598d6635bdcfdb8\dot3gpclnt.dll.mui,File160
quickassist.exe.mui,E:\Windows\WinSxS\wow64_microsoft-windows-quickassist.resources_31bf3856ad364e35_10.0.18362.1_nb-no_99cc3c5a02e4e546\quickassist.exe.mui,File027
UserDeviceRegistration.Ngc.dll.mui,E:\Windows\WinSxS\wow64_microsoft-windows-u..istration.resources_31bf3856ad364e35_10.0.18362.356_en-us_c3e4f84c40ddedef\UserDeviceRegistration.Ngc.dll.mui,File024
MMCFxCommon.Resources.dll,E:\Windows\WinSxS\msil_mmcfxcommon.resources_31bf3856ad364e35_10.0.18362.1_en-us_c9542a012fd6af03\MMCFxCommon.Resources.dll,File160
APHostRes.dll.mui,E:\Windows\WinSxS\wow64_microsoft-windows-m..aphostres.resources_31bf3856ad364e35_10.0.18362.1_ja-jp_7f86d4c30b2d631a\APHostRes.dll.mui,File071
dmdskres.dll,E:\Windows\WinSxS\wow64_microsoft-windows-diskmanagement_31bf3856ad364e35_10.0.18362.1_none_de49d0052156703b\dmdskres.dll,File005
UserDeviceRegistration.dll.mui,E:\Windows\WinSxS\wow64_microsoft-windows-u..istration.resources_31bf3856ad364e35_10.0.18362.356_en-us_c3e4f84c40ddedef\UserDeviceRegistration.dll.mui,File024
APHostRes.dll.mui,E:\Windows\WinSxS\wow64_microsoft-windows-m..aphostres.resources_31bf3856ad364e35_10.0.18362.1_ko-kr_22f0b177fd9e2a30\APHostRes.dll.mui,File001
DMAppsRes.dll,E:\Windows\WinSxS\wow64_microsoft-windows-d..anagement-dmappsres_31bf3856ad364e35_10.0.18362.1_none_e2de4ab1c7ea3818\DMAppsRes.dll,File005
quickassist.exe.mui,E:\Windows\WinSxS\wow64_microsoft-windows-quickassist.resources_31bf3856ad364e35_10.0.18362.1_lv-lv_55d255aa1c65c617\quickassist.exe.mui,File027
uicom.dll.mui,E:\Windows\WinSxS\wow64_microsoft-windows-u..em-config.resources_31bf3856ad364e35_10.0.18362.1_en-us_6e73473b7c3e51b5\uicom.dll.mui,File005
windows.ui.xaml.dll.mui,E:\Windows\WinSxS\wow64_microsoft-windows-directui.resources_31bf3856ad364e35_10.0.18362.1_zh-tw_ae6130c17c0ebb25\windows.ui.xaml.dll.mui,File071
dmdskres2.dll,E:\Windows\WinSxS\wow64_microsoft-windows-diskmanagement_31bf3856ad364e35_10.0.18362.1_none_de49d0052156703b\dmdskres2.dll,File005
iissetup.exe.mui,E:\Windows\WinSxS\wow64_microsoft-windows-i..vercommon.resources_31bf3856ad364e35_10.0.18362.1_en-us_afdb7825a5c29ed7\iissetup.exe.mui,File027
ComputerDefaults.exe,E:\Windows\WinSxS\wow64_microsoft-windows-computerdefaults_31bf3856ad364e35_10.0.18362.267_none_668fabe18952651e\ComputerDefaults.exe,File213
Apphlpdm.dll.mui,E:\Windows\WinSxS\wow64_microsoft-windows-a..e-apphelp.resources_31bf3856ad364e35_10.0.18362.1_en-us_62d04db643742dc2\Apphlpdm.dll.mui,File160
MessagingDataModel2.dll.mui,E:\Windows\WinSxS\wow64_microsoft-windows-a..datamodel.resources_31bf3856ad364e35_10.0.18362.1_en-us_6d9f7c5cde619c2a\MessagingDataModel2.dll.mui,File005
hidphone.tsp.mui,E:\Windows\WinSxS\wow64_microsoft-windows-optionaltsps.resources_31bf3856ad364e35_10.0.18362.1_en-us_1f51743940fd35fa\hidphone.tsp.mui,File027
Microsoft.Windows.StartLayout.Commands.Resources.dll,E:\Windows\WinSxS\msil_microsoft.windows.s...commands.resources_31bf3856ad364e35_10.0.18362.1_en-us_a0dc21fcb0bc169e\Microsoft.Windows.StartLayout.Commands.Resources.dll,File160
wavemsp.dll.mui,E:\Windows\WinSxS\wow64_microsoft-windows-tapi3.resources_31bf3856ad364e35_10.0.18362.1_en-us_9a8ef2b9510cbdb9\wavemsp.dll.mui,File005
tsgqec.dll.mui,E:\Windows\WinSxS\wow64_microsoft-windows-t..tivexcore.resources_31bf3856ad364e35_10.0.18362.1_en-us_5073cb5f38178461\tsgqec.dll.mui,File024
appcmd.exe.mui,E:\Windows\WinSxS\wow64_microsoft-windows-i..vercommon.resources_31bf3856ad364e35_10.0.18362.1_en-us_afdb7825a5c29ed7\appcmd.exe.mui,File005
tzres.dll,E:\Windows\WinSxS\wow64_microsoft-windows-i..rnational-timezones_31bf3856ad364e35_10.0.18362.267_none_756060abcf9b0b4c\tzres.dll,File005
TabTip32.exe.mui,E:\Windows\WinSxS\wow64_microsoft-windows-t..nputpanel.resources_31bf3856ad364e35_10.0.18362.1_en-us_d9c713b14e7a41f8\TabTip32.exe.mui,File005
quickassist.exe.mui,E:\Windows\WinSxS\wow64_microsoft-windows-quickassist.resources_31bf3856ad364e35_10.0.18362.1_pl-pl_de47e219e9335ccf\quickassist.exe.mui,File027
tapiui.dll,E:\Windows\WinSxS\wow64_microsoft-windows-tapicore_31bf3856ad364e35_10.0.18362.1_none_c0ebf2d7f82fcb32\tapiui.dll,File005
dabapi.dll.mui,E:\Windows\WinSxS\wow64_microsoft-windows-s..brokerapi.resources_31bf3856ad364e35_10.0.18362.1_en-us_30f5cab3af928203\dabapi.dll.mui,File005
MsCtfMonitor.dll.mui,E:\Windows\WinSxS\wow64_microsoft-windows-t..tfmonitor.resources_31bf3856ad364e35_10.0.18362.1_en-us_ed9ac6a8a30e727d\MsCtfMonitor.dll.mui,File024
rtscom.dll.mui,E:\Windows\WinSxS\wow64_microsoft-windows-t..pulations.resources_31bf3856ad364e35_10.0.18362.1_en-us_0707ad5669a5fa3c\rtscom.dll.mui,File024
tapi3.dll.mui,E:\Windows\WinSxS\wow64_microsoft-windows-tapi3.resources_31bf3856ad364e35_10.0.18362.1_en-us_9a8ef2b9510cbdb9\tapi3.dll.mui,File071
UIManagerBrokerps.dll,E:\Windows\WinSxS\wow64_microsoft-windows-t..ork-uimanagerbroker_31bf3856ad364e35_10.0.18362.1_none_56c44c0d5c4c6a9b\UIManagerBrokerps.dll,File001
PhoneUtilRes.dll.mui,E:\Windows\WinSxS\wow64_microsoft-windows-t..phoneutil.resources_31bf3856ad364e35_10.0.18362.1_en-us_1431bde8632daf83\PhoneUtilRes.dll.mui,File160
Ninput.dll.mui,E:\Windows\WinSxS\wow64_microsoft-windows-t..ut-ninput.resources_31bf3856ad364e35_10.0.18362.1_en-us_fcd72ecb13ff84d9\Ninput.dll.mui,File024
g711codc.ax.mui,E:\Windows\WinSxS\wow64_microsoft-windows-tapi3.resources_31bf3856ad364e35_10.0.18362.1_en-us_9a8ef2b9510cbdb9\g711codc.ax.mui,File024
TipTsf.dll.mui,E:\Windows\WinSxS\wow64_microsoft-windows-t..tservices.resources_31bf3856ad364e35_10.0.18362.1_en-us_ee140d0af9d6454e\TipTsf.dll.mui,File027
telephon.cpl.mui,E:\Windows\WinSxS\wow64_microsoft-windows-tapicore.resources_31bf3856ad364e35_10.0.18362.1_en-us_d69a3d800da180f5\telephon.cpl.mui,File005
Windows.Networking.Sockets.PushEnabledApplication.dll.mui,E:\Windows\WinSxS\wow64_microsoft-windows-n..plication.resources_31bf3856ad364e35_10.0.18362.1_en-us_8f6aeb05d8fcdb3f\Windows.Networking.Sockets.PushEnabledApplication.dll.mui,File160
iislog.dll.mui,E:\Windows\WinSxS\wow64_microsoft-windows-i..gbinaries.resources_31bf3856ad364e35_10.0.18362.1_en-us_10400dbff1d0dd70\iislog.dll.mui,File024
quickassist.exe.mui,E:\Windows\WinSxS\wow64_microsoft-windows-quickassist.resources_31bf3856ad364e35_10.0.18362.1_tr-tr_6d28e2a9b1f2fb07\quickassist.exe.mui,File027
quickassist.exe.mui,E:\Windows\WinSxS\wow64_microsoft-windows-quickassist.resources_31bf3856ad364e35_10.0.18362.1_nl-nl_980b87980410ef1b\quickassist.exe.mui,File027
rasadhlp.dll,E:\Windows\WinSxS\wow64_microsoft-windows-rasautodial_31bf3856ad364e35_10.0.18362.1_none_ec8c190416ec503e\rasadhlp.dll,File101
RMActivate_isv.exe.mui,E:\Windows\WinSxS\wow64_microsoft-windows-s..tebox-isv.resources_31bf3856ad364e35_10.0.18362.1_en-us_9f00c88b265149d9\RMActivate_isv.exe.mui,File005
icsigd.dll.mui,E:\Windows\WinSxS\wow64_microsoft-windows-icsigd.resources_31bf3856ad364e35_10.0.18362.1_en-us_f135d40b879bf807\icsigd.dll.mui,File160
dot3api.dll.mui,E:\Windows\WinSxS\wow64_microsoft-windows-dot3svc.resources_31bf3856ad364e35_10.0.18362.1_en-us_e3cac467e94a852e\dot3api.dll.mui,File024
quickassist.exe.mui,E:\Windows\WinSxS\wow64_microsoft-windows-quickassist.resources_31bf3856ad364e35_10.0.18362.1_th-th_6925ba15b47bb657\quickassist.exe.mui,File027
quickassist.exe.mui,E:\Windows\WinSxS\wow64_microsoft-windows-quickassist.resources_31bf3856ad364e35_10.0.18362.1_uk-ua_0908c550a9242153\quickassist.exe.mui,File027
IconCodecService.dll,E:\Windows\WinSxS\wow64_microsoft-windows-iconcodecservice_31bf3856ad364e35_10.0.18362.1_none_03eabe1b3bad717d\IconCodecService.dll,File071
dot3dlg.dll.mui,E:\Windows\WinSxS\wow64_microsoft-windows-dot3ui.resources_31bf3856ad364e35_10.0.18362.1_en-us_36a454a3e677d2c2\dot3dlg.dll.mui,File005
TCPSVCS.EXE,E:\Windows\WinSxS\wow64_microsoft-windows-tcpip-utility_31bf3856ad364e35_10.0.18362.1_none_0f790df80077538e\TCPSVCS.EXE,File001
RMActivate_ssp_isv.exe.mui,E:\Windows\WinSxS\wow64_microsoft-windows-s..erbox-isv.resources_31bf3856ad364e35_10.0.18362.1_en-us_57a4db000d06b3dd\RMActivate_ssp_isv.exe.mui,File024
HOSTNAME.EXE,E:\Windows\WinSxS\wow64_microsoft-windows-tcpip-utility_31bf3856ad364e35_10.0.18362.1_none_0f790df80077538e\HOSTNAME.EXE,File071
Windows.ApplicationModel.Store.TestingFramework.dll.mui,E:\Windows\WinSxS\wow64_microsoft-windows-s..e-runtime.resources_31bf3856ad364e35_10.0.18362.1_en-us_275501b972c357fe\Windows.ApplicationModel.Store.TestingFramework.dll.mui,File024
PhoneutilRes.dll,E:\Windows\WinSxS\wow64_microsoft-windows-telephony-phoneutil_31bf3856ad364e35_10.0.18362.1_none_bdd858c893f5e238\PhoneutilRes.dll,File005
tapi32.dll.mui,E:\Windows\WinSxS\wow64_microsoft-windows-tapi2xclient.resources_31bf3856ad364e35_10.0.18362.1_en-us_c5c0969ba717f333\tapi32.dll.mui,File005
quickassist.exe.mui,E:\Windows\WinSxS\wow64_microsoft-windows-quickassist.resources_31bf3856ad364e35_10.0.18362.1_sv-se_c41b9862c336f916\quickassist.exe.mui,File027
neth.dll,E:\Windows\WinSxS\wow64_microsoft-windows-net-command-line-tool_31bf3856ad364e35_10.0.18362.1_none_2ee46bce241040b6\neth.dll,File005
adsnt.dll.mui,E:\Windows\WinSxS\wow64_microsoft-windows-a..-provider.resources_31bf3856ad364e35_10.0.18362.1_en-us_d2995731ec06ccb6\adsnt.dll.mui,File005
Microsoft.AppV.AppVClientWmi.resources.dll,E:\Windows\WinSxS\wow64_microsoft-windows-a..mmability.resources_31bf3856ad364e35_10.0.18362.1_en-us_ca2d0c84abff12d9\Microsoft.AppV.AppVClientWmi.resources.dll,File160
nddeapi.dll,E:\Windows\WinSxS\wow64_microsoft-windows-nddeapi_31bf3856ad364e35_10.0.18362.1_none_16e55c78dcf8d2e2\nddeapi.dll,File001
adsldpc.dll.mui,E:\Windows\WinSxS\wow64_microsoft-windows-a..apc-layer.resources_31bf3856ad364e35_10.0.18362.1_en-us_a2a8b298f3960252\adsldpc.dll.mui,File024
dmcommandlineutils.dll,E:\Windows\WinSxS\wow64_microsoft-windows-d..-dmcommandlineutils_31bf3856ad364e35_10.0.18362.1_none_074a977d56c583f4\dmcommandlineutils.dll,File071
Microsoft.Windows.StartLayout.Commands.dll,E:\Windows\WinSxS\msil_microsoft.windows.startlayout.commands_31bf3856ad364e35_10.0.18362.1_none_a160dcda161b8fdb\Microsoft.Windows.StartLayout.Commands.dll,File042
csrss.exe.mui,E:\Windows\WinSxS\wow64_microsoft-windows-csrss.resources_31bf3856ad364e35_10.0.18362.1_en-us_b74325649309cfe0\csrss.exe.mui,File005
hh.exe.mui,E:\Windows\WinSxS\wow64_microsoft-windows-htmlhelp.resources_31bf3856ad364e35_10.0.18362.1_en-us_920060f532a10f84\hh.exe.mui,File005
comres.dll,E:\Windows\WinSxS\wow64_microsoft-windows-com-complus.res_31bf3856ad364e35_10.0.18362.1_none_0962f52597cb09fe\comres.dll,File005
quickassist.exe.mui,E:\Windows\WinSxS\wow64_microsoft-windows-quickassist.resources_31bf3856ad364e35_10.0.18362.1_ko-kr_b139bb252abfb98a\quickassist.exe.mui,File024
wmplayer.exe.mui,E:\Windows\WinSxS\wow64_microsoft-windows-m..ayer-core.resources_31bf3856ad364e35_10.0.18362.1_en-us_002ddd73933b1c87\wmplayer.exe.mui,File024
Microsoft.Windows.Diagnosis.Commands.WriteDiagProgress.resources.dll,E:\Windows\WinSxS\msil_microsoft.windows.d..gprogress.resources_31bf3856ad364e35_10.0.18362.1_en-us_1a2e821cd1089768\Microsoft.Windows.Diagnosis.Commands.WriteDiagProgress.resources.dll,File160
AccountsRT.dll.mui,E:\Windows\WinSxS\wow64_microsoft-windows-m..ccountsrt.resources_31bf3856ad364e35_10.0.18362.1_en-us_d33ca50ff0508715\AccountsRT.dll.mui,File024
Microsoft.KeyDistributionService.Cmdlets.Resources.dll,E:\Windows\WinSxS\msil_microsoft.keydistri..e.cmdlets.resources_31bf3856ad364e35_10.0.18362.1_en-us_410b611ace09d481\Microsoft.KeyDistributionService.Cmdlets.Resources.dll,File160
StorageContextHandler.dll.mui,E:\Windows\WinSxS\wow64_microsoft-windows-d..xthandler.resources_31bf3856ad364e35_10.0.18362.1_en-us_26c8800e3c914876\StorageContextHandler.dll.mui,File024
pwrshmsg.dll,E:\Windows\WinSxS\wow64_microsoft-windows-powershell-message_31bf3856ad364e35_10.0.18362.1_none_09f71253e9fe14e8\pwrshmsg.dll,File005
infocomm.dll.mui,E:\Windows\WinSxS\wow64_microsoft-windows-iis-metabase.resources_31bf3856ad364e35_10.0.18362.1_en-us_655ed788dcf0eed6\infocomm.dll.mui,File005
ipmiprr.dll,E:\Windows\WinSxS\wow64_microsoft-windows-ipmiprovider_31bf3856ad364e35_10.0.18362.1_none_fbebc4a743035c85\ipmiprr.dll,File027
dllhost.exe,E:\Windows\WinSxS\wow64_microsoft-windows-com-surrogate-core_31bf3856ad364e35_10.0.18362.1_none_119caa52883142c3\dllhost.exe,File173
dllhst3g.exe,E:\Windows\WinSxS\wow64_microsoft-windows-com-surrogate_31bf3856ad364e35_10.0.18362.1_none_20d60903a51b3251\dllhst3g.exe,File001
imageres.dll,E:\Windows\WinSxS\wow64_microsoft-windows-imageres_31bf3856ad364e35_10.0.18362.1_none_b96fbd80a97f3712\imageres.dll,File005
quickassist.exe.mui,E:\Windows\WinSxS\wow64_microsoft-windows-quickassist.resources_31bf3856ad364e35_10.0.18362.1_de-de_360ec0408c2ae74f\quickassist.exe.mui,File160
quickassist.exe.mui,E:\Windows\WinSxS\wow64_microsoft-windows-quickassist.resources_31bf3856ad364e35_10.0.18362.1_cs-cz_9ba94add940e96b6\quickassist.exe.mui,File027
imagesp1.dll,E:\Windows\WinSxS\wow64_microsoft-windows-imagesp1_31bf3856ad364e35_10.0.18362.1_none_c11a108aa4454e5e\imagesp1.dll,File005
sppcomapi.dll.mui,E:\Windows\WinSxS\wow64_microsoft-windows-s..ty-spp-ux.resources_31bf3856ad364e35_10.0.18362.1_en-us_d5980b8bad1ba002\sppcomapi.dll.mui,File160
iscomlog.dll.mui,E:\Windows\WinSxS\wow64_microsoft-windows-iis-metabase.resources_31bf3856ad364e35_10.0.18362.1_en-us_655ed788dcf0eed6\iscomlog.dll.mui,File027
XInput1_4.dll.mui,E:\Windows\WinSxS\wow64_microsoft-windows-d..xinput1_4.resources_31bf3856ad364e35_10.0.18362.1_en-us_e1b5d4fa510c363e\XInput1_4.dll.mui,File005
Microsoft.Windows.Diagnosis.Commands.UpdateDiagReport.dll,E:\Windows\WinSxS\msil_microsoft.windows.d..ds.updatediagreport_31bf3856ad364e35_10.0.18362.1_none_2b956d7e08120998\Microsoft.Windows.Diagnosis.Commands.UpdateDiagReport.dll,File001
AppHostNavigators.dll.mui,E:\Windows\WinSxS\wow64_microsoft-windows-i..lprovider.resources_31bf3856ad364e35_10.0.18362.1_en-us_6d6d222937238302\AppHostNavigators.dll.mui,File024
XPath.dll.mui,E:\Windows\WinSxS\wow64_microsoft-windows-i..lprovider.resources_31bf3856ad364e35_10.0.18362.1_en-us_6d6d222937238302\XPath.dll.mui,File027
Microsoft.Windows.Diagnosis.SDHost.resources.dll,E:\Windows\WinSxS\msil_microsoft.windows.d..is.sdhost.resources_31bf3856ad364e35_10.0.18362.1_en-us_caf2c50a2bef49f6\Microsoft.Windows.Diagnosis.SDHost.resources.dll,File160
DavSyncProvider.dll.mui,E:\Windows\WinSxS\wow64_microsoft-windows-m..cprovider.resources_31bf3856ad364e35_10.0.18362.1_en-us_a57ef2457744ff16\DavSyncProvider.dll.mui,File071
infoctrs.dll.mui,E:\Windows\WinSxS\wow64_microsoft-windows-iis-metabase.resources_31bf3856ad364e35_10.0.18362.1_en-us_655ed788dcf0eed6\infoctrs.dll.mui,File027
quickassist.exe.mui,E:\Windows\WinSxS\wow64_microsoft-windows-quickassist.resources_31bf3856ad364e35_10.0.18362.1_da-dk_38e32b048a5492b5\quickassist.exe.mui,File027
iertutil.dll.mui,E:\Windows\WinSxS\wow64_microsoft-windows-i..utilities.resources_31bf3856ad364e35_11.0.18362.1_en-us_db457801dc5f5698\iertutil.dll.mui,File024
Microsoft.Windows.Diagnosis.Commands.UpdateDiagReport.resources.dll,E:\Windows\WinSxS\msil_microsoft.windows.d..iagreport.resources_31bf3856ad364e35_10.0.18362.1_en-us_59658b66bade6c43\Microsoft.Windows.Diagnosis.Commands.UpdateDiagReport.resources.dll,File160
Microsoft.Windows.Diagnosis.Commands.GetDiagInput.resources.dll,E:\Windows\WinSxS\msil_microsoft.windows.d..diaginput.resources_31bf3856ad364e35_10.0.18362.1_en-us_a0852430b0b11fc4\Microsoft.Windows.Diagnosis.Commands.GetDiagInput.resources.dll,File160
dciman32.dll,E:\Windows\WinSxS\wow64_microsoft-windows-gdi_31bf3856ad364e35_10.0.18362.356_none_09f5f43620881f94\dciman32.dll,File071
msdaprsr.dll,E:\Windows\WinSxS\wow64_microsoft-windows-m..dac-rds-persist-rll_31bf3856ad364e35_10.0.18362.1_none_716d4a11d8e2323d\msdaprsr.dll,File005
scrnsave.scr.mui,E:\Windows\WinSxS\wow64_microsoft-windows-scrnsave.resources_31bf3856ad364e35_10.0.18362.1_en-us_25c9cecd99163a83\scrnsave.scr.mui,File024
quickassist.exe.mui,E:\Windows\WinSxS\wow64_microsoft-windows-quickassist.resources_31bf3856ad364e35_10.0.18362.1_fi-fi_7de5f7ca7049d6e3\quickassist.exe.mui,File027
cmlua.dll.mui,E:\Windows\WinSxS\wow64_microsoft-windows-r..onmanager.resources_31bf3856ad364e35_10.0.18362.1_en-us_0acefebcb4bf5fa7\cmlua.dll.mui,File005
quickassist.exe.mui,E:\Windows\WinSxS\wow64_microsoft-windows-quickassist.resources_31bf3856ad364e35_10.0.18362.1_hr-hr_c7bec39e532468cf\quickassist.exe.mui,File027
windows.ui.xaml.dll.mui,E:\Windows\WinSxS\wow64_microsoft-windows-directui.resources_31bf3856ad364e35_10.0.18362.1_ko-kr_1d18ade94732cb19\windows.ui.xaml.dll.mui,File101
quickassist.exe.mui,E:\Windows\WinSxS\wow64_microsoft-windows-quickassist.resources_31bf3856ad364e35_10.0.18362.1_ja-jp_0dcfde70384ef274\quickassist.exe.mui,File024
cmcfg32.dll.mui,E:\Windows\WinSxS\wow64_microsoft-windows-r..onmanager.resources_31bf3856ad364e35_10.0.18362.1_en-us_0acefebcb4bf5fa7\cmcfg32.dll.mui,File027
quickassist.exe.mui,E:\Windows\WinSxS\wow64_microsoft-windows-quickassist.resources_31bf3856ad364e35_10.0.18362.1_fr-fr_8182691c6e01fb1b\quickassist.exe.mui,File027
Microsoft.BitLocker.Structures.dll,E:\Windows\WinSxS\wow64_microsoft-windows-s..tup-tool-powershell_31bf3856ad364e35_10.0.18362.1_none_22cfeda158d8b7b2\Microsoft.BitLocker.Structures.dll,File071
dmiso8601utils.dll,E:\Windows\WinSxS\wow64_microsoft-windows-d..ment-dmiso8601utils_31bf3856ad364e35_10.0.18362.1_none_497a8425ff2aa39f\dmiso8601utils.dll,File071
quickassist.exe.mui,E:\Windows\WinSxS\wow64_microsoft-windows-quickassist.resources_31bf3856ad364e35_10.0.18362.1_el-gr_dea4edd37b404fdd\quickassist.exe.mui,File027
rasplap.dll.mui,E:\Windows\WinSxS\wow64_microsoft-windows-rasplap-mui.resources_31bf3856ad364e35_10.0.18362.1_en-us_6d12fb8f94bea479\rasplap.dll.mui,File160
quickassist.exe.mui,E:\Windows\WinSxS\wow64_microsoft-windows-quickassist.resources_31bf3856ad364e35_10.0.18362.1_en-gb_d776db1b7fe03f4f\quickassist.exe.mui,File027
quickassist.exe.mui,E:\Windows\WinSxS\wow64_microsoft-windows-quickassist.resources_31bf3856ad364e35_10.0.18362.1_hu-hu_c8f2e9645261ca37\quickassist.exe.mui,File027
quickassist.exe.mui,E:\Windows\WinSxS\wow64_microsoft-windows-quickassist.resources_31bf3856ad364e35_10.0.18362.1_et-ee_d88abead7f35c148\quickassist.exe.mui,File027
DevDispItemProvider.dll.mui,E:\Windows\WinSxS\wow64_microsoft-windows-d..mprovider.resources_31bf3856ad364e35_10.0.18362.1_en-us_091317e391b0770f\DevDispItemProvider.dll.mui,File024
RemoveDeviceElevated.dll,E:\Windows\WinSxS\wow64_microsoft-windows-removedeviceelevated_31bf3856ad364e35_10.0.18362.1_none_912f91708a65537f\RemoveDeviceElevated.dll,File001
rtutils.dll.mui,E:\Windows\WinSxS\wow64_microsoft-windows-rasrtutils.resources_31bf3856ad364e35_10.0.18362.1_en-us_b9e7c7f5c46ef4bb\rtutils.dll.mui,File024
quickassist.exe.mui,E:\Windows\WinSxS\wow64_microsoft-windows-quickassist.resources_31bf3856ad364e35_10.0.18362.1_lt-lt_5504e7261ce78527\quickassist.exe.mui,File027
iyuv_32.dll.mui,E:\Windows\WinSxS\wow64_microsoft-windows-d..onverters.resources_31bf3856ad364e35_10.0.18362.1_en-us_c4fb3f65a6775473\iyuv_32.dll.mui,File027
quickassist.exe.mui,E:\Windows\WinSxS\wow64_microsoft-windows-quickassist.resources_31bf3856ad364e35_10.0.18362.1_en-us_deff96397b08f314\quickassist.exe.mui,File027
quickassist.exe.mui,E:\Windows\WinSxS\wow64_microsoft-windows-quickassist.resources_31bf3856ad364e35_10.0.18362.1_it-it_6baa5f634533e099\quickassist.exe.mui,File027
quickassist.exe.mui,E:\Windows\WinSxS\wow64_microsoft-windows-quickassist.resources_31bf3856ad364e35_10.0.18362.1_fr-ca_79f8b36672da6141\quickassist.exe.mui,File027
secinit.exe.mui,E:\Windows\WinSxS\wow64_microsoft-windows-secinit.resources_31bf3856ad364e35_10.0.18362.1_en-us_597d0f39473662a5\secinit.exe.mui,File005
cmdl32.exe.mui,E:\Windows\WinSxS\wow64_microsoft-windows-r..onmanager.resources_31bf3856ad364e35_10.0.18362.1_en-us_0acefebcb4bf5fa7\cmdl32.exe.mui,File024
quickassist.exe.mui,E:\Windows\WinSxS\wow64_microsoft-windows-quickassist.resources_31bf3856ad364e35_10.0.18362.1_es-mx_e101e0c379c3c864\quickassist.exe.mui,File027
quickassist.exe.mui,E:\Windows\WinSxS\wow64_microsoft-windows-quickassist.resources_31bf3856ad364e35_10.0.18362.1_he-il_c5a210be5470fc09\quickassist.exe.mui,File027
GameBarPresenceWriter.proxy.dll,E:\Windows\WinSxS\wow64_microsoft-gaming-ga..rnal-presencewriter_31bf3856ad364e35_10.0.18362.1_none_ded8e89ca37096ad\GameBarPresenceWriter.proxy.dll,File001
quickassist.exe.mui,E:\Windows\WinSxS\wow64_microsoft-windows-quickassist.resources_31bf3856ad364e35_10.0.18362.1_es-es_decaf31d7b2fe4b9\quickassist.exe.mui,File027
DevicePairingProxy.dll.mui,E:\Windows\WinSxS\wow64_devicepairingproxy.resources_31bf3856ad364e35_10.0.18362.1_en-us_5d8959e1c731687d\DevicePairingProxy.dll.mui,File005
miguiresource.dll.mui,E:\Windows\WinSxS\wow64_eventviewersettings.resources_31bf3856ad364e35_10.0.18362.1_en-us_73e40cc5457d9046\miguiresource.dll.mui,File024
Microsoft.Uev.AppAgent.dll.mui,E:\Windows\WinSxS\wow64_microsoft-windows-a..nt-uevwow.resources_31bf3856ad364e35_10.0.18362.1_en-us_1895d960527c97a0\Microsoft.Uev.AppAgent.dll.mui,File160
ShMig.dll.mui,E:\Windows\WinSxS\wow64_microsoft-windows-shmig.resources_31bf3856ad364e35_10.0.18362.1_en-us_5c8e9cb6b91a72c0\ShMig.dll.mui,File160
pnrpnsp.dll.mui,E:\Windows\WinSxS\wow64_microsoft-windows-p..opeerpnrp.resources_31bf3856ad364e35_10.0.18362.1_en-us_77ad626a51d6c99b\pnrpnsp.dll.mui,File005
osbaseln.dll.mui,E:\Windows\WinSxS\wow64_microsoft-windows-s..ortingapi.resources_31bf3856ad364e35_10.0.18362.1_en-us_358bc67270ec70db\osbaseln.dll.mui,File024
dot3msm.dll.mui,E:\Windows\WinSxS\wow64_microsoft-windows-dot3svc.resources_31bf3856ad364e35_10.0.18362.1_en-us_e3cac467e94a852e\dot3msm.dll.mui,File024
DeviceDisplayStatusManager.dll.mui,E:\Windows\WinSxS\wow64_microsoft-windows-d..usmanager.resources_31bf3856ad364e35_10.0.18362.1_en-us_528c58ef7357c70d\DeviceDisplayStatusManager.dll.mui,File005
mprext.dll,E:\Windows\WinSxS\wow64_microsoft-windows-mpr-extension_31bf3856ad364e35_10.0.18362.1_none_79791bf4a68a83ee\mprext.dll,File101
netmsg.dll,E:\Windows\WinSxS\wow64_microsoft-windows-basic-misc-tools_31bf3856ad364e35_10.0.18362.1_none_f40ed1be7104c052\netmsg.dll,File005
Microsoft.Windows.Diagnosis.Commands.UpdateDiagRootcause.resources.dll,E:\Windows\WinSxS\msil_microsoft.windows.d..rootcause.resources_31bf3856ad364e35_10.0.18362.1_en-us_d1e2d8cba7f0dd4c\Microsoft.Windows.Diagnosis.Commands.UpdateDiagRootcause.resources.dll,File160
gpapi.dll.mui,E:\Windows\WinSxS\wow64_microsoft-windows-g..licy-base.resources_31bf3856ad364e35_10.0.18362.1_en-us_9de6b5e9227f608d\gpapi.dll.mui,File160
Microsoft.Windows.Diagnosis.Commands.WriteDiagTelemetry.resources.dll,E:\Windows\WinSxS\msil_microsoft.windows.d..telemetry.resources_31bf3856ad364e35_10.0.18362.1_en-us_c17b0eeb92ef0c58\Microsoft.Windows.Diagnosis.Commands.WriteDiagTelemetry.resources.dll,File160
comrepl.exe.mui,E:\Windows\WinSxS\wow64_microsoft-windows-c..n-comrepl.resources_31bf3856ad364e35_10.0.18362.1_en-us_571f9d758be5e6d8\comrepl.exe.mui,File005
DeviceSetupStatusProvider.dll.mui,E:\Windows\WinSxS\wow64_microsoft-windows-d..sprovider.resources_31bf3856ad364e35_10.0.18362.1_en-us_90233a7d4285d39e\DeviceSetupStatusProvider.dll.mui,File160
msoert2.dll.mui,E:\Windows\WinSxS\wow64_microsoft-windows-m..-comm-dll.resources_31bf3856ad364e35_10.0.18362.1_en-us_9a6204b4d3a46073\msoert2.dll.mui,File027
browseui.dll,E:\Windows\WinSxS\wow64_microsoft-windows-browseui_31bf3856ad364e35_10.0.18362.1_none_0d94fc0097eefdf7\browseui.dll,File071
Microsoft.ApplicationId.Framework.Resources.dll,E:\Windows\WinSxS\msil_microsoft.applicati..framework.resources_31bf3856ad364e35_10.0.18362.1_en-us_a493ba13bd6e0768\Microsoft.ApplicationId.Framework.Resources.dll,File101
lz32.dll,E:\Windows\WinSxS\wow64_microsoft-windows-lz32_31bf3856ad364e35_10.0.18362.1_none_6f419788db023270\lz32.dll,File005
moricons.dll,E:\Windows\WinSxS\wow64_microsoft-windows-moricons_31bf3856ad364e35_10.0.18362.1_none_c1cd02c7963a2089\moricons.dll,File005
wscproxystub.dll,E:\Windows\WinSxS\wow64_microsoft-windows-securitycenter-core_31bf3856ad364e35_10.0.18362.1_none_f6f2780063b2071c\wscproxystub.dll,File101
Windows.System.Profile.HardwareId.dll.mui,E:\Windows\WinSxS\wow64_microsoft-windows-r..ardwareid.resources_31bf3856ad364e35_10.0.18362.1_en-us_70c21968561bf63c\Windows.System.Profile.HardwareId.dll.mui,File024
hlink.dll.mui,E:\Windows\WinSxS\wow64_microsoft-windows-hlink.resources_31bf3856ad364e35_10.0.18362.1_en-us_a7ae12399f1eae6a\hlink.dll.mui,File024
lpk.dll,E:\Windows\WinSxS\wow64_microsoft-windows-gdi_31bf3856ad364e35_10.0.18362.356_none_09f5f43620881f94\lpk.dll,File005
iismui.dll.mui,E:\Windows\WinSxS\wow64_microsoft-windows-i..acysnapin.resources_31bf3856ad364e35_10.0.18362.1_en-us_94317c86442a39a0\iismui.dll.mui,File005
NdisImPlatform.sys.mui,E:\Windows\WinSxS\wow64_microsoft-windows-n..mplatform.resources_31bf3856ad364e35_10.0.18362.1_en-us_7965b05392e32758\NdisImPlatform.sys.mui,File071
MigRegDB.exe,E:\Windows\WinSxS\wow64_microsoft-windows-c..plus-setup-migregdb_31bf3856ad364e35_10.0.18362.1_none_0a02bbb11549e424\MigRegDB.exe,File042
RdpSaPs.dll,E:\Windows\WinSxS\wow64_microsoft-windows-t..s-sessionagentproxy_31bf3856ad364e35_10.0.18362.1_none_ee19c3fb2bb1972b\RdpSaPs.dll,File071
Wisp.dll.mui,E:\Windows\WinSxS\wow64_microsoft-windows-t..nput-wisp.resources_31bf3856ad364e35_10.0.18362.1_en-us_4d8c2754b88cbfb0\Wisp.dll.mui,File024
RpcNs4.dll.mui,E:\Windows\WinSxS\wow64_microsoft-windows-rpc-ns.resources_31bf3856ad364e35_10.0.18362.1_en-us_50a0f7374a9f8287\RpcNs4.dll.mui,File160
sfc.dll,E:\Windows\WinSxS\wow64_microsoft-windows-sfc_31bf3856ad364e35_10.0.18362.1_none_83e7dd9a0dcad653\sfc.dll,File005
NetworkItemFactory.dll.mui,E:\Windows\WinSxS\wow64_microsoft-windows-n..kexplorer.resources_31bf3856ad364e35_10.0.18362.1_en-us_64851cfcd954d07b\NetworkItemFactory.dll.mui,File005
SensApi.dll,E:\Windows\WinSxS\wow64_microsoft-windows-sens-client_31bf3856ad364e35_10.0.18362.1_none_ddf4c9146eba6d00\SensApi.dll,File042
TapiUnattend.exe,E:\Windows\WinSxS\wow64_microsoft-windows-tapisetup_31bf3856ad364e35_10.0.18362.1_none_46a545114cc336bc\TapiUnattend.exe,File101
cfmifsproxy.dll,E:\Windows\WinSxS\wow64_microsoft-windows-cfmifs_31bf3856ad364e35_10.0.18362.1_none_ccd2ef5c0a9e298d\cfmifsproxy.dll,File042
ieui.dll.mui,E:\Windows\WinSxS\wow64_microsoft-windows-i..i-windows.resources_31bf3856ad364e35_10.0.18362.1_en-us_08219494c277c1b9\ieui.dll.mui,File027
vdswmi.dll.mui,E:\Windows\WinSxS\wow64_microsoft-windows-s..iprovider.resources_31bf3856ad364e35_10.0.18362.1_en-us_b33db5864fa7ca7b\vdswmi.dll.mui,File024
rpchttp.dll.mui,E:\Windows\WinSxS\wow64_microsoft-windows-rpc-http.resources_31bf3856ad364e35_10.0.18362.1_en-us_2fcfa6f7d18dd3c4\rpchttp.dll.mui,File027
rdvvmtransport.dll,E:\Windows\WinSxS\wow64_microsoft-windows-t..s-sessionenvservice_31bf3856ad364e35_10.0.18362.1_none_bb906fdb99403998\rdvvmtransport.dll,File213
RemoveDeviceElevated.dll.mui,E:\Windows\WinSxS\wow64_microsoft-windows-r..eelevated.resources_31bf3856ad364e35_10.0.18362.1_en-us_6e73fbca888936a0\RemoveDeviceElevated.dll.mui,File005
listsvc.dll.mui,E:\Windows\WinSxS\wow64_microsoft-windows-h..p-listsvc.resources_31bf3856ad364e35_10.0.18362.1_en-us_3d603846c1ad63b5\listsvc.dll.mui,File160
inetmgr6.exe.mui,E:\Windows\WinSxS\wow64_microsoft-windows-i..acysnapin.resources_31bf3856ad364e35_10.0.18362.1_en-us_94317c86442a39a0\inetmgr6.exe.mui,File024
imapi.dll.mui,E:\Windows\WinSxS\wow64_microsoft-windows-i..egacyshim.resources_31bf3856ad364e35_10.0.18362.1_en-us_002649c7caabb4f3\imapi.dll.mui,File024
d3d8thk.dll,E:\Windows\WinSxS\wow64_microsoft-windows-directx-direct3d9_31bf3856ad364e35_10.0.18362.329_none_2293b90526acf073\d3d8thk.dll,File101
wmerror.dll,E:\Windows\WinSxS\wow64_microsoft-windows-mediaplayer-wmerror_31bf3856ad364e35_10.0.18362.1_none_14070d3b688f9e6d\wmerror.dll,File005
asferror.dll,E:\Windows\WinSxS\wow64_microsoft-windows-mediaplayer-wmasf_31bf3856ad364e35_10.0.18362.1_none_84680aedf2013e27\asferror.dll,File005
wmploc.DLL,E:\Windows\WinSxS\wow64_microsoft-windows-mediaplayer-core_31bf3856ad364e35_10.0.18362.1_none_e81bdd6d00b2ea70\wmploc.DLL,File005
padrs404.dll,E:\Windows\WinSxS\wow64_microsoft-windows-d..ime-eashared-imepad_31bf3856ad364e35_10.0.18362.1_none_173e5c7850ca329f\padrs404.dll,File101
Dsui.dll.mui,E:\Windows\WinSxS\wow64_microsoft-windows-d..cesetupui.resources_31bf3856ad364e35_10.0.18362.1_en-us_48f94d6ec505ba7f\Dsui.dll.mui,File027
ieunatt.exe.mui,E:\Windows\WinSxS\wow64_microsoft-windows-i..texplorer.resources_31bf3856ad364e35_11.0.18362.1_en-us_4e30083c71387516\ieunatt.exe.mui,File005
InfDefaultInstall.exe,E:\Windows\WinSxS\wow64_microsoft-windows-infdefaultinstall_31bf3856ad364e35_10.0.18362.1_none_49469e0d4da89ad4\InfDefaultInstall.exe,File071
WSClient.dll,E:\Windows\WinSxS\wow64_microsoft-windows-store-licensing-client_31bf3856ad364e35_10.0.18362.1_none_e3c1e8fdbaa553af\WSClient.dll,File071
ncpa.cpl.mui,E:\Windows\WinSxS\wow64_microsoft-windows-netshell-mui.resources_31bf3856ad364e35_10.0.18362.1_en-us_2bab92ebec1453dd\ncpa.cpl.mui,File005
srloc.dll.mui,E:\Windows\WinSxS\wow64_microsoft-windows-speechengine.resources_31bf3856ad364e35_10.0.18362.1_en-us_f588348787cd4fe2\srloc.dll.mui,File160
SyncHostps.dll,E:\Windows\WinSxS\wow64_microsoft-windows-synchost_31bf3856ad364e35_10.0.18362.1_none_46332766ae2b97be\SyncHostps.dll,File001
sberes.dll,E:\Windows\WinSxS\wow64_microsoft-windows-streambufferengineres_31bf3856ad364e35_10.0.18362.1_none_c8626941c4ddf023\sberes.dll,File213
quickassist.exe.mui,E:\Windows\WinSxS\wow64_microsoft-windows-quickassist.resources_31bf3856ad364e35_10.0.18362.1_bg-bg_f09fd442a686ba8b\quickassist.exe.mui,File027
wfplwfs.sys.mui,E:\Windows\WinSxS\wow64_microsoft-windows-n..-security.resources_31bf3856ad364e35_10.0.18362.1_en-us_2ae7e42ef62cb827\wfplwfs.sys.mui,File027
Microsoft.PowerShell.Commands.Diagnostics.resources.dll,E:\Windows\WinSxS\msil_microsoft.powershel..agnostics.resources_31bf3856ad364e35_1.0.0.0_en-us_4fbc6afe3364b99c\Microsoft.PowerShell.Commands.Diagnostics.resources.dll,File001
SysprepProvider.dll.mui,E:\Windows\WinSxS\wow64_microsoft-windows-d..s-sysprep.resources_31bf3856ad364e35_10.0.18362.1_en-us_7a4418e284bac230\SysprepProvider.dll.mui,File024
qedwipes.dll,E:\Windows\WinSxS\wow64_microsoft-windows-qedwipes_31bf3856ad364e35_10.0.18362.1_none_343172fd5be43417\qedwipes.dll,File005
pots.dll.mui,E:\Windows\WinSxS\wow64_microsoft-windows-p..leshooter.resources_31bf3856ad364e35_10.0.18362.1_en-us_61a3ce6771c4afb8\pots.dll.mui,File027
Microsoft.PowerShell.Utility.Activities.Resources.dll,E:\Windows\WinSxS\msil_microsoft.powershel..ctivities.resources_31bf3856ad364e35_10.0.18362.1_en-us_ba6ba396426d7df3\Microsoft.PowerShell.Utility.Activities.Resources.dll,File160
enterpriseresourcemanager.dll,E:\Windows\WinSxS\wow64_microsoft-windows-d..riseresourcemanager_31bf3856ad364e35_10.0.18362.1_none_0c8849a040e14e63\enterpriseresourcemanager.dll,File213
gptext.dll.mui,E:\Windows\WinSxS\wow64_microsoft-windows-g..cy-gptext.resources_31bf3856ad364e35_10.0.18362.1_en-us_9f408ea632e758f6\gptext.dll.mui,File024
Microsoft.PowerShell.Commands.Diagnostics.resources.dll,E:\Windows\WinSxS\msil_microsoft.powershel..agnostics.resources_31bf3856ad364e35_10.0.18362.1_en-us_26946b7a384c0982\Microsoft.PowerShell.Commands.Diagnostics.resources.dll,File071
gpscript.dll.mui,E:\Windows\WinSxS\wow64_microsoft-windows-g..cy-script.resources_31bf3856ad364e35_10.0.18362.1_en-us_167de7e539ab6033\gpscript.dll.mui,File024
WpPortingLibrary.dll,E:\Windows\WinSxS\wow64_microsoft-windows-e..el-wpportinglibrary_31bf3856ad364e35_10.0.18362.1_none_9e624d968679a209\WpPortingLibrary.dll,File071
msxml3r.dll,E:\Windows\WinSxS\wow64_microsoft-windows-msxml30_31bf3856ad364e35_10.0.18362.239_none_e8a9bb285cc4fb80\msxml3r.dll,File005
adsmsext.dll.mui,E:\Windows\WinSxS\wow64_microsoft-windows-a..xtensions.resources_31bf3856ad364e35_10.0.18362.1_en-us_3f85b007db27a10a\adsmsext.dll.mui,File005
msxml6r.dll,E:\Windows\WinSxS\wow64_microsoft-windows-msxml60_31bf3856ad364e35_10.0.18362.295_none_e86496205cf98aad\msxml6r.dll,File005
apphelp.dll.mui,E:\Windows\WinSxS\wow64_microsoft-windows-a..structure.resources_31bf3856ad364e35_10.0.18362.1_en-us_d4da62f4483a0347\apphelp.dll.mui,File027
quickassist.exe.mui,E:\Windows\WinSxS\wow64_microsoft-windows-quickassist.resources_31bf3856ad364e35_10.0.18362.1_ar-sa_4a5ff2b9b6066934\quickassist.exe.mui,File027
advapi32res.dll,E:\Windows\WinSxS\wow64_microsoft-windows-advapi32res_31bf3856ad364e35_10.0.18362.1_none_ceadb144d23dc063\advapi32res.dll,File005
RemoveDeviceContextHandler.dll.mui,E:\Windows\WinSxS\wow64_microsoft-windows-d..xthandler.resources_31bf3856ad364e35_10.0.18362.1_en-us_3af7581a8164358d\RemoveDeviceContextHandler.dll.mui,File027
Microsoft.AppV.AppVClientWmi.resources.dll,E:\Windows\WinSxS\msil_microsoft.appv.appvclientwmi.resources_31bf3856ad364e35_10.0.18362.1_en-us_676f9eabfc0d0d45\Microsoft.AppV.AppVClientWmi.resources.dll,File160
msftedit.dll.mui,E:\Windows\WinSxS\wow64_microsoft-windows-msftedit.resources_31bf3856ad364e35_10.0.18362.1_en-us_b7924c692bf264b4\msftedit.dll.mui,File024
mscat32.dll,E:\Windows\WinSxS\wow64_microsoft-windows-mscat32-dll_31bf3856ad364e35_10.0.18362.1_none_5d962e44d11ea001\mscat32.dll,File071
FamilySafetyExt.dll,E:\Windows\WinSxS\wow64_microsoft-windows-a..ilysafety-extension_31bf3856ad364e35_10.0.18362.1_none_52d57ad5d944302a\FamilySafetyExt.dll,File071
frprov.dll,E:\Windows\WinSxS\wow64_microsoft-windows-fdeploy_31bf3856ad364e35_10.0.18362.1_none_bc67ac8b025785ba\frprov.dll,File213
iismui.dll,E:\Windows\WinSxS\wow64_microsoft-windows-iis-legacysnapin_31bf3856ad364e35_10.0.18362.1_none_5dd2ee55639f2ea5\iismui.dll,File005
fdBthProxy.dll,E:\Windows\WinSxS\wow64_microsoft-windows-fdbth_31bf3856ad364e35_10.0.18362.1_none_30044482e5a9d0b7\fdBthProxy.dll,File001
LockAppBroker.dll.mui,E:\Windows\WinSxS\wow64_microsoft-windows-l..ker-winrt.resources_31bf3856ad364e35_10.0.18362.1_en-us_dfbcd942b284a3e2\LockAppBroker.dll.mui,File027
lfsvc.dll.mui,E:\Windows\WinSxS\wow64_microsoft-windows-g..ce-modern.resources_31bf3856ad364e35_10.0.18362.1_en-us_242a61bb7d7bd734\lfsvc.dll.mui,File024
TtlsAuth.dll.mui,E:\Windows\WinSxS\wow64_microsoft-windows-eapttls.resources_31bf3856ad364e35_10.0.18362.356_en-us_5cda221c53b85644\TtlsAuth.dll.mui,File160
MCCSEngineShared.dll.mui,E:\Windows\WinSxS\wow64_microsoft-windows-m..ineshared.resources_31bf3856ad364e35_10.0.18362.1_en-us_c09ed5989f79180c\MCCSEngineShared.dll.mui,File024
padrs804.dll,E:\Windows\WinSxS\wow64_microsoft-windows-d..ime-eashared-imepad_31bf3856ad364e35_10.0.18362.1_none_173e5c7850ca329f\padrs804.dll,File101
mpvis.dll.mui,E:\Windows\WinSxS\wow64_microsoft-windows-m..layer-vis.resources_31bf3856ad364e35_10.0.18362.1_en-us_dcaeb253c63ceab0\mpvis.dll.mui,File024
SyncRes.dll,E:\Windows\WinSxS\wow64_microsoft-windows-mccs-syncres_31bf3856ad364e35_10.0.18362.1_none_58db3edc491ff0f3\SyncRes.dll,File005
IBSProvider.dll.mui,E:\Windows\WinSxS\wow64_microsoft-windows-d..iders-ibs.resources_31bf3856ad364e35_10.0.18362.1_en-us_e3d6fa9d6bf91e14\IBSProvider.dll.mui,File005
dxdiag.exe,E:\Windows\WinSxS\wow64_microsoft-windows-d..x-directxdiagnostic_31bf3856ad364e35_10.0.18362.329_none_8409e49223aab34a\dxdiag.exe,File148
powershell.exe.mui,E:\Windows\WinSxS\wow64_microsoft-windows-p..shell-mui.resources_31bf3856ad364e35_10.0.18362.1_en-us_1d9b7fd227c8d4df\powershell.exe.mui,File071
Microsoft.Security.ApplicationId.PolicyManagement.XmlHelper.dll,E:\Windows\WinSxS\msil_microsoft.security...anagement.xmlhelper_31bf3856ad364e35_10.0.18362.1_none_c7d2577adaee1c13\Microsoft.Security.ApplicationId.PolicyManagement.XmlHelper.dll,File101
MapControlStringsRes.dll,E:\Windows\WinSxS\wow64_microsoft-windows-mapcontrol_31bf3856ad364e35_10.0.18362.1_none_f0073643bc2c2eaa\MapControlStringsRes.dll,File005
mmcshext.dll.mui,E:\Windows\WinSxS\wow64_microsoft-windows-m..t-console.resources_31bf3856ad364e35_10.0.18362.1_en-us_41f542c5a56f8ccc\mmcshext.dll.mui,File005
browscap.dll.mui,E:\Windows\WinSxS\wow64_microsoft-windows-i..pbinaries.resources_31bf3856ad364e35_10.0.18362.1_en-us_5204a3b4380f7365\browscap.dll.mui,File024
cic.dll.mui,E:\Windows\WinSxS\wow64_microsoft-windows-m..t-console.resources_31bf3856ad364e35_10.0.18362.1_en-us_41f542c5a56f8ccc\cic.dll.mui,File005
msadcer.dll,E:\Windows\WinSxS\wow64_microsoft-windows-m..nts-mdac-rds-ce-rll_31bf3856ad364e35_10.0.18362.1_none_3e0baff8f3c9e7bf\msadcer.dll,File005
autoplay.dll.mui,E:\Windows\WinSxS\wow64_microsoft-windows-autoplay.resources_31bf3856ad364e35_10.0.18362.1_en-us_734ba1b8de13d6b3\autoplay.dll.mui,File160
Inetmgr.exe.mui,E:\Windows\WinSxS\wow64_microsoft-windows-i..ntconsole.resources_31bf3856ad364e35_10.0.18362.1_en-us_6c1fcb15d73d6f24\Inetmgr.exe.mui,File024
html.iec.mui,E:\Windows\WinSxS\wow64_microsoft-windows-i..r-enduser.resources_31bf3856ad364e35_10.0.18362.1_en-us_4b543fb2c0e77d79\html.iec.mui,File001
chcp.com,E:\Windows\WinSxS\wow64_microsoft-windows-m..ommandlineutilities_31bf3856ad364e35_10.0.18362.1_none_59cf07f518edc556\chcp.com,File101
AccountAccessor.dll.mui,E:\Windows\WinSxS\wow64_microsoft-windows-m..taccessor.resources_31bf3856ad364e35_10.0.18362.1_en-us_e1dcfc320df1de3d\AccountAccessor.dll.mui,File027
cmstplua.dll.mui,E:\Windows\WinSxS\wow64_microsoft-windows-r..onmanager.resources_31bf3856ad364e35_10.0.18362.1_en-us_0acefebcb4bf5fa7\cmstplua.dll.mui,File005
SxsMigPlugin.dll.mui,E:\Windows\WinSxS\x86_microsoft-windows-sxs.resources_31bf3856ad364e35_10.0.18362.1_en-us_6810026f4aa9413f\SxsMigPlugin.dll.mui,File005
wiadss.dll.mui,E:\Windows\WinSxS\x86_microsoft-windows-w..aincompat.resources_31bf3856ad364e35_10.0.18362.1_en-us_c81bdaa5cec6dfe3\wiadss.dll.mui,File024
FolderProvider.dll.mui,E:\Windows\WinSxS\x86_microsoft-windows-d..ment-core.resources_31bf3856ad364e35_10.0.18362.1_en-us_883087e28616e2cf\FolderProvider.dll.mui,File005
dplaysvr.exe.mui,E:\Windows\WinSxS\x86_microsoft-windows-d..4-payload.resources_31bf3856ad364e35_10.0.18362.1_en-us_555a90bd977f72e3\dplaysvr.exe.mui,File005
xwtpw32.dll.mui,E:\Windows\WinSxS\wow64_microsoft-windows-x..lugin-mui.resources_31bf3856ad364e35_10.0.18362.1_en-us_328147b475eb99e1\xwtpw32.dll.mui,File024
dpnsvr.exe.mui,E:\Windows\WinSxS\x86_microsoft-windows-d..8-payload.resources_31bf3856ad364e35_10.0.18362.1_en-us_4bca367d6cf74be7\dpnsvr.exe.mui,File005
dpwsockx.dll.mui,E:\Windows\WinSxS\x86_microsoft-windows-d..4-payload.resources_31bf3856ad364e35_10.0.18362.1_en-us_555a90bd977f72e3\dpwsockx.dll.mui,File024
olecli32.dll.mui,E:\Windows\WinSxS\x86_microsoft-windows-c..legacyole.resources_31bf3856ad364e35_10.0.18362.1_en-us_23bf3974d941506a\olecli32.dll.mui,File027
authfwgp.dll.mui,E:\Windows\WinSxS\wow64_networking-mpssvc-admin.resources_31bf3856ad364e35_10.0.18362.1_en-us_1da235ca4862c87e\authfwgp.dll.mui,File160
CortanaMapiHelper.ProxyStub.dll,E:\Windows\WinSxS\x86_microsoft-windows-c..apihelper-proxystub_31bf3856ad364e35_10.0.18362.1_none_c23b67f4ba62306f\CortanaMapiHelper.ProxyStub.dll,File071
DismProv.dll.mui,E:\Windows\WinSxS\x86_microsoft-windows-d..ment-core.resources_31bf3856ad364e35_10.0.18362.1_en-us_883087e28616e2cf\DismProv.dll.mui,File005
portabledevicestatus.dll.mui,E:\Windows\WinSxS\wow64_microsoft-windows-wpd-status.resources_31bf3856ad364e35_10.0.18362.1_en-us_e52a2c5c732a7d1e\portabledevicestatus.dll.mui,File027
xwtpdui.dll.mui,E:\Windows\WinSxS\wow64_microsoft-windows-x..lugin-mui.resources_31bf3856ad364e35_10.0.18362.1_en-us_1297aba3519e1e42\xwtpdui.dll.mui,File027
el-GR_BitLockerToGo.exe.mui,E:\Windows\WinSxS\x86_microsoft-windows-s..-binaries.resources_31bf3856ad364e35_10.0.18362.1_el-gr_cb0ea18f2ccc343d\el-GR_BitLockerToGo.exe.mui,File001
wabmig.exe,E:\Windows\WinSxS\wow64_microsoft-windows-wab-app_31bf3856ad364e35_10.0.18362.1_none_1f5b77ce892bcf3d\wabmig.exe,File213
winver.exe.mui,E:\Windows\WinSxS\wow64_microsoft-windows-winver.resources_31bf3856ad364e35_10.0.18362.1_en-us_f7a1f2d939dc4799\winver.exe.mui,File005
msadcor.dll,E:\Windows\WinSxS\x86_microsoft-windows-m..rds-datacontrol-rll_31bf3856ad364e35_10.0.18362.1_none_3a574fb7faa1319f\msadcor.dll,File005
MMFUtil.dll.mui,E:\Windows\WinSxS\wow64_microsoft-windows-w..t-snapins.resources_31bf3856ad364e35_10.0.18362.1_en-us_b592dcedfa9ce6f8\MMFUtil.dll.mui,File160
RMActivate_ssp.exe.mui,E:\Windows\WinSxS\x86_microsoft-windows-s..serverbox.resources_31bf3856ad364e35_10.0.18362.1_en-us_13ba6e9c64c26fc3\RMActivate_ssp.exe.mui,File005
rdvgogl32.dll.mui,E:\Windows\WinSxS\x86_microsoft-windows-r..r-wow64-c.resources_31bf3856ad364e35_10.0.18362.1_en-us_eb905e523dcf1df5\rdvgogl32.dll.mui,File027
api-ms-win-shcore-stream-l1-1-0.dll,E:\Windows\WinSxS\x86_microsoft-windows-o..namespace-downlevel_31bf3856ad364e35_10.0.18362.1_none_b75bf74047070d4b\api-ms-win-shcore-stream-l1-1-0.dll,File071
WmiApRpl.dll.mui,E:\Windows\WinSxS\wow64_microsoft-windows-wmi-core-svc.resources_31bf3856ad364e35_10.0.18362.1_en-us_695a6267ddebd7e0\WmiApRpl.dll.mui,File024
wlanutil.dll.mui,E:\Windows\WinSxS\wow64_microsoft-windows-wlanutil.resources_31bf3856ad364e35_10.0.18362.1_en-us_40ad7f89626c3134\wlanutil.dll.mui,File005
wlgpclnt.dll.mui,E:\Windows\WinSxS\wow64_microsoft-windows-wlangpclient.resources_31bf3856ad364e35_10.0.18362.1_en-us_b3f518f7110493a4\wlgpclnt.dll.mui,File160
wship6.dll,E:\Windows\WinSxS\wow64_microsoft-windows-winsock-helper-tcpip_31bf3856ad364e35_10.0.18362.1_none_a865200fe320b635\wship6.dll,File042
wmpnssui.dll.mui,E:\Windows\WinSxS\wow64_microsoft-windows-wmpnssui.resources_31bf3856ad364e35_10.0.18362.1_en-us_199b153a71c9966c\wmpnssui.dll.mui,File024
wmcodecdspps.dll,E:\Windows\WinSxS\wow64_microsoft-windows-wmcodecdspps_31bf3856ad364e35_10.0.18362.1_none_c020a508a78744bb\wmcodecdspps.dll,File001
PlayToStatusProvider.dll.mui,E:\Windows\WinSxS\x86_microsoft-windows-p..sprovider.resources_31bf3856ad364e35_10.0.18362.1_en-us_bd9dc3985d63cfd7\PlayToStatusProvider.dll.mui,File005
WSHTCPIP.DLL,E:\Windows\WinSxS\wow64_microsoft-windows-winsock-helper-tcpip_31bf3856ad364e35_10.0.18362.1_none_a865200fe320b635\WSHTCPIP.DLL,File001
winrssrv.dll,E:\Windows\WinSxS\wow64_microsoft-windows-winrsplugins_31bf3856ad364e35_10.0.18362.1_none_f2e890b4e340808a\winrssrv.dll,File001
Windows.UI.Input.Inking.dll.mui,E:\Windows\WinSxS\wow64_microsoft-windows-w..putinking.resources_31bf3856ad364e35_10.0.18362.1_en-us_8a69c4d798050b0c\Windows.UI.Input.Inking.dll.mui,File024
wlanutil.dll,E:\Windows\WinSxS\wow64_microsoft-windows-wlanutil_31bf3856ad364e35_10.0.18362.1_none_17c9cd88bfa36f91\wlanutil.dll,File024
sqlxmlx.rll,E:\Windows\WinSxS\x86_microsoft-windows-m..ponents-mdac-sqlxml_31bf3856ad364e35_10.0.18362.1_none_8fb211c8325af51c\sqlxmlx.rll,File005
msdaremr.dll,E:\Windows\WinSxS\x86_microsoft-windows-m..remote-provider-rll_31bf3856ad364e35_10.0.18362.1_none_1e70de3d6443321c\msdaremr.dll,File005
WMPMediaSharing.dll.mui,E:\Windows\WinSxS\wow64_microsoft-windows-w..publicapi.resources_31bf3856ad364e35_10.0.18362.1_en-us_52883979c4e972e2\WMPMediaSharing.dll.mui,File024
winhlp32.exe,E:\Windows\WinSxS\wow64_microsoft-windows-winhstb_31bf3856ad364e35_10.0.18362.1_none_05b828a6bb0002ac\winhlp32.exe,File071
wbemcore.dll.mui,E:\Windows\WinSxS\wow64_microsoft-windows-w..mcore-dll.resources_31bf3856ad364e35_10.0.18362.1_en-us_b471f85ddb753f0f\wbemcore.dll.mui,File027
winhlp32.exe.mui,E:\Windows\WinSxS\wow64_microsoft-windows-winhstb.resources_31bf3856ad364e35_10.0.18362.1_en-us_af0cf1eddf77407f\winhlp32.exe.mui,File024
wbemcntl.dll,E:\Windows\WinSxS\wow64_microsoft-windows-wmi-management-snapins_31bf3856ad364e35_10.0.18362.1_none_7897f8066c8becdb\wbemcntl.dll,File155
msafd.dll,E:\Windows\WinSxS\wow64_microsoft-windows-winsock-legacy-afd_31bf3856ad364e35_10.0.18362.1_none_c8390daa658b895b\msafd.dll,File005
msdaorar.dll,E:\Windows\WinSxS\x86_microsoft-windows-m..oracle-provider-rll_31bf3856ad364e35_10.0.18362.1_none_0f973448541a956b\msdaorar.dll,File005
api-ms-win-core-url-l1-1-0.dll,E:\Windows\WinSxS\x86_microsoft-windows-m..namespace-downlevel_31bf3856ad364e35_10.0.18362.1_none_b1d1ec2d5a8d1113\api-ms-win-core-url-l1-1-0.dll,File101
api-ms-win-service-core-l1-1-0.dll,E:\Windows\WinSxS\x86_microsoft-windows-m..namespace-downlevel_31bf3856ad364e35_10.0.18362.1_none_3da3af2845f54b85\api-ms-win-service-core-l1-1-0.dll,File042
API-MS-Win-core-file-l2-1-1.dll,E:\Windows\WinSxS\x86_microsoft-windows-m..namespace-downlevel_31bf3856ad364e35_10.0.18362.1_none_b1d1ec2d5a8d1113\API-MS-Win-core-file-l2-1-1.dll,File001
api-ms-win-core-interlocked-l1-1-0.dll,E:\Windows\WinSxS\x86_microsoft-windows-m..namespace-downlevel_31bf3856ad364e35_10.0.18362.1_none_3da3af2845f54b85\api-ms-win-core-interlocked-l1-1-0.dll,File071
api-ms-win-core-xstate-l1-1-0.dll,E:\Windows\WinSxS\x86_microsoft-windows-m..namespace-downlevel_31bf3856ad364e35_10.0.18362.1_none_3da3af2845f54b85\api-ms-win-core-xstate-l1-1-0.dll,File062
API-MS-Win-core-file-l2-1-0.dll,E:\Windows\WinSxS\x86_microsoft-windows-m..namespace-downlevel_31bf3856ad364e35_10.0.18362.1_none_b1d1ec2d5a8d1113\API-MS-Win-core-file-l2-1-0.dll,File042
api-ms-win-crt-utility-l1-1-0.dll,E:\Windows\WinSxS\x86_microsoft-windows-m..namespace-downlevel_31bf3856ad364e35_10.0.18362.1_none_3da3af2845f54b85\api-ms-win-crt-utility-l1-1-0.dll,File071
api-ms-win-core-shutdown-l1-1-0.dll,E:\Windows\WinSxS\x86_microsoft-windows-m..namespace-downlevel_31bf3856ad364e35_10.0.18362.1_none_b1d1ec2d5a8d1113\api-ms-win-core-shutdown-l1-1-0.dll,File001
api-ms-win-core-processenvironment-l1-2-0.dll,E:\Windows\WinSxS\x86_microsoft-windows-m..namespace-downlevel_31bf3856ad364e35_10.0.18362.1_none_3da3af2845f54b85\api-ms-win-core-processenvironment-l1-2-0.dll,File042
api-ms-win-core-fibers-l1-1-1.dll,E:\Windows\WinSxS\x86_microsoft-windows-m..namespace-downlevel_31bf3856ad364e35_10.0.18362.1_none_3da3af2845f54b85\api-ms-win-core-fibers-l1-1-1.dll,File001
API-MS-Win-Core-Heap-Obsolete-L1-1-0.dll,E:\Windows\WinSxS\x86_microsoft-windows-m..namespace-downlevel_31bf3856ad364e35_10.0.18362.1_none_b1d1ec2d5a8d1113\API-MS-Win-Core-Heap-Obsolete-L1-1-0.dll,File062
api-ms-win-base-util-l1-1-0.dll,E:\Windows\WinSxS\x86_microsoft-windows-m..namespace-downlevel_31bf3856ad364e35_10.0.18362.1_none_b1d1ec2d5a8d1113\api-ms-win-base-util-l1-1-0.dll,File001
api-ms-win-service-management-l2-1-0.dll,E:\Windows\WinSxS\x86_microsoft-windows-m..namespace-downlevel_31bf3856ad364e35_10.0.18362.1_none_3da3af2845f54b85\api-ms-win-service-management-l2-1-0.dll,File062
api-ms-win-core-memory-l1-1-0.dll,E:\Windows\WinSxS\x86_microsoft-windows-m..namespace-downlevel_31bf3856ad364e35_10.0.18362.1_none_3da3af2845f54b85\api-ms-win-core-memory-l1-1-0.dll,File071
api-ms-win-crt-private-l1-1-0.dll,E:\Windows\WinSxS\x86_microsoft-windows-m..namespace-downlevel_31bf3856ad364e35_10.0.18362.1_none_3da3af2845f54b85\api-ms-win-crt-private-l1-1-0.dll,File213
api-ms-win-core-memory-l1-1-2.dll,E:\Windows\WinSxS\x86_microsoft-windows-m..namespace-downlevel_31bf3856ad364e35_10.0.18362.1_none_3da3af2845f54b85\api-ms-win-core-memory-l1-1-2.dll,File071
api-ms-win-core-stringansi-l1-1-0.dll,E:\Windows\WinSxS\x86_microsoft-windows-m..namespace-downlevel_31bf3856ad364e35_10.0.18362.1_none_b1d1ec2d5a8d1113\api-ms-win-core-stringansi-l1-1-0.dll,File062
wlandlg.dll.mui,E:\Windows\WinSxS\wow64_microsoft-windows-wlan-dialog.resources_31bf3856ad364e35_10.0.18362.1_en-us_5faa79f811a9f94d\wlandlg.dll.mui,File160
Windows.Gaming.Input.dll.mui,E:\Windows\WinSxS\wow64_windows-gaming-input-winrt.resources_31bf3856ad364e35_10.0.18362.1_en-us_e25552bb2eb4c1cc\Windows.Gaming.Input.dll.mui,File024
api-ms-win-crt-locale-l1-1-0.dll,E:\Windows\WinSxS\x86_microsoft-windows-m..namespace-downlevel_31bf3856ad364e35_10.0.18362.1_none_3da3af2845f54b85\api-ms-win-crt-locale-l1-1-0.dll,File071
API-MS-Win-Eventing-ClassicProvider-L1-1-0.dll,E:\Windows\WinSxS\x86_microsoft-windows-m..namespace-downlevel_31bf3856ad364e35_10.0.18362.1_none_b1d1ec2d5a8d1113\API-MS-Win-Eventing-ClassicProvider-L1-1-0.dll,File042
api-ms-win-service-management-l1-1-0.dll,E:\Windows\WinSxS\x86_microsoft-windows-m..namespace-downlevel_31bf3856ad364e35_10.0.18362.1_none_3da3af2845f54b85\api-ms-win-service-management-l1-1-0.dll,File062
API-MS-Win-Core-Kernel32-Private-L1-1-1.dll,E:\Windows\WinSxS\x86_microsoft-windows-m..namespace-downlevel_31bf3856ad364e35_10.0.18362.1_none_b1d1ec2d5a8d1113\API-MS-Win-Core-Kernel32-Private-L1-1-1.dll,File001
API-MS-Win-Eventing-Controller-L1-1-0.dll,E:\Windows\WinSxS\x86_microsoft-windows-m..namespace-downlevel_31bf3856ad364e35_10.0.18362.1_none_e78143cd9eb12740\API-MS-Win-Eventing-Controller-L1-1-0.dll,File042
api-ms-win-core-debug-l1-1-1.dll,E:\Windows\WinSxS\x86_microsoft-windows-m..namespace-downlevel_31bf3856ad364e35_10.0.18362.1_none_3da3af2845f54b85\api-ms-win-core-debug-l1-1-1.dll,File042
api-ms-win-core-wow64-l1-1-0.dll,E:\Windows\WinSxS\x86_microsoft-windows-m..namespace-downlevel_31bf3856ad364e35_10.0.18362.1_none_3da3af2845f54b85\api-ms-win-core-wow64-l1-1-0.dll,File062
API-MS-Win-security-provider-L1-1-0.dll,E:\Windows\WinSxS\x86_microsoft-windows-m..namespace-downlevel_31bf3856ad364e35_10.0.18362.1_none_b1d1ec2d5a8d1113\API-MS-Win-security-provider-L1-1-0.dll,File042
api-ms-win-core-namedpipe-l1-1-0.dll,E:\Windows\WinSxS\x86_microsoft-windows-m..namespace-downlevel_31bf3856ad364e35_10.0.18362.1_none_3da3af2845f54b85\api-ms-win-core-namedpipe-l1-1-0.dll,File042
api-ms-win-core-sysinfo-l1-2-0.dll,E:\Windows\WinSxS\x86_microsoft-windows-m..namespace-downlevel_31bf3856ad364e35_10.0.18362.1_none_3da3af2845f54b85\api-ms-win-core-sysinfo-l1-2-0.dll,File062
api-ms-win-core-synch-l1-2-0.dll,E:\Windows\WinSxS\x86_microsoft-windows-m..namespace-downlevel_31bf3856ad364e35_10.0.18362.1_none_3da3af2845f54b85\api-ms-win-core-synch-l1-2-0.dll,File071
api-ms-win-core-util-l1-1-0.dll,E:\Windows\WinSxS\x86_microsoft-windows-m..namespace-downlevel_31bf3856ad364e35_10.0.18362.1_none_3da3af2845f54b85\api-ms-win-core-util-l1-1-0.dll,File042
api-ms-win-core-delayload-l1-1-0.dll,E:\Windows\WinSxS\x86_microsoft-windows-m..namespace-downlevel_31bf3856ad364e35_10.0.18362.1_none_3da3af2845f54b85\api-ms-win-core-delayload-l1-1-0.dll,File001
API-MS-Win-Security-Lsalookup-L2-1-1.dll,E:\Windows\WinSxS\x86_microsoft-windows-m..namespace-downlevel_31bf3856ad364e35_10.0.18362.1_none_b1d1ec2d5a8d1113\API-MS-Win-Security-Lsalookup-L2-1-1.dll,File001
api-ms-win-core-privateprofile-l1-1-1.dll,E:\Windows\WinSxS\x86_microsoft-windows-m..namespace-downlevel_31bf3856ad364e35_10.0.18362.1_none_b1d1ec2d5a8d1113\api-ms-win-core-privateprofile-l1-1-1.dll,File042
api-ms-win-core-errorhandling-l1-1-0.dll,E:\Windows\WinSxS\x86_microsoft-windows-m..namespace-downlevel_31bf3856ad364e35_10.0.18362.1_none_3da3af2845f54b85\api-ms-win-core-errorhandling-l1-1-0.dll,File042
api-ms-win-service-core-l1-1-1.dll,E:\Windows\WinSxS\x86_microsoft-windows-m..namespace-downlevel_31bf3856ad364e35_10.0.18362.1_none_3da3af2845f54b85\api-ms-win-service-core-l1-1-1.dll,File042
api-ms-win-core-stringloader-l1-1-1.dll,E:\Windows\WinSxS\x86_microsoft-windows-m..namespace-downlevel_31bf3856ad364e35_10.0.18362.1_none_3da3af2845f54b85\api-ms-win-core-stringloader-l1-1-1.dll,File001
api-ms-win-core-privateprofile-l1-1-0.dll,E:\Windows\WinSxS\x86_microsoft-windows-m..namespace-downlevel_31bf3856ad364e35_10.0.18362.1_none_b1d1ec2d5a8d1113\api-ms-win-core-privateprofile-l1-1-0.dll,File071
api-ms-win-eventing-consumer-l1-1-0.dll,E:\Windows\WinSxS\x86_microsoft-windows-m..namespace-downlevel_31bf3856ad364e35_10.0.18362.1_none_e78143cd9eb12740\api-ms-win-eventing-consumer-l1-1-0.dll,File001
API-MS-Win-core-xstate-l2-1-0.dll,E:\Windows\WinSxS\x86_microsoft-windows-m..namespace-downlevel_31bf3856ad364e35_10.0.18362.1_none_b1d1ec2d5a8d1113\API-MS-Win-core-xstate-l2-1-0.dll,File062
api-ms-win-core-heap-l1-1-0.dll,E:\Windows\WinSxS\x86_microsoft-windows-m..namespace-downlevel_31bf3856ad364e35_10.0.18362.1_none_3da3af2845f54b85\api-ms-win-core-heap-l1-1-0.dll,File071
API-MS-Win-Security-Lsalookup-L2-1-0.dll,E:\Windows\WinSxS\x86_microsoft-windows-m..namespace-downlevel_31bf3856ad364e35_10.0.18362.1_none_b1d1ec2d5a8d1113\API-MS-Win-Security-Lsalookup-L2-1-0.dll,File042
api-ms-win-core-sysinfo-l1-2-1.dll,E:\Windows\WinSxS\x86_microsoft-windows-m..namespace-downlevel_31bf3856ad364e35_10.0.18362.1_none_3da3af2845f54b85\api-ms-win-core-sysinfo-l1-2-1.dll,File042
api-ms-win-core-string-l1-1-0.dll,E:\Windows\WinSxS\x86_microsoft-windows-m..namespace-downlevel_31bf3856ad364e35_10.0.18362.1_none_3da3af2845f54b85\api-ms-win-core-string-l1-1-0.dll,File042
API-MS-Win-Core-Kernel32-Private-L1-1-0.dll,E:\Windows\WinSxS\x86_microsoft-windows-m..namespace-downlevel_31bf3856ad364e35_10.0.18362.1_none_b1d1ec2d5a8d1113\API-MS-Win-Core-Kernel32-Private-L1-1-0.dll,File071
api-ms-win-core-profile-l1-1-0.dll,E:\Windows\WinSxS\x86_microsoft-windows-m..namespace-downlevel_31bf3856ad364e35_10.0.18362.1_none_3da3af2845f54b85\api-ms-win-core-profile-l1-1-0.dll,File001
api-ms-win-core-realtime-l1-1-0.dll,E:\Windows\WinSxS\x86_microsoft-windows-m..namespace-downlevel_31bf3856ad364e35_10.0.18362.1_none_3da3af2845f54b85\api-ms-win-core-realtime-l1-1-0.dll,File042
API-MS-Win-core-string-l2-1-0.dll,E:\Windows\WinSxS\x86_microsoft-windows-m..namespace-downlevel_31bf3856ad364e35_10.0.18362.1_none_b1d1ec2d5a8d1113\API-MS-Win-core-string-l2-1-0.dll,File042
api-ms-win-core-processthreads-l1-1-2.dll,E:\Windows\WinSxS\x86_microsoft-windows-m..namespace-downlevel_31bf3856ad364e35_10.0.18362.1_none_3da3af2845f54b85\api-ms-win-core-processthreads-l1-1-2.dll,File062
api-ms-win-core-processthreads-l1-1-1.dll,E:\Windows\WinSxS\x86_microsoft-windows-m..namespace-downlevel_31bf3856ad364e35_10.0.18362.1_none_3da3af2845f54b85\api-ms-win-core-processthreads-l1-1-1.dll,File071
api-ms-win-core-threadpool-private-l1-1-0.dll,E:\Windows\WinSxS\x86_microsoft-windows-m..namespace-downlevel_31bf3856ad364e35_10.0.18362.1_none_3da3af2845f54b85\api-ms-win-core-threadpool-private-l1-1-0.dll,File001
api-ms-win-core-fibers-l1-1-0.dll,E:\Windows\WinSxS\x86_microsoft-windows-m..namespace-downlevel_31bf3856ad364e35_10.0.18362.1_none_3da3af2845f54b85\api-ms-win-core-fibers-l1-1-0.dll,File042
api-ms-win-core-version-l1-1-0.dll,E:\Windows\WinSxS\x86_microsoft-windows-m..namespace-downlevel_31bf3856ad364e35_10.0.18362.1_none_b1d1ec2d5a8d1113\api-ms-win-core-version-l1-1-0.dll,File042
api-ms-win-service-private-l1-1-0.dll,E:\Windows\WinSxS\x86_microsoft-windows-m..namespace-downlevel_31bf3856ad364e35_10.0.18362.1_none_3da3af2845f54b85\api-ms-win-service-private-l1-1-0.dll,File071
api-ms-win-core-io-l1-1-0.dll,E:\Windows\WinSxS\x86_microsoft-windows-m..namespace-downlevel_31bf3856ad364e35_10.0.18362.1_none_3da3af2845f54b85\api-ms-win-core-io-l1-1-0.dll,File042
api-ms-win-core-memory-l1-1-1.dll,E:\Windows\WinSxS\x86_microsoft-windows-m..namespace-downlevel_31bf3856ad364e35_10.0.18362.1_none_3da3af2845f54b85\api-ms-win-core-memory-l1-1-1.dll,File071
api-ms-win-core-file-l1-2-1.dll,E:\Windows\WinSxS\x86_microsoft-windows-m..namespace-downlevel_31bf3856ad364e35_10.0.18362.1_none_3da3af2845f54b85\api-ms-win-core-file-l1-2-1.dll,File042
api-ms-win-core-libraryloader-l1-1-1.dll,E:\Windows\WinSxS\x86_microsoft-windows-m..namespace-downlevel_31bf3856ad364e35_10.0.18362.1_none_3da3af2845f54b85\api-ms-win-core-libraryloader-l1-1-1.dll,File042
api-ms-win-core-localization-l1-2-1.dll,E:\Windows\WinSxS\x86_microsoft-windows-m..namespace-downlevel_31bf3856ad364e35_10.0.18362.1_none_3da3af2845f54b85\api-ms-win-core-localization-l1-2-1.dll,File001
api-ms-win-security-cryptoapi-l1-1-0.dll,E:\Windows\WinSxS\x86_microsoft-windows-m..namespace-downlevel_31bf3856ad364e35_10.0.18362.1_none_e78143cd9eb12740\api-ms-win-security-cryptoapi-l1-1-0.dll,File101
iprop.dll,E:\Windows\WinSxS\x86_microsoft-windows-com-legacyole_31bf3856ad364e35_10.0.18362.1_none_b55a797f972135dd\iprop.dll,File005
api-ms-win-core-processtopology-obsolete-l1-1-0.dll,E:\Windows\WinSxS\x86_microsoft-windows-m..namespace-downlevel_31bf3856ad364e35_10.0.18362.1_none_b1d1ec2d5a8d1113\api-ms-win-core-processtopology-obsolete-l1-1-0.dll,File062
Startupscan.dll.mui,E:\Windows\WinSxS\wow64_startupapp-task-data.resources_31bf3856ad364e35_10.0.18362.1_en-us_ecef66e1b65d43a0\Startupscan.dll.mui,File024
api-ms-win-core-errorhandling-l1-1-1.dll,E:\Windows\WinSxS\x86_microsoft-windows-m..namespace-downlevel_31bf3856ad364e35_10.0.18362.1_none_3da3af2845f54b85\api-ms-win-core-errorhandling-l1-1-1.dll,File042
api-ms-win-core-registry-l2-1-0.dll,E:\Windows\WinSxS\x86_microsoft-windows-m..namespace-downlevel_31bf3856ad364e35_10.0.18362.1_none_b1d1ec2d5a8d1113\api-ms-win-core-registry-l2-1-0.dll,File101
EppManifest.dll.mui,E:\Windows\WinSxS\wow64_windows-defender-branding.resources_31bf3856ad364e35_10.0.18362.1_en-us_92ff5f52baf82c62\EppManifest.dll.mui,File005
api-ms-win-core-timezone-l1-1-0.dll,E:\Windows\WinSxS\x86_microsoft-windows-m..namespace-downlevel_31bf3856ad364e35_10.0.18362.1_none_3da3af2845f54b85\api-ms-win-core-timezone-l1-1-0.dll,File071
api-ms-win-security-sddl-l1-1-0.dll,E:\Windows\WinSxS\x86_microsoft-windows-m..namespace-downlevel_31bf3856ad364e35_10.0.18362.1_none_e78143cd9eb12740\api-ms-win-security-sddl-l1-1-0.dll,File042
api-ms-win-core-handle-l1-1-0.dll,E:\Windows\WinSxS\x86_microsoft-windows-m..namespace-downlevel_31bf3856ad364e35_10.0.18362.1_none_3da3af2845f54b85\api-ms-win-core-handle-l1-1-0.dll,File042
api-ms-win-core-threadpool-legacy-l1-1-0.dll,E:\Windows\WinSxS\x86_microsoft-windows-m..namespace-downlevel_31bf3856ad364e35_10.0.18362.1_none_3da3af2845f54b85\api-ms-win-core-threadpool-legacy-l1-1-0.dll,File042
API-MS-Win-Eventing-Legacy-L1-1-0.dll,E:\Windows\WinSxS\x86_microsoft-windows-m..namespace-downlevel_31bf3856ad364e35_10.0.18362.1_none_b1d1ec2d5a8d1113\API-MS-Win-Eventing-Legacy-L1-1-0.dll,File062
API-MS-Win-Eventing-Provider-L1-1-0.dll,E:\Windows\WinSxS\x86_microsoft-windows-m..namespace-downlevel_31bf3856ad364e35_10.0.18362.1_none_b1d1ec2d5a8d1113\API-MS-Win-Eventing-Provider-L1-1-0.dll,File042
api-ms-win-core-rtlsupport-l1-1-0.dll,E:\Windows\WinSxS\x86_microsoft-windows-m..namespace-downlevel_31bf3856ad364e35_10.0.18362.1_none_3da3af2845f54b85\api-ms-win-core-rtlsupport-l1-1-0.dll,File042
API-MS-Win-core-localization-obsolete-l1-2-0.dll,E:\Windows\WinSxS\x86_microsoft-windows-m..namespace-downlevel_31bf3856ad364e35_10.0.18362.1_none_3da3af2845f54b85\API-MS-Win-core-localization-obsolete-l1-2-0.dll,File062
api-ms-win-core-registry-l1-1-0.dll,E:\Windows\WinSxS\x86_microsoft-windows-m..namespace-downlevel_31bf3856ad364e35_10.0.18362.1_none_3da3af2845f54b85\api-ms-win-core-registry-l1-1-0.dll,File101
poqexec.exe.mui,E:\Windows\WinSxS\x86_microsoft-windows-s..cingstack.resources_31bf3856ad364e35_10.0.18362.1_en-us_02f88f39599e2403\poqexec.exe.mui,File024
API-MS-Win-core-string-obsolete-l1-1-0.dll,E:\Windows\WinSxS\x86_microsoft-windows-m..namespace-downlevel_31bf3856ad364e35_10.0.18362.1_none_b1d1ec2d5a8d1113\API-MS-Win-core-string-obsolete-l1-1-0.dll,File062
api-ms-win-core-debug-l1-1-0.dll,E:\Windows\WinSxS\x86_microsoft-windows-m..namespace-downlevel_31bf3856ad364e35_10.0.18362.1_none_3da3af2845f54b85\api-ms-win-core-debug-l1-1-0.dll,File042
api-ms-win-core-datetime-l1-1-1.dll,E:\Windows\WinSxS\x86_microsoft-windows-m..namespace-downlevel_31bf3856ad364e35_10.0.18362.1_none_3da3af2845f54b85\api-ms-win-core-datetime-l1-1-1.dll,File001
api-ms-win-core-kernel32-legacy-l1-1-1.dll,E:\Windows\WinSxS\x86_microsoft-windows-m..namespace-downlevel_31bf3856ad364e35_10.0.18362.1_none_b1d1ec2d5a8d1113\api-ms-win-core-kernel32-legacy-l1-1-1.dll,File071
API-MS-Win-EventLog-Legacy-L1-1-0.dll,E:\Windows\WinSxS\x86_microsoft-windows-m..namespace-downlevel_31bf3856ad364e35_10.0.18362.1_none_b1d1ec2d5a8d1113\API-MS-Win-EventLog-Legacy-L1-1-0.dll,File062
api-ms-win-core-datetime-l1-1-0.dll,E:\Windows\WinSxS\x86_microsoft-windows-m..namespace-downlevel_31bf3856ad364e35_10.0.18362.1_none_3da3af2845f54b85\api-ms-win-core-datetime-l1-1-0.dll,File042
api-ms-win-crt-environment-l1-1-0.dll,E:\Windows\WinSxS\x86_microsoft-windows-m..namespace-downlevel_31bf3856ad364e35_10.0.18362.1_none_3da3af2845f54b85\api-ms-win-crt-environment-l1-1-0.dll,File071
ws2help.dll,E:\Windows\WinSxS\wow64_microsoft-windows-w..nfrastructure-other_31bf3856ad364e35_10.0.18362.1_none_e1371cbba8f42c44\ws2help.dll,File160
wlanext.exe.mui,E:\Windows\WinSxS\wow64_microsoft-windows-w..extension.resources_31bf3856ad364e35_10.0.18362.1_en-us_1b268be931ca51b2\wlanext.exe.mui,File005
msxactps.dll,E:\Windows\WinSxS\x86_microsoft-windows-m..ace-remoting-xactps_31bf3856ad364e35_10.0.18362.1_none_f75034e3d32f8bc3\msxactps.dll,File071
WalletBackgroundServiceProxy.dll,E:\Windows\WinSxS\wow64_microsoft-windows-w..ice.backgroundproxy_31bf3856ad364e35_10.0.18362.1_none_20d7da16fddeac7a\WalletBackgroundServiceProxy.dll,File001
mshwLatin.dll.mui,E:\Windows\WinSxS\x86_microsoft-windows-t..cognition.resources_31bf3856ad364e35_10.0.18362.1_en-us_541d9e1beb13f83f\mshwLatin.dll.mui,File024
WSManMigrationPlugin.dll,E:\Windows\WinSxS\wow64_microsoft-windows-w..for-management-core_31bf3856ad364e35_10.0.18362.1_none_a7178fad5ea0fd30\WSManMigrationPlugin.dll,File213
mscpx32r.dLL,E:\Windows\WinSxS\x86_microsoft-windows-m..-mdac-odbc-cpxl-rll_31bf3856ad364e35_10.0.18362.1_none_3fa1a45f881cce7c\mscpx32r.dLL,File005
WWAApi.dll.mui,E:\Windows\WinSxS\wow64_microsoft-windows-w..-host-api.resources_31bf3856ad364e35_10.0.18362.1_en-us_a2d02c3b0a701394\WWAApi.dll.mui,File027
mscpxl32.dll.mui,E:\Windows\WinSxS\x86_microsoft-windows-m..-cpxl-dll.resources_31bf3856ad364e35_10.0.18362.1_en-us_0fcd0340d9bc7edf\mscpxl32.dll.mui,File160
msorc32r.dll,E:\Windows\WinSxS\x86_microsoft-windows-m..c-oracle-driver-rll_31bf3856ad364e35_10.0.18362.1_none_deb6af23083fa77e\msorc32r.dll,File005
msaddsr.dll,E:\Windows\WinSxS\x86_microsoft-windows-m..-mdac-rds-shape-rll_31bf3856ad364e35_10.0.18362.1_none_4c83a7fa7dfbd00f\msaddsr.dll,File005
wmiprop.dll.mui,E:\Windows\WinSxS\wow64_microsoft-windows-w..eprovider.resources_31bf3856ad364e35_10.0.18362.1_en-us_400007f6c24ce495\wmiprop.dll.mui,File027
wsmplpxy.dll,E:\Windows\WinSxS\wow64_microsoft-windows-w..for-management-core_31bf3856ad364e35_10.0.18362.1_none_a7178fad5ea0fd30\wsmplpxy.dll,File071
ir32_32original.dll.mui,E:\Windows\WinSxS\x86_microsoft-windows-v..re-codecs.resources_31bf3856ad364e35_10.0.18362.1_en-us_cda310b59d5fb245\ir32_32original.dll.mui,File027
wmlaunch.exe.mui,E:\Windows\WinSxS\x86_microsoft-windows-m..-autoplay.resources_31bf3856ad364e35_10.0.18362.1_en-us_e96c669970abba22\wmlaunch.exe.mui,File005
iccvid.dll.mui,E:\Windows\WinSxS\x86_microsoft-windows-v..re-codecs.resources_31bf3856ad364e35_10.0.18362.1_en-us_cda310b59d5fb245\iccvid.dll.mui,File027
mswstr10.dll.mui,E:\Windows\WinSxS\x86_microsoft-windows-m..etintlerr.resources_31bf3856ad364e35_10.0.18362.1_en-us_0b34b3ca6edbff40\mswstr10.dll.mui,File024
api-ms-win-core-file-l1-2-0.dll,E:\Windows\WinSxS\x86_microsoft-windows-m..namespace-downlevel_31bf3856ad364e35_10.0.18362.1_none_3da3af2845f54b85\api-ms-win-core-file-l1-2-0.dll,File042
api-ms-win-core-comm-l1-1-0.dll,E:\Windows\WinSxS\x86_microsoft-windows-m..namespace-downlevel_31bf3856ad364e35_10.0.18362.1_none_3da3af2845f54b85\api-ms-win-core-comm-l1-1-0.dll,File071
api-ms-win-core-console-l1-1-0.dll,E:\Windows\WinSxS\x86_microsoft-windows-m..namespace-downlevel_31bf3856ad364e35_10.0.18362.1_none_3da3af2845f54b85\api-ms-win-core-console-l1-1-0.dll,File071
api-ms-win-core-io-l1-1-1.dll,E:\Windows\WinSxS\x86_microsoft-windows-m..namespace-downlevel_31bf3856ad364e35_10.0.18362.1_none_3da3af2845f54b85\api-ms-win-core-io-l1-1-1.dll,File042
msfeedsbs.dll.mui,E:\Windows\WinSxS\x86_microsoft-windows-ie-feedsbs.resources_31bf3856ad364e35_11.0.18362.1_en-us_f2aa3dec07eb3859\msfeedsbs.dll.mui,File005
msvidc32.dll.mui,E:\Windows\WinSxS\wow64_microsoft-windows-v..r-windows.resources_31bf3856ad364e35_10.0.18362.1_en-us_f61209eba65a7f47\msvidc32.dll.mui,File027
IEShims.dll,E:\Windows\WinSxS\x86_microsoft-windows-ie-ieshims_31bf3856ad364e35_11.0.18362.329_none_85184a729cd62205\IEShims.dll,File148
licmgr10.dll.mui,E:\Windows\WinSxS\x86_microsoft-windows-ie-controls.resources_31bf3856ad364e35_11.0.18362.1_en-us_58196735e7980f2d\licmgr10.dll.mui,File160
GenericProvider.dll.mui,E:\Windows\WinSxS\x86_microsoft-windows-d..providers.resources_31bf3856ad364e35_10.0.18362.1_en-us_e74196a42d66c5d4\GenericProvider.dll.mui,File024
hmmapi.dll.mui,E:\Windows\WinSxS\x86_microsoft-windows-i..otmailapi.resources_31bf3856ad364e35_10.0.18362.1_en-us_1b7d06100da4f8ec\hmmapi.dll.mui,File005
F12Platform.dll.mui,E:\Windows\WinSxS\x86_microsoft-windows-i..2platform.resources_31bf3856ad364e35_11.0.18362.1_en-us_5ec5681afde8205b\F12Platform.dll.mui,File005
IEChooser.exe.mui,E:\Windows\WinSxS\x86_microsoft-windows-ie-iechooser.resources_31bf3856ad364e35_11.0.18362.1_en-us_65e191f953991d5c\IEChooser.exe.mui,File027
avifil32.dll.mui,E:\Windows\WinSxS\wow64_microsoft-windows-v..r-windows.resources_31bf3856ad364e35_10.0.18362.1_en-us_f61209eba65a7f47\avifil32.dll.mui,File160
ir50_32original.dll.mui,E:\Windows\WinSxS\x86_microsoft-windows-i..o5-codecs.resources_31bf3856ad364e35_10.0.18362.1_en-us_75922ea5e7194337\ir50_32original.dll.mui,File071
ImagingDevices.exe.mui,E:\Windows\WinSxS\x86_microsoft-windows-i..trolpanel.resources_31bf3856ad364e35_10.0.18362.1_en-us_4d73d6a596fff307\ImagingDevices.exe.mui,File024
XInput9_1_0.dll.mui,E:\Windows\WinSxS\x86_microsoft-windows-d..tx-xinput.resources_31bf3856ad364e35_10.0.18362.1_en-us_788c028c42cfede9\XInput9_1_0.dll.mui,File005
ieinstal.exe.mui,E:\Windows\WinSxS\x86_microsoft-windows-ieinstal.resources_31bf3856ad364e35_11.0.18362.1_en-us_002cd9863a9f569d\ieinstal.exe.mui,File005
OSProvider.dll.mui,E:\Windows\WinSxS\x86_microsoft-windows-d..providers.resources_31bf3856ad364e35_10.0.18362.1_en-us_e74196a42d66c5d4\OSProvider.dll.mui,File024
UXInit.dll,E:\Windows\WinSxS\wow64_microsoft-windows-uxinit_31bf3856ad364e35_10.0.18362.1_none_3a080aeb9dcbcf5c\UXInit.dll,File213
OfflineSetupProvider.dll.mui,E:\Windows\WinSxS\x86_microsoft-windows-d..providers.resources_31bf3856ad364e35_10.0.18362.1_en-us_e74196a42d66c5d4\OfflineSetupProvider.dll.mui,File005
F12Platform2.dll.mui,E:\Windows\WinSxS\x86_microsoft-windows-i..platform2.resources_31bf3856ad364e35_11.0.18362.1_en-us_c48bc30c3afd51f9\F12Platform2.dll.mui,File005
inseng.dll.mui,E:\Windows\WinSxS\x86_microsoft-windows-ie-setup.resources_31bf3856ad364e35_11.0.18362.1_en-us_fb5dfa9500180054\inseng.dll.mui,File027
SmiProvider.dll.mui,E:\Windows\WinSxS\x86_microsoft-windows-d..providers.resources_31bf3856ad364e35_10.0.18362.1_en-us_e74196a42d66c5d4\SmiProvider.dll.mui,File005
srmtrace.dll,E:\Windows\WinSxS\x86_microsoft-windows-fsrm-common_31bf3856ad364e35_10.0.18362.1_none_3fed801f25aae892\srmtrace.dll,File213
verclsid.exe,E:\Windows\WinSxS\wow64_microsoft-windows-verclsid_31bf3856ad364e35_10.0.18362.1_none_9898eb83c50d7cfb\verclsid.exe,File071
mshta.exe.mui,E:\Windows\WinSxS\x86_microsoft-windows-i..plication.resources_31bf3856ad364e35_11.0.18362.1_en-us_ff8dbc0a3f41ac5e\mshta.exe.mui,File005
comctl32.dll.mui,E:\Windows\WinSxS\x86_microsoft.windows.c..-controls.resources_6595b64144ccf1df_6.0.18362.356_da-dk_9e60c404637d2260\comctl32.dll.mui,File071
comctl32.dll.mui,E:\Windows\WinSxS\x86_microsoft.windows.c..-controls.resources_6595b64144ccf1df_6.0.18362.356_pl-pl_43c57b19c25bec7a\comctl32.dll.mui,File101
comctl32.dll.mui,E:\Windows\WinSxS\x86_microsoft.windows.c..-controls.resources_6595b64144ccf1df_6.0.18362.356_it-it_d127f8631e5c7044\comctl32.dll.mui,File101
comctl32.dll.mui,E:\Windows\WinSxS\x86_microsoft.windows.c..-controls.resources_6595b64144ccf1df_6.0.18362.356_th-th_cea353158da44602\comctl32.dll.mui,File071
comctl32.dll.mui,E:\Windows\WinSxS\x86_microsoft.windows.c..-controls.resources_6595b64144ccf1df_6.0.18362.356_es-es_44488c1d54587464\comctl32.dll.mui,File101
comctl32.dll.mui,E:\Windows\WinSxS\x86_microsoft.windows.c..-controls.resources_6595b64144ccf1df_6.0.18362.356_pt-pt_46fb3529c054f03a\comctl32.dll.mui,File101
comctl32.dll.mui,E:\Windows\WinSxS\x86_microsoft.windows.c..-controls.resources_6595b64144ccf1df_6.0.18362.356_lt-lt_ba828025f61014d2\comctl32.dll.mui,File101
sxsoaps.dll,E:\Windows\WinSxS\x86_microsoft.windows.i..utomation.proxystub_6595b64144ccf1df_1.0.18362.356_none_8974e707b4dec70e\sxsoaps.dll,File071
comctl32.dll.mui,E:\Windows\WinSxS\x86_microsoft.windows.c..-controls.resources_6595b64144ccf1df_6.0.18362.356_nl-nl_fd892097dd397ec6\comctl32.dll.mui,File101
comctl32.dll.mui,E:\Windows\WinSxS\x86_microsoft.windows.c..-controls.resources_6595b64144ccf1df_6.0.18362.356_en-us_447d2f39543182bf\comctl32.dll.mui,File071
comctl32.dll.mui,E:\Windows\WinSxS\x86_microsoft.windows.c..-controls.resources_6595b64144ccf1df_6.0.18362.356_he-il_2b1fa9be2d998bb4\comctl32.dll.mui,File042
comctl32.dll.mui,E:\Windows\WinSxS\x86_microsoft.windows.c..-controls.resources_6595b64144ccf1df_6.0.18362.356_ja-jp_734d77701177821f\comctl32.dll.mui,File001
comctl32.dll.mui,E:\Windows\WinSxS\x86_microsoft.windows.c..-controls.resources_6595b64144ccf1df_6.0.18362.356_sr-..-rs_d1fbd5970ffc2aa4\comctl32.dll.mui,File101
comctl32.dll.mui,E:\Windows\WinSxS\x86_microsoft.windows.c..-controls.resources_6595b64144ccf1df_6.0.18362.356_fr-fr_e700021c472a8ac6\comctl32.dll.mui,File101
comctl32.dll.mui,E:\Windows\WinSxS\x86_microsoft.windows.c..-controls.resources_6595b64144ccf1df_6.0.18362.356_ar-sa_afdd8bb98f2ef8df\comctl32.dll.mui,File071
comctl32.dll.mui,E:\Windows\WinSxS\x86_microsoft.windows.c..-controls.resources_6595b64144ccf1df_6.0.18362.356_ro-ro_8b35fb61a6bbbb96\comctl32.dll.mui,File101
comctl32.dll.mui,E:\Windows\WinSxS\x86_microsoft.windows.c..-controls.resources_6595b64144ccf1df_6.0.18362.356_bg-bg_561d6d427faf4a36\comctl32.dll.mui,File101
comctl32.dll.mui,E:\Windows\WinSxS\x86_microsoft.windows.c..-controls.resources_6595b64144ccf1df_6.0.18362.356_pt-br_461965bdc0e5805e\comctl32.dll.mui,File101
comctl32.dll.mui,E:\Windows\WinSxS\x86_microsoft.windows.c..-controls.resources_6595b64144ccf1df_6.0.18362.356_es-mx_467f79c352ec580f\comctl32.dll.mui,File101
comctl32.dll.mui,E:\Windows\WinSxS\x86_microsoft.windows.c..-controls.resources_6595b64144ccf1df_6.0.18362.356_fr-ca_df764c664c02f0ec\comctl32.dll.mui,File101
mscoree.dll,E:\Windows\WinSxS\x86_netfx-mscoree_dll_31bf3856ad364e35_10.0.18362.1_none_2b9ed09d1b04a5ae\mscoree.dll,File148
comctl32.dll.mui,E:\Windows\WinSxS\x86_microsoft.windows.c..-controls.resources_6595b64144ccf1df_6.0.18362.356_en-gb_3cf4741b5908cefa\comctl32.dll.mui,File071
PenIMC.dll,E:\Windows\WinSxS\x86_netfx4-penimc_b03f5f7f11d50a3a_4.0.15788.202_none_737b503b0c060e67\PenIMC.dll,File173
bootres.dll.mui,F:\EFI\Microsoft\Boot\Resources\en-US\bootres.dll.mui,File101
